season,season_label,competition_id,league_name,club_id,club_name,spending_eur,income_eur,net_spending_eur,spending_million_eur,income_million_eur,net_spending_million_eur,incoming_transfer_count,incoming_known_fee_count,incoming_unknown_fee_count,matches_played,wins,draws,losses,goals_for,goals_against,goal_difference,points,points_per_game,win_rate,final_position,squad_market_value_eur,squad_market_value_million_eur,valued_player_count,spending_rank,performance_rank,spending_percentile,performance_percentile,performance_residual,rank_difference,performance_category
2016,2016/17,IT1,Serie A,800,Atalanta BC,1040000.0,29500000.0,-28460000.0,1.04,29.5,-28.46,13,12,1,38,21,9,8,62,41,21,72,1.8947,0.5526,4,74375000,74.375,88,87.0,17.0,0.12244897959183673,0.8316326530612245,0.7091836734693877,70.0,Over-performing
2016,2016/17,ES1,La Liga,621,Athletic Bilbao,0.0,0.0,0.0,0.0,0.0,0.0,9,4,5,38,19,6,13,53,43,10,63,1.6579,0.5,7,137300000,137.3,35,93.0,26.0,0.03571428571428571,0.7397959183673469,0.7040816326530612,67.0,Over-performing
2016,2016/17,FR1,Ligue 1,417,OGC Nice,5000000.0,15800000.0,-10800000.0,5.0,15.8,-10.8,9,8,1,38,22,12,4,63,36,27,78,2.0526,0.5789,3,44500000,44.5,24,70.0,11.0,0.29081632653061223,0.8877551020408163,0.596938775510204,59.0,Over-performing
2016,2016/17,FR1,Ligue 1,618,AS Saint-Étienne,0.0,0.0,0.0,0.0,0.0,0.0,8,5,3,38,12,14,12,41,42,-1,50,1.3158,0.3158,8,72450000,72.45,21,93.0,43.0,0.03571428571428571,0.5612244897959183,0.5255102040816326,50.0,Over-performing
2016,2016/17,FR1,Ligue 1,855,EA Guingamp,0.0,2500000.0,-2500000.0,0.0,2.5,-2.5,4,1,3,38,14,8,16,46,53,-7,50,1.3158,0.3684,10,22800000,22.8,27,93.0,43.0,0.03571428571428571,0.5612244897959183,0.5255102040816326,50.0,Over-performing
2016,2016/17,ES1,La Liga,1533,SD Eibar,3200000.0,0.0,3200000.0,3.2,0.0,3.2,7,7,0,38,15,9,14,56,51,5,54,1.4211,0.3947,10,63550000,63.55,48,80.0,37.0,0.19387755102040816,0.6326530612244898,0.4387755102040817,43.0,Over-performing
2016,2016/17,L1,Bundesliga,3,1.FC Köln,3800000.0,17200000.0,-13400000.0,3.8,17.2,-13.4,3,1,2,34,12,13,9,51,42,9,49,1.4412,0.3529,5,76750000,76.75,34,78.0,35.0,0.21428571428571427,0.6479591836734694,0.4336734693877551,43.0,Over-performing
2016,2016/17,L1,Bundesliga,44,Hertha BSC,4200000.0,3000000.0,1200000.0,4.2,3.0,1.2,3,2,1,34,15,4,15,43,47,-4,49,1.4412,0.4412,6,100425000,100.425,39,76.0,35.0,0.22959183673469388,0.6479591836734694,0.41836734693877553,41.0,Over-performing
2016,2016/17,L1,Bundesliga,24,Eintracht Frankfurt,1000000.0,4800000.0,-3800000.0,1.0,4.8,-3.8,6,5,1,34,11,9,14,36,43,-7,42,1.2353,0.3235,11,79450000,79.45,49,88.0,49.0,0.11224489795918367,0.5102040816326531,0.3979591836734694,39.0,Over-performing
2016,2016/17,FR1,Ligue 1,273,Stade Rennais FC,2000000.0,45200000.0,-43200000.0,2.0,45.2,-43.2,2,2,0,38,12,14,12,36,42,-6,50,1.3158,0.3158,9,55225000,55.225,31,83.0,43.0,0.16326530612244897,0.5612244897959183,0.3979591836734694,40.0,Over-performing
2016,2016/17,FR1,Ligue 1,40,FC Girondins Bordeaux,5000000.0,0.0,5000000.0,5.0,0.0,5.0,7,6,1,38,15,14,9,53,43,10,59,1.5526,0.3947,6,76725000,76.725,31,70.0,32.0,0.29081632653061223,0.6836734693877551,0.39285714285714285,38.0,Over-performing
2016,2016/17,ES1,La Liga,1108,Deportivo Alavés,5180000.0,0.0,5180000.0,5.18,0.0,5.18,7,7,0,38,14,13,11,41,43,-2,55,1.4474,0.3684,9,29900000,29.9,22,68.0,34.0,0.3112244897959184,0.6632653061224489,0.35204081632653056,34.0,Over-performing
2016,2016/17,FR1,Ligue 1,995,FC Nantes,4400000.0,1445000.0,2955000.0,4.4,1.445,2.955,7,5,2,38,14,9,15,40,54,-14,51,1.3421,0.3684,7,46975000,46.975,34,74.0,40.0,0.25510204081632654,0.6020408163265306,0.3469387755102041,34.0,Over-performing
2016,2016/17,IT1,Serie A,430,ACF Fiorentina,7400000.0,24550000.0,-17150000.0,7.4,24.55,-17.15,13,11,2,38,16,12,10,63,57,6,60,1.5789,0.4211,8,122475000,122.475,47,61.0,31.0,0.3826530612244898,0.6938775510204082,0.3112244897959184,30.0,Over-performing
2016,2016/17,FR1,Ligue 1,347,FC Metz,0.0,0.0,0.0,0.0,0.0,0.0,7,4,3,38,11,10,17,39,72,-33,43,1.1316,0.2895,14,43375000,43.375,45,93.0,65.0,0.03571428571428571,0.34183673469387754,0.30612244897959184,28.0,Over-performing
2016,2016/17,FR1,Ligue 1,1420,Angers SCO,2400000.0,4000000.0,-1600000.0,2.4,4.0,-1.6,7,6,1,38,13,7,18,40,49,-9,46,1.2105,0.3421,12,45200000,45.2,42,82.0,50.0,0.17346938775510204,0.46938775510204084,0.29591836734693877,32.0,Over-performing
2016,2016/17,ES1,La Liga,418,Real Madrid,30000000.0,2500000.0,27500000.0,30.0,2.5,27.5,9,5,4,38,29,6,3,106,41,65,93,2.4474,0.7632,1,789500000,789.5,26,31.0,2.0,0.6938775510204082,0.9846938775510204,0.2908163265306123,29.0,Over-performing
2016,2016/17,IT1,Serie A,1390,Cagliari Calcio,4500000.0,0.0,4500000.0,4.5,0.0,4.5,11,11,0,38,14,5,19,55,76,-21,47,1.2368,0.3684,11,136600000,136.6,66,73.0,48.0,0.2653061224489796,0.5204081632653061,0.25510204081632654,25.0,Over-performing
2016,2016/17,FR1,Ligue 1,162,AS Monaco,42000000.0,11500000.0,30500000.0,42.0,11.5,30.5,11,9,2,38,30,5,3,107,31,76,95,2.5,0.7895,1,186900000,186.9,27,25.0,1.0,0.7551020408163265,1.0,0.24489795918367352,24.0,Over-performing
2016,2016/17,ES1,La Liga,714,RCD Espanyol Barcelona,11000000.0,0.0,11000000.0,11.0,0.0,11.0,9,6,3,38,15,11,12,49,50,-1,56,1.4737,0.3947,8,68850000,68.85,51,56.0,33.0,0.4387755102040816,0.673469387755102,0.2346938775510204,23.0,Over-performing
2016,2016/17,FR1,Ligue 1,1162,SM Caen,0.0,11000000.0,-11000000.0,0.0,11.0,-11.0,3,3,0,38,10,7,21,36,65,-29,37,0.9737,0.2632,17,36750000,36.75,29,93.0,79.0,0.03571428571428571,0.1989795918367347,0.163265306122449,14.0,Over-performing
2016,2016/17,ES1,La Liga,1050,Villarreal CF,20200000.0,41250000.0,-21050000.0,20.2,41.25,-21.05,13,9,4,38,19,10,9,56,33,23,67,1.7632,0.5,5,141550000,141.55,32,39.0,23.0,0.6122448979591837,0.7755102040816326,0.16326530612244894,16.0,Over-performing
2016,2016/17,IT1,Serie A,398,Società Sportiva Lazio S.p.A.,22800000.0,22000000.0,800000.0,22.8,22.0,0.8,10,10,0,38,21,7,10,74,51,23,70,1.8421,0.5526,5,162750000,162.75,65,36.0,20.0,0.6428571428571429,0.8061224489795918,0.16326530612244894,16.0,Over-performing
2016,2016/17,L1,Bundesliga,86,SV Werder Bremen,10500000.0,12500000.0,-2000000.0,10.5,12.5,-2.0,9,8,1,34,13,6,15,61,64,-3,45,1.3235,0.3824,8,51825000,51.825,43,57.0,41.0,0.42857142857142855,0.5867346938775511,0.1581632653061225,16.0,Over-performing
2016,2016/17,FR1,Ligue 1,583,Paris Saint-Germain,46000000.0,24800000.0,21200000.0,46.0,24.8,21.2,11,9,2,38,27,6,5,83,27,56,87,2.2895,0.7105,2,330400000,330.4,27,23.0,7.0,0.7755102040816326,0.9336734693877551,0.15816326530612246,16.0,Over-performing
2016,2016/17,ES1,La Liga,13,Atlético de Madrid,39800000.0,10000000.0,29800000.0,39.8,10.0,29.8,16,14,2,38,23,9,6,70,27,43,78,2.0526,0.6053,3,424925000,424.925,36,27.0,11.0,0.7346938775510204,0.8877551020408163,0.15306122448979587,16.0,Over-performing
2016,2016/17,L1,Bundesliga,533,TSG 1899 Hoffenheim,23838000.0,29400000.0,-5562000.0,23.838,29.4,-5.562,12,10,2,34,16,14,4,64,37,27,62,1.8235,0.4706,4,92775000,92.775,41,34.0,21.0,0.6632653061224489,0.7959183673469388,0.13265306122448983,13.0,As expected
2016,2016/17,ES1,La Liga,681,Real Sociedad,21630000.0,4000000.0,17630000.0,21.63,4.0,17.63,7,6,1,38,19,7,12,59,53,6,64,1.6842,0.5,6,167500000,167.5,35,38.0,25.0,0.6224489795918368,0.7551020408163265,0.13265306122448972,13.0,As expected
2016,2016/17,ES1,La Liga,472,UD Las Palmas,400000.0,0.0,400000.0,0.4,0.0,0.4,4,4,0,38,10,9,19,53,74,-21,39,1.0263,0.2632,14,41800000,41.8,27,89.0,76.0,0.10204081632653061,0.22448979591836735,0.12244897959183673,13.0,As expected
2016,2016/17,FR1,Ligue 1,244,Olympique Marseille,20000000.0,61800000.0,-41800000.0,20.0,61.8,-41.8,10,9,1,38,17,11,10,57,41,16,62,1.6316,0.4474,5,49500000,49.5,25,40.0,28.0,0.6020408163265306,0.7193877551020408,0.11734693877551017,12.0,As expected
2016,2016/17,L1,Bundesliga,27,Bayern Munich,70000000.0,49000000.0,21000000.0,70.0,49.0,21.0,3,2,1,34,25,7,2,89,22,67,82,2.4118,0.7353,1,524825000,524.825,28,15.0,4.0,0.8571428571428571,0.9693877551020408,0.11224489795918369,11.0,As expected
2016,2016/17,L1,Bundesliga,60,SC Freiburg,14830000.0,4300000.0,10530000.0,14.83,4.3,10.53,10,9,1,34,14,6,14,42,60,-18,48,1.4118,0.4118,7,53575000,53.575,46,49.0,38.0,0.5102040816326531,0.6224489795918368,0.11224489795918369,11.0,As expected
2016,2016/17,ES1,La Liga,1084,Málaga CF,6800000.0,0.0,6800000.0,6.8,0.0,6.8,10,9,1,38,12,10,16,49,55,-6,46,1.2105,0.3158,11,53800000,53.8,30,64.0,50.0,0.35714285714285715,0.46938775510204084,0.11224489795918369,14.0,As expected
2016,2016/17,GB1,Premier League,148,Tottenham Hotspur,57000000.0,30500000.0,26500000.0,57.0,30.5,26.5,8,6,2,38,26,8,4,86,26,60,86,2.2632,0.6842,2,374850000,374.85,29,20.0,9.0,0.8061224489795918,0.9132653061224489,0.1071428571428571,11.0,As expected
2016,2016/17,FR1,Ligue 1,1041,Olympique Lyon,28600000.0,26500000.0,2100000.0,28.6,26.5,2.1,11,7,4,38,20,5,13,77,48,29,65,1.7105,0.5263,4,165500000,165.5,29,32.0,24.0,0.6836734693877551,0.7653061224489796,0.08163265306122447,8.0,As expected
2016,2016/17,IT1,Serie A,416,Torino FC,16100000.0,15500000.0,600000.0,16.1,15.5,0.6,18,18,0,38,13,14,11,71,66,5,53,1.3947,0.3421,9,83325000,83.325,67,47.0,39.0,0.5306122448979592,0.6122448979591837,0.08163265306122447,8.0,As expected
2016,2016/17,IT1,Serie A,5,AC Milan,26560000.0,19400000.0,7160000.0,26.56,19.4,7.16,11,10,1,38,18,9,11,57,45,12,63,1.6579,0.4737,6,218925000,218.925,51,33.0,26.0,0.673469387755102,0.7397959183673469,0.06632653061224492,7.0,As expected
2016,2016/17,FR1,Ligue 1,595,SC Bastia,250000.0,3000000.0,-2750000.0,0.25,3.0,-2.75,4,4,0,38,8,11,19,29,54,-25,35,0.9211,0.2105,20,19875000,19.875,28,91.0,85.0,0.08163265306122448,0.1326530612244898,0.05102040816326532,6.0,As expected
2016,2016/17,ES1,La Liga,1049,Valencia CF,10000000.0,47000000.0,-37000000.0,10.0,47.0,-37.0,9,8,1,38,13,7,18,56,65,-9,46,1.2105,0.3421,12,171650000,171.65,28,58.0,50.0,0.41836734693877553,0.46938775510204084,0.05102040816326531,8.0,As expected
2016,2016/17,FR1,Ligue 1,2969,Dijon FCO,1750000.0,0.0,1750000.0,1.75,0.0,1.75,7,6,1,38,8,13,17,46,58,-12,37,0.9737,0.2105,16,30300000,30.3,28,84.0,79.0,0.15306122448979592,0.1989795918367347,0.04591836734693877,5.0,As expected
2016,2016/17,ES1,La Liga,897,Deportivo de La Coruña,1300000.0,20000000.0,-18700000.0,1.3,20.0,-18.7,10,9,1,38,8,12,18,43,61,-18,36,0.9474,0.2105,16,48100000,48.1,27,86.0,81.0,0.1326530612244898,0.17346938775510204,0.040816326530612235,5.0,As expected
2016,2016/17,GB1,Premier League,631,Chelsea FC,97800000.0,29000000.0,68800000.0,97.8,29.0,68.8,13,12,1,38,30,3,5,85,33,52,93,2.4474,0.7895,1,355550000,355.55,39,6.0,2.0,0.9489795918367347,0.9846938775510204,0.0357142857142857,4.0,As expected
2016,2016/17,IT1,Serie A,12,Associazione Sportiva Roma,83300000.0,56600000.0,26700000.0,83.3,56.6,26.7,31,31,0,38,28,3,7,90,38,52,87,2.2895,0.7368,2,206950000,206.95,62,11.0,7.0,0.8979591836734694,0.9336734693877551,0.0357142857142857,4.0,As expected
2016,2016/17,ES1,La Liga,131,FC Barcelona,94750000.0,31000000.0,63750000.0,94.75,31.0,63.75,8,7,1,38,28,6,4,116,37,79,90,2.3684,0.7368,2,655000000,655.0,25,8.0,6.0,0.9285714285714286,0.9489795918367347,0.020408163265306145,2.0,As expected
2016,2016/17,ES1,La Liga,940,Celta de Vigo,7400000.0,0.0,7400000.0,7.4,0.0,7.4,4,4,0,38,13,6,19,53,69,-16,45,1.1842,0.3421,13,114050000,114.05,41,61.0,58.0,0.3826530612244898,0.4030612244897959,0.020408163265306145,3.0,As expected
2016,2016/17,FR1,Ligue 1,1082,LOSC Lille,12500000.0,43000000.0,-30500000.0,12.5,43.0,-30.5,7,6,1,38,13,7,18,40,47,-7,46,1.2105,0.3421,11,64050000,64.05,21,54.0,50.0,0.45408163265306123,0.46938775510204084,0.015306122448979609,4.0,As expected
2016,2016/17,ES1,La Liga,2448,Sporting Gijón,200000.0,0.0,200000.0,0.2,0.0,0.2,6,6,0,38,7,10,21,42,72,-30,31,0.8158,0.1842,18,31850000,31.85,19,92.0,91.0,0.07142857142857142,0.08163265306122448,0.010204081632653059,1.0,As expected
2016,2016/17,IT1,Serie A,6195,SSC Napoli,90500000.0,4000000.0,86500000.0,90.5,4.0,86.5,15,15,0,38,26,8,4,94,39,55,86,2.2632,0.6842,3,265375000,265.375,52,10.0,9.0,0.9081632653061225,0.9132653061224489,0.005102040816326481,1.0,As expected
2016,2016/17,IT1,Serie A,506,Juventus FC,104200000.0,155100000.0,-50900000.0,104.2,155.1,-50.9,27,25,2,38,29,4,5,77,27,50,91,2.3947,0.7632,1,439625000,439.625,51,5.0,5.0,0.9591836734693877,0.9591836734693877,0.0,0.0,As expected
2016,2016/17,ES1,La Liga,331,CA Osasuna,0.0,3750000.0,-3750000.0,0.0,3.75,-3.75,1,1,0,38,4,10,24,40,94,-54,22,0.5789,0.1053,19,40450000,40.45,46,93.0,96.0,0.03571428571428571,0.030612244897959183,-0.005102040816326529,-3.0,As expected
2016,2016/17,ES1,La Liga,368,Sevilla FC,64700000.0,48950000.0,15750000.0,64.7,48.95,15.75,12,12,0,38,21,9,8,69,49,20,72,1.8947,0.5526,4,151550000,151.55,27,17.0,17.0,0.8367346938775511,0.8316326530612245,-0.005102040816326592,0.0,As expected
2016,2016/17,FR1,Ligue 1,1159,AS Nancy-Lorraine,1500000.0,10900000.0,-9400000.0,1.5,10.9,-9.4,3,3,0,38,9,8,21,29,52,-23,35,0.9211,0.2368,19,22400000,22.4,24,85.0,85.0,0.14285714285714285,0.1326530612244898,-0.010204081632653045,0.0,As expected
2016,2016/17,GB1,Premier League,31,Liverpool FC,74900000.0,23580000.0,51320000.0,74.9,23.58,51.32,11,9,2,38,22,10,6,78,42,36,76,2.0,0.5789,4,340550000,340.55,32,12.0,14.0,0.8877551020408163,0.8673469387755102,-0.020408163265306145,-2.0,As expected
2016,2016/17,GB1,Premier League,11,Arsenal FC,72000000.0,5000000.0,67000000.0,72.0,5.0,67.0,8,8,0,38,23,6,9,77,44,33,75,1.9737,0.6053,5,298900000,298.9,30,13.0,15.0,0.8775510204081632,0.8571428571428571,-0.020408163265306145,-2.0,As expected
2016,2016/17,L1,Bundesliga,167,FC Augsburg,6500000.0,0.0,6500000.0,6.5,0.0,6.5,7,6,1,34,9,11,14,35,51,-16,38,1.1176,0.2647,13,83975000,83.975,54,65.0,67.0,0.3469387755102041,0.32142857142857145,-0.025510204081632626,-2.0,As expected
2016,2016/17,IT1,Serie A,1038,UC Sampdoria,18700000.0,35660000.0,-16960000.0,18.7,35.66,-16.96,12,12,0,38,12,12,14,49,55,-6,48,1.2632,0.3158,10,130425000,130.425,81,44.0,47.0,0.5612244897959183,0.5306122448979592,-0.030612244897959107,-3.0,As expected
2016,2016/17,GB1,Premier League,989,AFC Bournemouth,14440000.0,12000000.0,2440000.0,14.44,12.0,2.44,4,4,0,38,12,10,16,55,67,-12,46,1.2105,0.3158,9,81300000,81.3,29,50.0,50.0,0.5,0.46938775510204084,-0.030612244897959162,0.0,As expected
2016,2016/17,L1,Bundesliga,105,SV Darmstadt 98,350000.0,0.0,350000.0,0.35,0.0,0.35,5,5,0,34,7,4,23,28,63,-35,25,0.7353,0.2059,18,15625000,15.625,26,90.0,93.0,0.09183673469387756,0.061224489795918366,-0.03061224489795919,-3.0,As expected
2016,2016/17,FR1,Ligue 1,415,FC Toulouse,8800000.0,9500000.0,-700000.0,8.8,9.5,-0.7,8,4,4,38,10,14,14,37,41,-4,44,1.1579,0.2632,13,55825000,55.825,33,59.0,62.0,0.40816326530612246,0.3673469387755102,-0.040816326530612235,-3.0,As expected
2016,2016/17,FR1,Ligue 1,969,Montpellier HSC,4900000.0,14600000.0,-9700000.0,4.9,14.6,-9.7,5,4,1,38,10,9,19,48,66,-18,39,1.0263,0.2632,15,31000000,31.0,32,72.0,76.0,0.2755102040816326,0.22448979591836735,-0.05102040816326528,-4.0,As expected
2016,2016/17,IT1,Serie A,862,Chievo Verona,7450000.0,0.0,7450000.0,7.45,0.0,7.45,8,8,0,38,12,7,19,43,61,-18,43,1.1316,0.3158,14,46225000,46.225,76,60.0,65.0,0.3979591836734694,0.34183673469387754,-0.056122448979591844,-5.0,As expected
2016,2016/17,ES1,La Liga,1244,CD Leganés,3500000.0,200000.0,3300000.0,3.5,0.2,3.3,10,10,0,38,8,11,19,36,55,-19,35,0.9211,0.2105,17,30750000,30.75,22,79.0,85.0,0.20408163265306123,0.1326530612244898,-0.07142857142857142,-6.0,As expected
2016,2016/17,IT1,Serie A,6574,US Sassuolo,18100000.0,13000000.0,5100000.0,18.1,13.0,5.1,5,5,0,38,13,7,18,58,63,-5,46,1.2105,0.3421,12,94425000,94.425,63,45.0,50.0,0.5510204081632653,0.46938775510204084,-0.08163265306122441,-5.0,As expected
2016,2016/17,L1,Bundesliga,23826,RB Leipzig,94950000.0,0.0,94950000.0,94.95,0.0,94.95,10,9,1,34,20,7,7,66,39,27,67,1.9706,0.5882,2,51775000,51.775,22,7.0,16.0,0.9387755102040817,0.8469387755102041,-0.09183673469387754,-9.0,As expected
2016,2016/17,GB1,Premier League,281,Manchester City,198250000.0,33000000.0,165250000.0,198.25,33.0,165.25,28,24,4,38,23,9,6,80,39,41,78,2.0526,0.6053,3,289350000,289.35,21,1.0,11.0,1.0,0.8877551020408163,-0.11224489795918369,-10.0,As expected
2016,2016/17,IT1,Serie A,4083,FC Crotone,4200000.0,5800000.0,-1600000.0,4.2,5.8,-1.6,9,9,0,38,9,7,22,34,58,-24,34,0.8947,0.2368,17,30625000,30.625,36,76.0,88.0,0.22959183673469388,0.10714285714285714,-0.12244897959183675,-12.0,As expected
2016,2016/17,L1,Bundesliga,16,Borussia Dortmund,111100000.0,104000000.0,7100000.0,111.1,104.0,7.1,11,10,1,34,18,10,6,72,40,32,64,1.8824,0.5294,3,274325000,274.325,34,4.0,19.0,0.9693877551020408,0.8163265306122449,-0.15306122448979587,-15.0,Under-performing
2016,2016/17,FR1,Ligue 1,1158,FC Lorient,5600000.0,12150000.0,-6550000.0,5.6,12.15,-6.55,11,7,4,38,10,6,22,44,70,-26,36,0.9474,0.2632,18,29700000,29.7,31,67.0,81.0,0.32653061224489793,0.17346938775510204,-0.1530612244897959,-14.0,Under-performing
2016,2016/17,IT1,Serie A,749,FC Empoli,4300000.0,10000000.0,-5700000.0,4.3,10.0,-5.7,8,8,0,38,8,8,22,29,61,-32,32,0.8421,0.2105,18,51350000,51.35,61,75.0,90.0,0.24489795918367346,0.09183673469387756,-0.15306122448979592,-15.0,Under-performing
2016,2016/17,L1,Bundesliga,18,Borussia Mönchengladbach,40000000.0,45000000.0,-5000000.0,40.0,45.0,-5.0,7,5,2,34,12,9,13,45,49,-4,45,1.3235,0.3529,9,148175000,148.175,38,26.0,41.0,0.7448979591836735,0.5867346938775511,-0.15816326530612246,-15.0,Under-performing
2016,2016/17,L1,Bundesliga,33,FC Schalke 04,34500000.0,53500000.0,-19000000.0,34.5,53.5,-19.0,4,4,0,34,11,10,13,45,40,5,43,1.2647,0.3235,10,150500000,150.5,37,30.0,46.0,0.7040816326530612,0.5408163265306123,-0.16326530612244894,-16.0,Under-performing
2016,2016/17,GB1,Premier League,29,Everton FC,71000000.0,55600000.0,15400000.0,71.0,55.6,15.4,9,8,1,38,17,10,11,62,44,18,61,1.6053,0.4474,7,222000000,222.0,23,14.0,30.0,0.8673469387755102,0.7040816326530612,-0.16326530612244894,-16.0,Under-performing
2016,2016/17,ES1,La Liga,16795,Granada CF,2800000.0,21500000.0,-18700000.0,2.8,21.5,-18.7,14,13,1,38,4,8,26,30,82,-52,20,0.5263,0.1053,20,38400000,38.4,36,81.0,97.0,0.1836734693877551,0.02040816326530612,-0.163265306122449,-16.0,Under-performing
2016,2016/17,L1,Bundesliga,4795,FC Ingolstadt 04,6450000.0,500000.0,5950000.0,6.45,0.5,5.95,7,7,0,34,8,8,18,36,57,-21,32,0.9412,0.2353,17,31325000,31.325,28,66.0,84.0,0.336734693877551,0.15306122448979592,-0.18367346938775508,-18.0,Under-performing
2016,2016/17,GB1,Premier League,984,West Bromwich Albion,19900000.0,1200000.0,18700000.0,19.9,1.2,18.7,2,2,0,38,12,9,17,43,51,-8,45,1.1842,0.3158,10,135750000,135.75,44,41.0,58.0,0.5918367346938775,0.4030612244897959,-0.18877551020408162,-17.0,Under-performing
2016,2016/17,IT1,Serie A,1025,Bologna Football Club 1909,12900000.0,14500000.0,-1600000.0,12.9,14.5,-1.6,8,8,0,38,11,8,19,40,58,-18,41,1.0789,0.2895,15,115450000,115.45,77,53.0,71.0,0.46938775510204084,0.2755102040816326,-0.1938775510204082,-18.0,Under-performing
2016,2016/17,GB1,Premier League,985,Manchester United,185000000.0,44250000.0,140750000.0,185.0,44.25,140.75,8,7,1,38,18,15,5,54,29,25,69,1.8158,0.4737,6,467950000,467.95,35,2.0,22.0,0.9897959183673469,0.7857142857142857,-0.20408163265306123,-20.0,Under-performing
2016,2016/17,GB1,Premier League,512,Stoke City,19120000.0,0.0,19120000.0,19.12,0.0,19.12,5,5,0,38,11,11,16,41,56,-15,44,1.1579,0.2895,13,114800000,114.8,22,42.0,62.0,0.5816326530612245,0.3673469387755102,-0.21428571428571425,-20.0,Under-performing
2016,2016/17,GB1,Premier League,2288,Swansea City,13900000.0,24100000.0,-10200000.0,13.9,24.1,-10.2,5,5,0,38,12,5,21,45,70,-25,41,1.0789,0.3158,15,102825000,102.825,28,51.0,71.0,0.4897959183673469,0.2755102040816326,-0.2142857142857143,-20.0,Under-performing
2016,2016/17,IT1,Serie A,410,Udinese Calcio,23500000.0,16000500.0,7499500.0,23.5,16.0005,7.4995,16,15,1,38,12,9,17,47,56,-9,45,1.1842,0.3158,13,97125000,97.125,73,35.0,58.0,0.6530612244897959,0.4030612244897959,-0.24999999999999994,-23.0,Under-performing
2016,2016/17,IT1,Serie A,46,Inter Milan,123530000.0,10800000.0,112730000.0,123.53,10.8,112.73,26,23,3,38,19,5,14,72,49,23,62,1.6316,0.5,7,243700000,243.7,57,3.0,28.0,0.9795918367346939,0.7193877551020408,-0.2602040816326531,-25.0,Under-performing
2016,2016/17,IT1,Serie A,458,Palermo FC,5180000.0,22800000.0,-17620000.0,5.18,22.8,-17.62,5,5,0,38,6,8,24,33,77,-44,26,0.6842,0.1579,19,49275000,49.275,48,68.0,94.0,0.3112244897959184,0.05102040816326531,-0.2602040816326531,-26.0,Under-performing
2016,2016/17,IT1,Serie A,252,Genoa CFC,12500000.0,27300000.0,-14800000.0,12.5,27.3,-14.8,11,10,1,38,9,9,20,38,64,-26,36,0.9474,0.2368,16,112425000,112.425,92,54.0,81.0,0.45408163265306123,0.17346938775510204,-0.2806122448979592,-27.0,Under-performing
2016,2016/17,ES1,La Liga,150,Real Betis Balompié,15400000.0,0.0,15400000.0,15.4,0.0,15.4,10,9,1,38,10,9,19,41,64,-23,39,1.0263,0.2632,15,79325000,79.325,41,48.0,76.0,0.5204081632653061,0.22448979591836735,-0.29591836734693877,-28.0,Under-performing
2016,2016/17,GB1,Premier League,180,Southampton FC,51900000.0,55400000.0,-3500000.0,51.9,55.4,-3.5,6,5,1,38,12,10,16,41,48,-7,46,1.2105,0.3158,8,182350000,182.35,33,21.0,50.0,0.7959183673469388,0.46938775510204084,-0.32653061224489793,-29.0,Under-performing
2016,2016/17,L1,Bundesliga,39,1.FSV Mainz 05,21650000.0,18700000.0,2950000.0,21.65,18.7,2.95,10,9,1,34,10,7,17,44,55,-11,37,1.0882,0.2941,15,77250000,77.25,42,37.0,69.0,0.6326530612244898,0.3010204081632653,-0.3316326530612245,-32.0,Under-performing
2016,2016/17,IT1,Serie A,2921,Delfino Pescara 1936,7000000.0,17750000.0,-10750000.0,7.0,17.75,-10.75,13,11,2,38,3,9,26,37,81,-44,18,0.4737,0.0789,20,39475000,39.475,59,63.0,98.0,0.3673469387755102,0.01020408163265306,-0.35714285714285715,-35.0,Under-performing
2016,2016/17,GB1,Premier League,3008,Hull City,13100000.0,0.0,13100000.0,13.1,0.0,13.1,4,3,1,38,9,7,22,37,80,-43,34,0.8947,0.2368,18,59350000,59.35,27,52.0,88.0,0.47959183673469385,0.10714285714285714,-0.3724489795918367,-36.0,Under-performing
2016,2016/17,L1,Bundesliga,15,Bayer 04 Leverkusen,58200000.0,15000000.0,43200000.0,58.2,15.0,43.2,11,8,3,34,11,8,15,53,55,-2,41,1.2059,0.3235,12,229300000,229.3,43,19.0,57.0,0.8163265306122449,0.42857142857142855,-0.38775510204081637,-38.0,Under-performing
2016,2016/17,L1,Bundesliga,41,Hamburger SV,36850000.0,4700000.0,32150000.0,36.85,4.7,32.15,11,8,3,34,10,8,16,33,61,-28,38,1.1176,0.2941,14,40675000,40.675,35,29.0,67.0,0.7142857142857143,0.32142857142857145,-0.39285714285714285,-38.0,Under-performing
2016,2016/17,GB1,Premier League,379,West Ham United,58800000.0,11700000.0,47100000.0,58.8,11.7,47.1,12,12,0,38,12,9,17,47,64,-17,45,1.1842,0.3158,11,156700000,156.7,32,18.0,58.0,0.826530612244898,0.4030612244897959,-0.42346938775510207,-40.0,Under-performing
2016,2016/17,GB1,Premier League,1132,Burnley FC,37000000.0,0.0,37000000.0,37.0,0.0,37.0,10,9,1,38,11,7,20,39,55,-16,40,1.0526,0.2895,16,88750000,88.75,34,28.0,74.0,0.7244897959183674,0.25,-0.4744897959183674,-46.0,Under-performing
2016,2016/17,GB1,Premier League,641,Middlesbrough FC,18750000.0,0.0,18750000.0,18.75,0.0,18.75,6,6,0,38,5,13,20,27,53,-26,28,0.7368,0.1316,19,70500000,70.5,24,43.0,92.0,0.5714285714285714,0.07142857142857142,-0.5,-49.0,Under-performing
2016,2016/17,GB1,Premier League,289,Sunderland AFC,16250000.0,15220000.0,1030000.0,16.25,15.22,1.03,7,6,1,38,6,6,26,29,69,-40,24,0.6316,0.1579,20,53825000,53.825,29,46.0,95.0,0.5408163265306123,0.04081632653061224,-0.5,-49.0,Under-performing
2016,2016/17,GB1,Premier League,873,Crystal Palace,51600000.0,45600000.0,6000000.0,51.6,45.6,6.0,6,6,0,38,12,5,21,50,63,-13,41,1.0789,0.3158,14,147200000,147.2,48,22.0,71.0,0.7857142857142857,0.2755102040816326,-0.5102040816326531,-49.0,Under-performing
2016,2016/17,GB1,Premier League,1010,Watford FC,44450000.0,14100000.0,30350000.0,44.45,14.1,30.35,10,9,1,38,11,7,20,40,68,-28,40,1.0526,0.2895,17,113125000,113.125,31,24.0,74.0,0.7653061224489796,0.25,-0.5153061224489796,-50.0,Under-performing
2016,2016/17,L1,Bundesliga,82,VfL Wolfsburg,65500000.0,18350000.0,47150000.0,65.5,18.35,47.15,11,9,2,34,10,7,17,34,52,-18,37,1.0882,0.2941,16,163725000,163.725,44,16.0,69.0,0.8469387755102041,0.3010204081632653,-0.5459183673469388,-53.0,Under-performing
2016,2016/17,GB1,Premier League,1003,Leicester City,92100000.0,64900000.0,27200000.0,92.1,64.9,27.2,11,10,1,38,12,8,18,48,63,-15,44,1.1579,0.3158,12,196950000,196.95,40,9.0,62.0,0.9183673469387755,0.3673469387755102,-0.5510204081632653,-53.0,Under-performing
2017,2017/18,L1,Bundesliga,533,TSG 1899 Hoffenheim,2700000.0,30050000.0,-27350000.0,2.7,30.05,-27.35,11,9,2,34,15,10,9,66,48,18,55,1.6176,0.4412,3,134775000,134.775,39,87.0,23.0,0.12244897959183673,0.7653061224489796,0.6428571428571428,64.0,Over-performing
2017,2017/18,IT1,Serie A,398,Società Sportiva Lazio S.p.A.,5500000.0,52220000.0,-46720000.0,5.5,52.22,-46.72,12,11,1,38,21,9,8,89,49,40,72,1.8947,0.5526,5,209225000,209.225,61,77.0,17.0,0.22448979591836735,0.8316326530612245,0.6071428571428571,60.0,Over-performing
2017,2017/18,FR1,Ligue 1,618,AS Saint-Étienne,5800000.0,2000000.0,3800000.0,5.8,2.0,3.8,8,7,1,38,15,10,13,47,50,-3,55,1.4474,0.3947,7,86625000,86.625,28,76.0,34.0,0.23469387755102042,0.6530612244897959,0.4183673469387754,42.0,Over-performing
2017,2017/18,FR1,Ligue 1,969,Montpellier HSC,3500000.0,13000000.0,-9500000.0,3.5,13.0,-9.5,7,5,2,38,11,18,9,36,33,3,51,1.3421,0.2895,10,35675000,35.675,34,84.0,44.0,0.15306122448979592,0.5510204081632653,0.39795918367346933,40.0,Over-performing
2017,2017/18,FR1,Ligue 1,2969,Dijon FCO,1500000.0,5000000.0,-3500000.0,1.5,5.0,-3.5,4,4,0,38,13,9,16,55,73,-18,48,1.2632,0.3421,11,38250000,38.25,31,89.0,52.0,0.09693877551020408,0.47959183673469385,0.3826530612244898,37.0,Over-performing
2017,2017/18,FR1,Ligue 1,855,EA Guingamp,1375000.0,0.0,1375000.0,1.375,0.0,1.375,7,5,2,38,12,11,15,48,59,-11,47,1.2368,0.3158,12,29250000,29.25,28,91.0,53.0,0.08163265306122448,0.45918367346938777,0.3775510204081633,38.0,Over-performing
2017,2017/18,FR1,Ligue 1,995,FC Nantes,4300000.0,9000000.0,-4700000.0,4.3,9.0,-4.7,8,5,3,38,14,10,14,36,41,-5,52,1.3684,0.3684,9,70475000,70.475,37,80.0,43.0,0.19387755102040816,0.5714285714285714,0.37755102040816324,37.0,Over-performing
2017,2017/18,ES1,La Liga,150,Real Betis Balompié,13000000.0,19000000.0,-6000000.0,13.0,19.0,-6.0,9,7,2,38,18,6,14,60,61,-1,60,1.5789,0.4737,6,84625000,84.625,52,62.0,27.0,0.37755102040816324,0.7295918367346939,0.3520408163265306,35.0,Over-performing
2017,2017/18,FR1,Ligue 1,1416,Amiens SC,1000000.0,0.0,1000000.0,1.0,0.0,1.0,7,7,0,38,12,9,17,37,42,-5,45,1.1842,0.3158,13,15925000,15.925,28,92.0,59.0,0.07142857142857142,0.40816326530612246,0.33673469387755106,33.0,Over-performing
2017,2017/18,ES1,La Liga,3709,Getafe CF,8600000.0,0.0,8600000.0,8.6,0.0,8.6,10,10,0,38,15,10,13,42,33,9,55,1.4474,0.3947,8,48100000,48.1,47,68.0,34.0,0.3163265306122449,0.6530612244897959,0.33673469387755095,34.0,Over-performing
2017,2017/18,FR1,Ligue 1,244,Olympique Marseille,31000000.0,0.0,31000000.0,31.0,0.0,31.0,9,7,2,38,22,11,5,80,47,33,77,2.0263,0.5789,4,96650000,96.65,32,43.0,11.0,0.5714285714285714,0.8877551020408163,0.3163265306122449,32.0,Over-performing
2017,2017/18,L1,Bundesliga,79,VfB Stuttgart,16700000.0,3000000.0,13700000.0,16.7,3.0,13.7,10,10,0,34,15,6,13,36,36,0,51,1.5,0.4412,7,75475000,75.475,41,58.0,32.0,0.41836734693877553,0.6785714285714286,0.2602040816326531,26.0,Over-performing
2017,2017/18,L1,Bundesliga,33,FC Schalke 04,28000000.0,0.0,28000000.0,28.0,0.0,28.0,9,7,2,34,18,9,7,53,37,16,63,1.8529,0.5294,2,183775000,183.775,40,44.0,19.0,0.5612244897959183,0.8163265306122449,0.2551020408163266,25.0,Over-performing
2017,2017/18,ES1,La Liga,13,Atlético de Madrid,35600000.0,94000000.0,-58400000.0,35.6,94.0,-58.4,7,7,0,38,23,10,5,58,22,36,79,2.0789,0.6053,2,425050000,425.05,40,34.0,9.0,0.6632653061224489,0.9183673469387755,0.2551020408163266,25.0,Over-performing
2017,2017/18,FR1,Ligue 1,40,FC Girondins Bordeaux,15500000.0,19250000.0,-3750000.0,15.5,19.25,-3.75,14,12,2,38,16,7,15,53,48,5,55,1.4474,0.4211,6,112200000,112.2,35,60.0,34.0,0.3979591836734694,0.6530612244897959,0.2551020408163265,26.0,Over-performing
2017,2017/18,ES1,La Liga,1049,Valencia CF,32000000.0,11000000.0,21000000.0,32.0,11.0,21.0,18,14,4,38,22,7,9,65,38,27,73,1.9211,0.5789,4,144400000,144.4,29,39.0,16.0,0.6071428571428571,0.8469387755102041,0.23979591836734704,23.0,Over-performing
2017,2017/18,ES1,La Liga,12321,Girona FC,8750000.0,0.0,8750000.0,8.75,0.0,8.75,12,11,1,38,14,9,15,50,59,-9,51,1.3421,0.3684,10,30700000,30.7,21,67.0,44.0,0.32653061224489793,0.5510204081632653,0.22448979591836732,23.0,Over-performing
2017,2017/18,ES1,La Liga,1533,SD Eibar,9100000.0,10000000.0,-900000.0,9.1,10.0,-0.9,8,8,0,38,14,9,15,44,50,-6,51,1.3421,0.3684,9,72950000,72.95,50,66.0,44.0,0.336734693877551,0.5510204081632653,0.21428571428571425,22.0,Over-performing
2017,2017/18,ES1,La Liga,1108,Deportivo Alavés,6900000.0,0.0,6900000.0,6.9,0.0,6.9,7,7,0,38,15,2,21,40,50,-10,47,1.2368,0.3947,14,74500000,74.5,29,73.0,53.0,0.2653061224489796,0.45918367346938777,0.19387755102040816,20.0,Over-performing
2017,2017/18,IT1,Serie A,252,Genoa CFC,1850000.0,40400000.0,-38550000.0,1.85,40.4,-38.55,12,10,2,38,11,8,19,33,43,-10,41,1.0789,0.2895,12,110325000,110.325,90,88.0,68.0,0.11224489795918367,0.30612244897959184,0.19387755102040816,20.0,Over-performing
2017,2017/18,FR1,Ligue 1,1041,Olympique Lyon,42500000.0,118750000.0,-76250000.0,42.5,118.75,-76.25,21,16,5,38,23,9,6,87,43,44,78,2.0526,0.6053,3,141600000,141.6,29,28.0,10.0,0.7244897959183674,0.9081632653061225,0.18367346938775508,18.0,Over-performing
2017,2017/18,IT1,Serie A,416,Torino FC,18850000.0,50700000.0,-31850000.0,18.85,50.7,-31.85,16,16,0,38,13,15,10,54,46,8,54,1.4211,0.3421,10,118700000,118.7,67,57.0,38.0,0.42857142857142855,0.6071428571428571,0.17857142857142855,19.0,Over-performing
2017,2017/18,IT1,Serie A,6195,SSC Napoli,52250000.0,12300000.0,39950000.0,52.25,12.3,39.95,11,11,0,38,28,7,3,77,29,48,91,2.3947,0.7368,2,314175000,314.175,47,23.0,6.0,0.7755102040816326,0.9489795918367347,0.17346938775510212,17.0,Over-performing
2017,2017/18,L1,Bundesliga,24,Eintracht Frankfurt,20100000.0,0.0,20100000.0,20.1,0.0,20.1,9,8,1,34,14,7,13,45,45,0,49,1.4412,0.4118,8,80700000,80.7,51,54.0,37.0,0.45918367346938777,0.6326530612244898,0.17346938775510207,17.0,Over-performing
2017,2017/18,L1,Bundesliga,167,FC Augsburg,6500000.0,3800000.0,2700000.0,6.5,3.8,2.7,6,5,1,34,10,11,13,43,46,-3,41,1.2059,0.2941,12,78150000,78.15,56,74.0,58.0,0.25510204081632654,0.41836734693877553,0.163265306122449,16.0,Over-performing
2017,2017/18,ES1,La Liga,418,Real Madrid,40500000.0,115000000.0,-74500000.0,40.5,115.0,-74.5,6,4,2,38,22,10,6,94,44,50,76,2.0,0.5789,3,811050000,811.05,26,30.0,14.0,0.7040816326530612,0.8673469387755102,0.16326530612244894,16.0,Over-performing
2017,2017/18,IT1,Serie A,862,Chievo Verona,1500000.0,1760000.0,-260000.0,1.5,1.76,-0.26,12,9,3,38,10,10,18,36,59,-23,40,1.0526,0.2632,13,42750000,42.75,74,89.0,73.0,0.09693877551020408,0.25510204081632654,0.15816326530612246,16.0,Over-performing
2017,2017/18,ES1,La Liga,3368,Levante UD,7200000.0,0.0,7200000.0,7.2,0.0,7.2,11,11,0,38,11,13,14,44,58,-14,46,1.2105,0.2895,15,77000000,77.0,46,72.0,57.0,0.2755102040816326,0.42857142857142855,0.15306122448979592,15.0,Over-performing
2017,2017/18,IT1,Serie A,2722,SPAL,225000.0,0.0,225000.0,0.225,0.0,0.225,6,6,0,38,8,14,16,39,59,-20,38,1.0,0.2105,17,29725000,29.725,37,94.0,78.0,0.05102040816326531,0.1989795918367347,0.14795918367346939,16.0,As expected
2017,2017/18,FR1,Ligue 1,415,FC Toulouse,0.0,11300000.0,-11300000.0,0.0,11.3,-11.3,2,2,0,38,9,10,19,38,54,-16,37,0.9737,0.2368,18,82775000,82.775,36,95.0,82.0,0.025510204081632654,0.1683673469387755,0.14285714285714285,13.0,As expected
2017,2017/18,ES1,La Liga,714,RCD Espanyol Barcelona,15000000.0,6500000.0,8500000.0,15.0,6.5,8.5,4,3,1,38,12,13,13,36,42,-6,49,1.2895,0.3158,11,85600000,85.6,52,61.0,47.0,0.3877551020408163,0.5153061224489796,0.12755102040816324,14.0,As expected
2017,2017/18,L1,Bundesliga,44,Hertha BSC,11000000.0,17000000.0,-6000000.0,11.0,17.0,-6.0,6,5,1,34,10,13,11,43,46,-3,43,1.2647,0.2941,10,138600000,138.6,45,63.0,51.0,0.3673469387755102,0.4897959183673469,0.1224489795918367,12.0,As expected
2017,2017/18,L1,Bundesliga,27,Bayern Munich,90500000.0,0.0,90500000.0,90.5,0.0,90.5,9,7,2,34,27,3,4,92,28,64,84,2.4706,0.7941,1,522450000,522.45,31,14.0,3.0,0.8673469387755102,0.9795918367346939,0.11224489795918369,11.0,As expected
2017,2017/18,ES1,La Liga,1244,CD Leganés,5950000.0,0.0,5950000.0,5.95,0.0,5.95,12,12,0,38,12,7,19,34,51,-17,43,1.1316,0.3158,17,52900000,52.9,32,75.0,64.0,0.24489795918367346,0.3469387755102041,0.10204081632653061,11.0,As expected
2017,2017/18,FR1,Ligue 1,417,OGC Nice,24300000.0,3500000.0,20800000.0,24.3,3.5,20.8,11,10,1,38,15,9,14,53,52,1,54,1.4211,0.3947,8,98700000,98.7,33,49.0,38.0,0.5102040816326531,0.6071428571428571,0.09693877551020402,11.0,As expected
2017,2017/18,FR1,Ligue 1,1420,Angers SCO,5400000.0,26000000.0,-20600000.0,5.4,26.0,-20.6,8,7,1,38,9,14,15,42,52,-10,41,1.0789,0.2368,14,54350000,54.35,41,78.0,68.0,0.21428571428571427,0.30612244897959184,0.09183673469387757,10.0,As expected
2017,2017/18,IT1,Serie A,506,Juventus FC,115900000.0,105750000.0,10150000.0,115.9,105.75,10.15,24,23,1,38,30,5,3,86,24,62,95,2.5,0.7895,1,369425000,369.425,49,11.0,2.0,0.8979591836734694,0.9897959183673469,0.09183673469387754,9.0,As expected
2017,2017/18,IT1,Serie A,1025,Bologna Football Club 1909,3000000.0,0.0,3000000.0,3.0,0.0,3.0,11,10,1,38,11,6,21,40,52,-12,39,1.0263,0.2895,16,109100000,109.1,77,85.0,76.0,0.14285714285714285,0.22959183673469388,0.08673469387755103,9.0,As expected
2017,2017/18,L1,Bundesliga,15,Bayer 04 Leverkusen,38500000.0,62800000.0,-24300000.0,38.5,62.8,-24.3,4,4,0,34,15,10,9,58,44,14,55,1.6176,0.4412,5,246925000,246.925,42,32.0,23.0,0.6836734693877551,0.7653061224489796,0.08163265306122447,9.0,As expected
2017,2017/18,FR1,Ligue 1,1095,ESTAC Troyes,0.0,0.0,0.0,0.0,0.0,0.0,1,1,0,38,9,6,23,32,59,-27,33,0.8684,0.2368,19,26800000,26.8,30,95.0,88.0,0.025510204081632654,0.10204081632653061,0.07653061224489796,7.0,As expected
2017,2017/18,L1,Bundesliga,39,1.FSV Mainz 05,4750000.0,17000000.0,-12250000.0,4.75,17.0,-12.25,7,6,1,34,9,9,16,38,52,-14,36,1.0588,0.2647,14,57350000,57.35,40,79.0,71.0,0.20408163265306123,0.28061224489795916,0.07653061224489793,8.0,As expected
2017,2017/18,L1,Bundesliga,42,Hannover 96,7880000.0,0.0,7880000.0,7.88,0.0,7.88,5,5,0,34,10,9,15,44,54,-10,39,1.1471,0.2941,13,41600000,41.6,42,70.0,63.0,0.29591836734693877,0.3673469387755102,0.07142857142857145,7.0,As expected
2017,2017/18,IT1,Serie A,4083,FC Crotone,300000.0,0.0,300000.0,0.3,0.0,0.3,9,9,0,38,9,8,21,40,66,-26,35,0.9211,0.2368,18,31975000,31.975,40,93.0,86.0,0.061224489795918366,0.1326530612244898,0.07142857142857144,7.0,As expected
2017,2017/18,ES1,La Liga,681,Real Sociedad,19500000.0,48000000.0,-28500000.0,19.5,48.0,-28.5,7,4,3,38,14,7,17,66,59,7,49,1.2895,0.3684,12,214325000,214.325,40,55.0,47.0,0.4489795918367347,0.5153061224489796,0.06632653061224486,8.0,As expected
2017,2017/18,GB1,Premier League,1132,Burnley FC,25500000.0,48900000.0,-23400000.0,25.5,48.9,-23.4,6,5,1,38,14,12,12,36,39,-3,54,1.4211,0.3684,7,121500000,121.5,36,46.0,38.0,0.5408163265306123,0.6071428571428571,0.0663265306122448,8.0,As expected
2017,2017/18,IT1,Serie A,1038,UC Sampdoria,26750000.0,68700000.0,-41950000.0,26.75,68.7,-41.95,12,12,0,38,16,6,16,56,60,-4,54,1.4211,0.4211,9,151600000,151.6,80,45.0,38.0,0.5510204081632653,0.6071428571428571,0.056122448979591844,7.0,As expected
2017,2017/18,ES1,La Liga,1050,Villarreal CF,40000000.0,45000000.0,-5000000.0,40.0,45.0,-5.0,11,11,0,38,18,7,13,57,50,7,61,1.6053,0.4737,5,182850000,182.85,36,31.0,26.0,0.6938775510204082,0.7448979591836735,0.05102040816326536,5.0,As expected
2017,2017/18,FR1,Ligue 1,162,AS Monaco,97400000.0,179500000.0,-82100000.0,97.4,179.5,-82.1,13,12,1,38,24,8,6,85,45,40,80,2.1053,0.6316,2,228200000,228.2,23,13.0,8.0,0.8775510204081632,0.9285714285714286,0.05102040816326536,5.0,As expected
2017,2017/18,IT1,Serie A,12,Associazione Sportiva Roma,62450000.0,149350000.0,-86900000.0,62.45,149.35,-86.9,23,23,0,38,23,8,7,61,28,33,77,2.0263,0.6053,3,266575000,266.575,61,17.0,11.0,0.8367346938775511,0.8877551020408163,0.05102040816326525,6.0,As expected
2017,2017/18,FR1,Ligue 1,347,FC Metz,0.0,18600000.0,-18600000.0,0.0,18.6,-18.6,7,4,3,38,6,8,24,34,76,-42,26,0.6842,0.1579,20,43850000,43.85,41,95.0,93.0,0.025510204081632654,0.061224489795918366,0.03571428571428571,2.0,As expected
2017,2017/18,ES1,La Liga,940,Celta de Vigo,22300000.0,0.0,22300000.0,22.3,0.0,22.3,12,11,1,38,13,10,15,59,60,-1,49,1.2895,0.3421,13,125025000,125.025,43,52.0,47.0,0.47959183673469385,0.5153061224489796,0.0357142857142857,5.0,As expected
2017,2017/18,FR1,Ligue 1,667,RC Strasbourg Alsace,3700000.0,0.0,3700000.0,3.7,0.0,3.7,8,7,1,38,9,11,18,44,67,-23,38,1.0,0.2368,15,27650000,27.65,22,82.0,78.0,0.1683673469387755,0.1989795918367347,0.03061224489795919,4.0,As expected
2017,2017/18,L1,Bundesliga,86,SV Werder Bremen,15600000.0,8100000.0,7500000.0,15.6,8.1,7.5,9,8,1,34,10,12,12,37,40,-3,42,1.2353,0.2941,11,76425000,76.425,43,59.0,56.0,0.40816326530612246,0.4387755102040816,0.030612244897959162,3.0,As expected
2017,2017/18,FR1,Ligue 1,1162,SM Caen,4100000.0,6000000.0,-1900000.0,4.1,6.0,-1.9,8,6,2,38,10,8,20,27,52,-25,38,1.0,0.2632,16,36300000,36.3,36,81.0,78.0,0.1836734693877551,0.1989795918367347,0.015306122448979581,3.0,As expected
2017,2017/18,GB1,Premier League,281,Manchester City,313700000.0,50950000.0,262750000.0,313.7,50.95,262.75,21,19,2,38,32,4,2,106,27,79,100,2.6316,0.8421,1,462050000,462.05,18,2.0,1.0,0.9897959183673469,1.0,0.010204081632653073,1.0,As expected
2017,2017/18,ES1,La Liga,472,UD Las Palmas,0.0,11000000.0,-11000000.0,0.0,11.0,-11.0,10,10,0,38,5,7,26,24,74,-50,22,0.5789,0.1316,19,81300000,81.3,33,95.0,96.0,0.025510204081632654,0.030612244897959183,0.005102040816326529,-1.0,As expected
2017,2017/18,GB1,Premier League,148,Tottenham Hotspur,105900000.0,81900000.0,24000000.0,105.9,81.9,24.0,9,7,2,38,23,8,7,74,36,38,77,2.0263,0.6053,3,472850000,472.85,25,12.0,11.0,0.8877551020408163,0.8877551020408163,0.0,1.0,As expected
2017,2017/18,FR1,Ligue 1,583,Paris Saint-Germain,238000000.0,57400000.0,180600000.0,238.0,57.4,180.6,8,7,1,38,29,6,3,108,29,79,93,2.4474,0.7632,1,609700000,609.7,26,3.0,4.0,0.9795918367346939,0.9642857142857143,-0.015306122448979553,-1.0,As expected
2017,2017/18,IT1,Serie A,46,Inter Milan,78500000.0,52360000.0,26140000.0,78.5,52.36,26.14,23,22,1,38,20,12,6,66,30,36,72,1.8947,0.5263,4,297650000,297.65,61,16.0,17.0,0.8469387755102041,0.8316326530612245,-0.015306122448979664,-1.0,As expected
2017,2017/18,GB1,Premier League,985,Manchester United,198400000.0,42500000.0,155900000.0,198.4,42.5,155.9,9,8,1,38,25,6,7,68,28,40,81,2.1316,0.6579,2,535850000,535.85,30,5.0,7.0,0.9591836734693877,0.9387755102040817,-0.020408163265306034,-2.0,As expected
2017,2017/18,ES1,La Liga,131,FC Barcelona,348100000.0,222000000.0,126100000.0,348.1,222.0,126.1,10,10,0,38,28,9,1,99,29,70,93,2.4474,0.7368,1,569500000,569.5,22,1.0,4.0,1.0,0.9642857142857143,-0.0357142857142857,-3.0,As expected
2017,2017/18,FR1,Ligue 1,273,Stade Rennais FC,43900000.0,2500000.0,41400000.0,43.9,2.5,41.4,10,9,1,38,16,10,12,50,44,6,58,1.5263,0.4211,5,70800000,70.8,33,27.0,30.0,0.7346938775510204,0.6989795918367347,-0.0357142857142857,-3.0,As expected
2017,2017/18,IT1,Serie A,800,Atalanta BC,47790000.0,20500000.0,27290000.0,47.79,20.5,27.29,21,19,2,38,16,12,10,57,39,18,60,1.5789,0.4211,7,149925000,149.925,97,24.0,27.0,0.7653061224489796,0.7295918367346939,-0.0357142857142857,-3.0,As expected
2017,2017/18,L1,Bundesliga,23826,RB Leipzig,47000000.0,23200000.0,23800000.0,47.0,23.2,23.8,11,11,0,34,15,8,11,57,53,4,53,1.5588,0.4412,6,224700000,224.7,23,25.0,29.0,0.7551020408163265,0.7142857142857143,-0.04081632653061218,-4.0,As expected
2017,2017/18,IT1,Serie A,430,ACF Fiorentina,46900000.0,67250000.0,-20350000.0,46.9,67.25,-20.35,19,18,1,38,16,9,13,54,46,8,57,1.5,0.4211,8,152825000,152.825,49,26.0,32.0,0.7448979591836735,0.6785714285714286,-0.06632653061224492,-6.0,As expected
2017,2017/18,L1,Bundesliga,18,Borussia Mönchengladbach,35000000.0,19000000.0,16000000.0,35.0,19.0,16.0,8,8,0,34,13,8,13,47,52,-5,47,1.3824,0.3824,9,160700000,160.7,41,35.0,42.0,0.6530612244897959,0.5816326530612245,-0.0714285714285714,-7.0,As expected
2017,2017/18,L1,Bundesliga,60,SC Freiburg,9500000.0,27400000.0,-17900000.0,9.5,27.4,-17.9,8,8,0,34,8,12,14,32,56,-24,36,1.0588,0.2353,15,85500000,85.5,47,64.0,71.0,0.3520408163265306,0.28061224489795916,-0.07142857142857145,-7.0,As expected
2017,2017/18,IT1,Serie A,276,Hellas Verona,2750000.0,5250000.0,-2500000.0,2.75,5.25,-2.5,10,9,1,38,7,4,27,30,78,-48,25,0.6579,0.1842,19,65275000,65.275,69,86.0,94.0,0.1326530612244898,0.05102040816326531,-0.0816326530612245,-8.0,As expected
2017,2017/18,GB1,Premier League,31,Liverpool FC,173650000.0,163200000.0,10450000.0,173.65,163.2,10.45,12,12,0,38,21,12,5,84,38,46,75,1.9737,0.5526,4,477550000,477.55,33,7.0,15.0,0.9387755102040817,0.8571428571428571,-0.08163265306122458,-8.0,As expected
2017,2017/18,ES1,La Liga,368,Sevilla FC,55000000.0,50600000.0,4400000.0,55.0,50.6,4.4,7,7,0,38,17,7,14,49,58,-9,58,1.5263,0.4474,7,218450000,218.45,30,20.0,30.0,0.8061224489795918,0.6989795918367347,-0.1071428571428571,-10.0,As expected
2017,2017/18,IT1,Serie A,5,AC Milan,118300000.0,22700000.0,95600000.0,118.3,22.7,95.6,11,10,1,38,18,10,10,56,42,14,64,1.6842,0.4737,6,325975000,325.975,56,10.0,21.0,0.9081632653061225,0.7959183673469388,-0.11224489795918369,-11.0,As expected
2017,2017/18,GB1,Premier League,11,Arsenal FC,152850000.0,132400000.0,20450000.0,152.85,132.4,20.45,11,10,1,38,19,6,13,74,51,23,63,1.6579,0.5,6,350400000,350.4,33,8.0,22.0,0.9285714285714286,0.7857142857142857,-0.1428571428571429,-14.0,As expected
2017,2017/18,L1,Bundesliga,16,Borussia Dortmund,121090000.0,268250000.0,-147160000.0,121.09,268.25,-147.16,15,14,1,34,15,10,9,64,47,17,55,1.6176,0.4412,4,420275000,420.275,37,9.0,23.0,0.9183673469387755,0.7653061224489796,-0.15306122448979598,-14.0,Under-performing
2017,2017/18,ES1,La Liga,1084,Málaga CF,3700000.0,18000000.0,-14300000.0,3.7,18.0,-14.3,8,7,1,38,5,5,28,24,61,-37,20,0.5263,0.1316,20,54700000,54.7,28,82.0,98.0,0.1683673469387755,0.01020408163265306,-0.15816326530612243,-16.0,Under-performing
2017,2017/18,GB1,Premier League,631,Chelsea FC,222600000.0,109000000.0,113600000.0,222.6,109.0,113.6,21,19,2,38,21,7,10,62,38,24,70,1.8421,0.5526,5,456600000,456.6,28,4.0,20.0,0.9693877551020408,0.8061224489795918,-0.16326530612244894,-16.0,Under-performing
2017,2017/18,IT1,Serie A,410,Udinese Calcio,19166000.0,10500000.0,8666000.0,19.166,10.5,8.666,15,14,1,38,12,4,22,48,63,-15,40,1.0526,0.3158,14,105200000,105.2,73,56.0,73.0,0.4387755102040816,0.25510204081632654,-0.18367346938775508,-17.0,Under-performing
2017,2017/18,GB1,Premier League,762,Newcastle United,31800000.0,14920000.0,16880000.0,31.8,14.92,16.88,18,18,0,38,12,8,18,39,47,-8,44,1.1579,0.3158,10,143950000,143.95,32,41.0,60.0,0.5918367346938775,0.3877551020408163,-0.20408163265306123,-19.0,Under-performing
2017,2017/18,GB1,Premier League,379,West Ham United,25300000.0,43720000.0,-18420000.0,25.3,43.72,-18.42,10,9,1,38,10,12,16,48,68,-20,42,1.1053,0.2632,13,174175000,174.175,30,47.0,67.0,0.5306122448979592,0.32653061224489793,-0.20408163265306128,-20.0,Under-performing
2017,2017/18,ES1,La Liga,897,Deportivo de La Coruña,7500000.0,0.0,7500000.0,7.5,0.0,7.5,6,6,0,38,6,11,21,38,76,-38,29,0.7632,0.1579,18,40500000,40.5,33,71.0,92.0,0.2857142857142857,0.07142857142857142,-0.21428571428571427,-21.0,Under-performing
2017,2017/18,L1,Bundesliga,41,Hamburger SV,9500000.0,5500000.0,4000000.0,9.5,5.5,4.0,7,4,3,34,8,7,19,29,53,-24,31,0.9118,0.2353,17,55050000,55.05,36,64.0,87.0,0.3520408163265306,0.12244897959183673,-0.22959183673469388,-23.0,Under-performing
2017,2017/18,IT1,Serie A,6574,US Sassuolo,31600000.0,10000000.0,21600000.0,31.6,10.0,21.6,13,12,1,38,11,10,17,29,59,-30,43,1.1316,0.2895,11,113050000,113.05,64,42.0,64.0,0.5816326530612245,0.3469387755102041,-0.2346938775510204,-22.0,Under-performing
2017,2017/18,IT1,Serie A,1390,Cagliari Calcio,21200000.0,3100000.0,18100000.0,21.2,3.1,18.1,7,7,0,38,11,6,21,33,61,-28,39,1.0263,0.2895,15,137650000,137.65,66,53.0,76.0,0.46938775510204084,0.22959183673469388,-0.23979591836734696,-23.0,Under-performing
2017,2017/18,GB1,Premier League,989,AFC Bournemouth,34300000.0,0.0,34300000.0,34.3,0.0,34.3,4,4,0,38,11,11,16,45,61,-16,44,1.1579,0.2895,12,97000000,97.0,28,36.0,60.0,0.6428571428571429,0.3877551020408163,-0.2551020408163266,-24.0,Under-performing
2017,2017/18,ES1,La Liga,621,Athletic Bilbao,32000000.0,65000000.0,-33000000.0,32.0,65.0,-33.0,5,3,2,38,10,13,15,41,49,-8,43,1.1316,0.2632,16,163500000,163.5,33,39.0,64.0,0.6071428571428571,0.3469387755102041,-0.260204081632653,-25.0,Under-performing
2017,2017/18,GB1,Premier League,1237,Brighton & Hove Albion,24400000.0,0.0,24400000.0,24.4,0.0,24.4,9,9,0,38,9,13,16,34,54,-20,40,1.0526,0.2368,15,47350000,47.35,21,48.0,73.0,0.5204081632653061,0.25510204081632654,-0.2653061224489796,-25.0,Under-performing
2017,2017/18,IT1,Serie A,4171,Benevento Calcio,8500000.0,3500000.0,5000000.0,8.5,3.5,5.0,11,11,0,38,6,3,29,33,84,-51,21,0.5526,0.1579,20,52025000,52.025,35,69.0,97.0,0.30612244897959184,0.02040816326530612,-0.2857142857142857,-28.0,Under-performing
2017,2017/18,GB1,Premier League,2288,Swansea City,22800000.0,63500000.0,-40700000.0,22.8,63.5,-40.7,8,7,1,38,8,9,21,28,56,-28,33,0.8684,0.2105,18,88050000,88.05,25,51.0,88.0,0.4897959183673469,0.10204081632653061,-0.3877551020408163,-37.0,Under-performing
2017,2017/18,GB1,Premier League,1003,Leicester City,78900000.0,9500000.0,69400000.0,78.9,9.5,69.4,12,11,1,38,12,11,15,56,60,-4,47,1.2368,0.3158,9,222800000,222.8,30,15.0,53.0,0.8571428571428571,0.45918367346938777,-0.39795918367346933,-38.0,Under-performing
2017,2017/18,GB1,Premier League,512,Stoke City,23700000.0,27800000.0,-4100000.0,23.7,27.8,-4.1,7,7,0,38,7,12,19,35,68,-33,33,0.8684,0.1842,19,107325000,107.325,20,50.0,88.0,0.5,0.10204081632653061,-0.3979591836734694,-38.0,Under-performing
2017,2017/18,GB1,Premier League,873,Crystal Palace,53200000.0,3000000.0,50200000.0,53.2,3.0,50.2,7,6,1,38,11,11,16,45,55,-10,44,1.1579,0.2895,11,140100000,140.1,35,21.0,60.0,0.7959183673469388,0.3877551020408163,-0.40816326530612246,-39.0,Under-performing
2017,2017/18,GB1,Premier League,29,Everton FC,180700000.0,113500000.0,67200000.0,180.7,113.5,67.2,18,15,3,38,13,10,15,44,58,-14,49,1.2895,0.3421,8,229350000,229.35,28,6.0,47.0,0.9489795918367347,0.5153061224489796,-0.4336734693877552,-41.0,Under-performing
2017,2017/18,GB1,Premier League,1110,Huddersfield Town,33350000.0,600000.0,32750000.0,33.35,0.6,32.75,9,9,0,38,9,10,19,28,58,-30,37,0.9737,0.2368,16,43700000,43.7,25,38.0,82.0,0.6224489795918368,0.1683673469387755,-0.45408163265306123,-44.0,Under-performing
2017,2017/18,GB1,Premier League,1010,Watford FC,52800000.0,13000000.0,39800000.0,52.8,13.0,39.8,20,18,2,38,11,8,19,44,64,-20,41,1.0789,0.2895,14,176100000,176.1,34,22.0,68.0,0.7857142857142857,0.30612244897959184,-0.47959183673469385,-46.0,Under-performing
2017,2017/18,L1,Bundesliga,82,VfL Wolfsburg,36250000.0,33000000.0,3250000.0,36.25,33.0,3.25,10,9,1,34,6,15,13,36,48,-12,33,0.9706,0.1765,16,166725000,166.725,48,33.0,84.0,0.673469387755102,0.15306122448979592,-0.5204081632653061,-51.0,Under-performing
2017,2017/18,L1,Bundesliga,3,1.FC Köln,34000000.0,250000.0,33750000.0,34.0,0.25,33.75,7,6,1,34,5,7,22,35,70,-35,22,0.6471,0.1471,18,121675000,121.675,39,37.0,95.0,0.6326530612244898,0.04081632653061224,-0.5918367346938775,-58.0,Under-performing
2017,2017/18,FR1,Ligue 1,1082,LOSC Lille,61000000.0,18100000.0,42900000.0,61.0,18.1,42.9,20,16,4,38,10,8,20,41,67,-26,38,1.0,0.2632,17,83750000,83.75,31,19.0,78.0,0.8163265306122449,0.1989795918367347,-0.6173469387755102,-59.0,Under-performing
2017,2017/18,GB1,Premier League,984,West Bromwich Albion,41100000.0,0.0,41100000.0,41.1,0.0,41.1,6,6,0,38,6,13,19,31,56,-25,31,0.8158,0.1579,20,166050000,166.05,48,29.0,91.0,0.7142857142857143,0.08163265306122448,-0.6326530612244898,-62.0,Under-performing
2017,2017/18,GB1,Premier League,180,Southampton FC,61250000.0,98350000.0,-37100000.0,61.25,98.35,-37.1,7,7,0,38,7,15,16,37,56,-19,36,0.9474,0.1842,17,253850000,253.85,37,18.0,85.0,0.826530612244898,0.14285714285714285,-0.6836734693877551,-67.0,Under-performing
2018,2018/19,GB1,Premier League,148,Tottenham Hotspur,0.0,0.0,0.0,0.0,0.0,0.0,2,1,1,38,23,2,13,67,39,28,71,1.8684,0.6053,4,789600000,789.6,25,96.0,14.0,0.02040816326530612,0.8673469387755102,0.846938775510204,82.0,Over-performing
2018,2018/19,L1,Bundesliga,27,Bayern Munich,14000000.0,23000000.0,-9000000.0,14.0,23.0,-9.0,3,3,0,34,24,6,4,88,32,56,78,2.2941,0.7059,1,745950000,745.95,33,63.0,5.0,0.3622448979591837,0.9591836734693877,0.596938775510204,58.0,Over-performing
2018,2018/19,FR1,Ligue 1,1160,Nîmes Olympique,3150000.0,0.0,3150000.0,3.15,0.0,3.15,9,8,1,38,15,8,15,57,58,-1,53,1.3947,0.3947,9,58300000,58.3,31,88.0,40.0,0.11224489795918367,0.5867346938775511,0.4744897959183674,48.0,Over-performing
2018,2018/19,FR1,Ligue 1,969,Montpellier HSC,8200000.0,21000000.0,-12800000.0,8.2,21.0,-12.8,8,8,0,38,15,14,9,53,42,11,59,1.5526,0.3947,6,94300000,94.3,37,77.0,31.0,0.22448979591836735,0.6785714285714286,0.45408163265306123,46.0,Over-performing
2018,2018/19,ES1,La Liga,1108,Deportivo Alavés,3000000.0,5000000.0,-2000000.0,3.0,5.0,-2.0,15,12,3,38,13,11,14,39,50,-11,50,1.3158,0.3421,11,84600000,84.6,32,89.0,47.0,0.09183673469387756,0.5153061224489796,0.423469387755102,42.0,Over-performing
2018,2018/19,FR1,Ligue 1,618,AS Saint-Étienne,15000000.0,13700000.0,1300000.0,15.0,13.7,1.3,16,12,4,38,19,9,10,59,41,18,66,1.7368,0.5,4,82100000,82.1,31,61.0,20.0,0.3877551020408163,0.7959183673469388,0.40816326530612246,41.0,Over-performing
2018,2018/19,ES1,La Liga,1533,SD Eibar,0.0,4750000.0,-4750000.0,0.0,4.75,-4.75,4,4,0,38,11,14,13,46,50,-4,47,1.2368,0.2895,12,61100000,61.1,48,96.0,57.0,0.02040816326530612,0.42857142857142855,0.4081632653061224,39.0,Over-performing
2018,2018/19,IT1,Serie A,800,Atalanta BC,20750000.0,0.0,20750000.0,20.75,0.0,20.75,20,19,1,38,20,9,9,77,46,31,69,1.8158,0.5263,3,216950000,216.95,94,54.0,16.0,0.45918367346938777,0.8418367346938775,0.3826530612244898,38.0,Over-performing
2018,2018/19,FR1,Ligue 1,1420,Angers SCO,1650000.0,0.0,1650000.0,1.65,0.0,1.65,8,7,1,38,10,16,12,44,49,-5,46,1.2105,0.2632,13,83200000,83.2,40,94.0,58.0,0.05102040816326531,0.41836734693877553,0.3673469387755102,36.0,Over-performing
2018,2018/19,FR1,Ligue 1,1082,LOSC Lille,27700000.0,38000000.0,-10300000.0,27.7,38.0,-10.3,11,11,0,38,22,9,7,68,33,35,75,1.9737,0.5789,2,107950000,107.95,32,45.0,10.0,0.5510204081632653,0.9081632653061225,0.3571428571428572,35.0,Over-performing
2018,2018/19,L1,Bundesliga,38,Fortuna Düsseldorf,3750000.0,0.0,3750000.0,3.75,0.0,3.75,8,8,0,34,13,5,16,49,65,-16,44,1.2941,0.3824,10,32200000,32.2,38,86.0,51.0,0.1326530612244898,0.4897959183673469,0.3571428571428571,35.0,Over-performing
2018,2018/19,FR1,Ligue 1,1421,Stade Reims,11500000.0,11000000.0,500000.0,11.5,11.0,0.5,12,10,2,38,13,16,9,39,42,-3,55,1.4474,0.3421,8,41700000,41.7,36,68.0,38.0,0.3163265306122449,0.6224489795918368,0.30612244897959184,30.0,Over-performing
2018,2018/19,L1,Bundesliga,82,VfL Wolfsburg,23000000.0,200000.0,22800000.0,23.0,0.2,22.8,10,9,1,34,16,7,11,62,50,12,55,1.6176,0.4706,6,175775000,175.775,47,51.0,25.0,0.4846938775510204,0.75,0.2653061224489796,26.0,Over-performing
2018,2018/19,FR1,Ligue 1,1041,Olympique Lyon,36450000.0,88000000.0,-51550000.0,36.45,88.0,-51.55,12,9,3,38,21,9,8,70,47,23,72,1.8947,0.5526,3,328550000,328.55,31,37.0,12.0,0.6326530612244898,0.8826530612244898,0.25,25.0,Over-performing
2018,2018/19,L1,Bundesliga,86,SV Werder Bremen,22550000.0,24550000.0,-2000000.0,22.55,24.55,-2.0,12,9,3,34,14,11,9,58,49,9,53,1.5588,0.4118,8,135025000,135.025,51,53.0,30.0,0.46938775510204084,0.7040816326530612,0.2346938775510204,23.0,Over-performing
2018,2018/19,L1,Bundesliga,18,Borussia Mönchengladbach,27500000.0,30500000.0,-3000000.0,27.5,30.5,-3.0,4,3,1,34,16,7,11,55,42,13,55,1.6176,0.4706,5,210050000,210.05,40,46.0,25.0,0.5408163265306123,0.75,0.2091836734693877,21.0,Over-performing
2018,2018/19,IT1,Serie A,2722,SPAL,3300000.0,0.0,3300000.0,3.3,0.0,3.3,9,9,0,38,11,9,18,44,56,-12,42,1.1053,0.2895,13,39225000,39.225,37,87.0,67.0,0.12244897959183673,0.32653061224489793,0.2040816326530612,20.0,Over-performing
2018,2018/19,L1,Bundesliga,15,Bayer 04 Leverkusen,30500000.0,45000000.0,-14500000.0,30.5,45.0,-14.5,5,5,0,34,18,4,12,69,52,17,58,1.7059,0.5294,4,336875000,336.875,36,42.0,23.0,0.5816326530612245,0.7755102040816326,0.19387755102040816,19.0,Over-performing
2018,2018/19,FR1,Ligue 1,417,OGC Nice,18000000.0,24700000.0,-6700000.0,18.0,24.7,-6.7,6,5,1,38,15,11,12,30,35,-5,56,1.4737,0.3947,7,121350000,121.35,32,55.0,37.0,0.44387755102040816,0.6326530612244898,0.18877551020408168,18.0,Over-performing
2018,2018/19,GB1,Premier League,873,Crystal Palace,10700000.0,0.0,10700000.0,10.7,0.0,10.7,6,6,0,38,14,7,17,51,53,-2,49,1.2895,0.3684,12,196225000,196.225,36,71.0,52.0,0.2857142857142857,0.4744897959183674,0.18877551020408168,19.0,Over-performing
2018,2018/19,ES1,La Liga,681,Real Sociedad,12000000.0,32800000.0,-20800000.0,12.0,32.8,-20.8,7,4,3,38,13,11,14,45,46,-1,50,1.3158,0.3421,9,273600000,273.6,40,67.0,47.0,0.32653061224489793,0.5153061224489796,0.18877551020408162,20.0,Over-performing
2018,2018/19,FR1,Ligue 1,273,Stade Rennais FC,14000000.0,0.0,14000000.0,14.0,0.0,14.0,10,7,3,38,13,13,12,55,52,3,52,1.3684,0.3421,10,112575000,112.575,33,63.0,44.0,0.3622448979591837,0.5510204081632653,0.18877551020408156,19.0,Over-performing
2018,2018/19,L1,Bundesliga,16,Borussia Dortmund,60500000.0,107000000.0,-46500000.0,60.5,107.0,-46.5,13,13,0,34,23,7,4,81,44,37,76,2.2353,0.6765,2,431250000,431.25,42,25.0,7.0,0.7551020408163265,0.9387755102040817,0.1836734693877552,18.0,Over-performing
2018,2018/19,IT1,Serie A,6195,SSC Napoli,58500000.0,75500000.0,-17000000.0,58.5,75.5,-17.0,12,11,1,38,24,7,7,74,36,38,79,2.0789,0.6316,2,436125000,436.125,47,26.0,8.0,0.7448979591836735,0.9285714285714286,0.18367346938775508,18.0,Over-performing
2018,2018/19,L1,Bundesliga,44,Hertha BSC,10500000.0,16500000.0,-6000000.0,10.5,16.5,-6.0,3,3,0,34,11,10,13,49,57,-8,43,1.2647,0.3235,11,211025000,211.025,48,72.0,54.0,0.2755102040816326,0.45408163265306123,0.1785714285714286,18.0,Over-performing
2018,2018/19,ES1,La Liga,3368,Levante UD,6700000.0,41500000.0,-34800000.0,6.7,41.5,-34.8,11,11,0,38,11,11,16,59,66,-7,44,1.1579,0.2895,15,99800000,99.8,48,80.0,62.0,0.19387755102040816,0.3673469387755102,0.17346938775510207,18.0,Over-performing
2018,2018/19,GB1,Premier League,281,Manchester City,78590000.0,44600000.0,33990000.0,78.59,44.6,33.99,19,17,2,38,32,2,4,95,23,72,98,2.5789,0.8421,1,941100000,941.1,23,18.0,1.0,0.826530612244898,1.0,0.173469387755102,17.0,Over-performing
2018,2018/19,L1,Bundesliga,533,TSG 1899 Hoffenheim,23000000.0,1700000.0,21300000.0,23.0,1.7,21.3,12,11,1,34,13,12,9,70,52,18,51,1.5,0.3824,9,225825000,225.825,45,51.0,35.0,0.4846938775510204,0.6479591836734694,0.163265306122449,16.0,Over-performing
2018,2018/19,ES1,La Liga,3709,Getafe CF,24750000.0,1500000.0,23250000.0,24.75,1.5,23.25,16,15,1,38,15,14,9,48,35,13,59,1.5526,0.3947,5,90950000,90.95,52,48.0,31.0,0.5204081632653061,0.6785714285714286,0.15816326530612246,17.0,Over-performing
2018,2018/19,IT1,Serie A,46,Inter Milan,42600000.0,48570000.0,-5970000.0,42.6,48.57,-5.97,27,25,2,38,20,9,9,57,33,24,69,1.8158,0.5263,4,426450000,426.45,58,32.0,16.0,0.6836734693877551,0.8418367346938775,0.15816326530612246,16.0,Over-performing
2018,2018/19,L1,Bundesliga,24,Eintracht Frankfurt,28600000.0,17800000.0,10800000.0,28.6,17.8,10.8,13,13,0,34,15,9,10,60,48,12,54,1.5882,0.4412,7,180125000,180.125,55,44.0,29.0,0.5612244897959183,0.7142857142857143,0.15306122448979598,15.0,Over-performing
2018,2018/19,ES1,La Liga,714,RCD Espanyol Barcelona,18000000.0,27800000.0,-9800000.0,18.0,27.8,-9.8,6,5,1,38,14,11,13,48,50,-2,53,1.3947,0.3684,7,120850000,120.85,52,55.0,40.0,0.44387755102040816,0.5867346938775511,0.1428571428571429,15.0,As expected
2018,2018/19,FR1,Ligue 1,995,FC Nantes,11250000.0,1300000.0,9950000.0,11.25,1.3,9.95,6,6,0,38,13,9,16,48,48,0,48,1.2632,0.3421,12,119350000,119.35,41,70.0,56.0,0.29591836734693877,0.4387755102040816,0.14285714285714285,14.0,As expected
2018,2018/19,IT1,Serie A,749,FC Empoli,2500000.0,19500000.0,-17000000.0,2.5,19.5,-17.0,14,14,0,38,10,8,20,51,70,-19,38,1.0,0.2632,18,50950000,50.95,72,92.0,77.0,0.0663265306122449,0.20918367346938777,0.14285714285714285,15.0,As expected
2018,2018/19,ES1,La Liga,366,Real Valladolid CF,5600000.0,0.0,5600000.0,5.6,0.0,5.6,11,11,0,38,10,11,17,32,51,-19,41,1.0789,0.2632,16,70475000,70.475,52,82.0,68.0,0.17346938775510204,0.29081632653061223,0.1173469387755102,14.0,As expected
2018,2018/19,L1,Bundesliga,23826,RB Leipzig,64630000.0,72050000.0,-7420000.0,64.63,72.05,-7.42,6,6,0,34,19,9,6,63,29,34,66,1.9412,0.5588,3,353300000,353.3,27,22.0,11.0,0.7857142857142857,0.8979591836734694,0.11224489795918369,11.0,As expected
2018,2018/19,ES1,La Liga,368,Sevilla FC,33550000.0,83400000.0,-49850000.0,33.55,83.4,-49.85,20,15,5,38,17,8,13,62,47,15,59,1.5526,0.4474,6,280650000,280.65,38,41.0,31.0,0.5918367346938775,0.6785714285714286,0.08673469387755106,10.0,As expected
2018,2018/19,FR1,Ligue 1,1162,SM Caen,0.0,11500000.0,-11500000.0,0.0,11.5,-11.5,5,4,1,38,7,12,19,29,54,-25,33,0.8684,0.1842,19,59150000,59.15,39,96.0,88.0,0.02040816326530612,0.10714285714285714,0.08673469387755102,8.0,As expected
2018,2018/19,FR1,Ligue 1,667,RC Strasbourg Alsace,15750000.0,14000000.0,1750000.0,15.75,14.0,1.75,12,10,2,38,11,16,11,58,48,10,49,1.2895,0.2895,11,72300000,72.3,34,60.0,52.0,0.3979591836734694,0.4744897959183674,0.07653061224489799,8.0,As expected
2018,2018/19,IT1,Serie A,130,Parma Calcio 1913,7550000.0,280000.0,7270000.0,7.55,0.28,7.27,9,9,0,38,10,11,17,41,61,-20,41,1.0789,0.2632,14,60175000,60.175,75,78.0,68.0,0.21428571428571427,0.29081632653061223,0.07653061224489796,10.0,As expected
2018,2018/19,ES1,La Liga,621,Athletic Bilbao,26650000.0,80000000.0,-53350000.0,26.65,80.0,-53.35,7,6,1,38,13,14,11,41,45,-4,53,1.3947,0.3421,8,195750000,195.75,37,47.0,40.0,0.5306122448979592,0.5867346938775511,0.056122448979591844,7.0,As expected
2018,2018/19,IT1,Serie A,416,Torino FC,49550000.0,1500000.0,48050000.0,49.55,1.5,48.05,19,18,1,38,16,15,7,52,37,15,63,1.6579,0.4211,7,156000000,156.0,69,29.0,24.0,0.7091836734693877,0.7653061224489796,0.056122448979591844,5.0,As expected
2018,2018/19,ES1,La Liga,1244,CD Leganés,13950000.0,24600000.0,-10650000.0,13.95,24.6,-10.65,18,18,0,38,11,12,15,37,43,-6,45,1.1842,0.2895,13,69250000,69.25,40,65.0,59.0,0.3469387755102041,0.3979591836734694,0.05102040816326531,6.0,As expected
2018,2018/19,L1,Bundesliga,167,FC Augsburg,3000000.0,0.0,3000000.0,3.0,0.0,3.0,5,4,1,34,8,8,18,51,71,-20,32,0.9412,0.2353,15,116125000,116.125,54,89.0,85.0,0.09183673469387756,0.14285714285714285,0.05102040816326529,4.0,As expected
2018,2018/19,FR1,Ligue 1,1416,Amiens SC,4850000.0,8000000.0,-3150000.0,4.85,8.0,-3.15,10,10,0,38,9,11,18,31,52,-21,38,1.0,0.2368,15,35525000,35.525,34,83.0,77.0,0.16326530612244897,0.20918367346938777,0.0459183673469388,6.0,As expected
2018,2018/19,GB1,Premier League,11,Arsenal FC,77650000.0,8100000.0,69550000.0,77.65,8.1,69.55,11,9,2,38,21,7,10,73,51,22,70,1.8421,0.5526,5,436325000,436.325,29,19.0,15.0,0.8163265306122449,0.8571428571428571,0.04081632653061218,4.0,As expected
2018,2018/19,FR1,Ligue 1,40,FC Girondins Bordeaux,10070000.0,44000000.0,-33930000.0,10.07,44.0,-33.93,11,10,1,38,10,11,17,34,42,-8,41,1.0789,0.2632,14,173050000,173.05,35,74.0,68.0,0.25510204081632654,0.29081632653061223,0.0357142857142857,6.0,As expected
2018,2018/19,IT1,Serie A,398,Società Sportiva Lazio S.p.A.,37450000.0,38000000.0,-550000.0,37.45,38.0,-0.55,8,7,1,38,17,8,13,56,46,10,59,1.5526,0.4474,8,337925000,337.925,61,36.0,31.0,0.6428571428571429,0.6785714285714286,0.0357142857142857,5.0,As expected
2018,2018/19,FR1,Ligue 1,415,FC Toulouse,6250000.0,34000000.0,-27750000.0,6.25,34.0,-27.75,10,7,3,38,8,14,16,35,57,-22,38,1.0,0.2105,16,97200000,97.2,36,81.0,77.0,0.1836734693877551,0.20918367346938777,0.025510204081632654,4.0,As expected
2018,2018/19,GB1,Premier League,31,Liverpool FC,192200000.0,35200000.0,157000000.0,192.2,35.2,157.0,17,15,2,38,30,7,1,89,22,67,97,2.5526,0.7895,2,691225000,691.225,25,4.0,2.0,0.9693877551020408,0.9897959183673469,0.020408163265306145,2.0,As expected
2018,2018/19,GB1,Premier League,1010,Watford FC,23350000.0,47700000.0,-24350000.0,23.35,47.7,-24.35,13,13,0,38,14,8,16,52,59,-7,50,1.3158,0.3684,11,196550000,196.55,37,50.0,47.0,0.5,0.5153061224489796,0.015306122448979553,3.0,As expected
2018,2018/19,ES1,La Liga,131,FC Barcelona,138900000.0,82500000.0,56400000.0,138.9,82.5,56.4,15,11,4,38,26,9,3,90,36,54,87,2.2895,0.6842,1,1120400000,1120.4,30,7.0,6.0,0.9387755102040817,0.9489795918367347,0.010204081632653073,1.0,As expected
2018,2018/19,IT1,Serie A,8970,Frosinone Calcio,1500000.0,500000.0,1000000.0,1.5,0.5,1.0,7,6,1,38,5,10,23,29,69,-40,25,0.6579,0.1316,19,37850000,37.85,44,95.0,94.0,0.04081632653061224,0.05102040816326531,0.010204081632653066,1.0,As expected
2018,2018/19,FR1,Ligue 1,855,EA Guingamp,2500000.0,0.0,2500000.0,2.5,0.0,2.5,5,4,1,38,5,12,21,28,68,-40,27,0.7105,0.1316,20,41325000,41.325,27,92.0,92.0,0.0663265306122449,0.07142857142857142,0.005102040816326522,0.0,As expected
2018,2018/19,ES1,La Liga,13,Atlético de Madrid,135500000.0,51000000.0,84500000.0,135.5,51.0,84.5,20,18,2,38,22,10,6,55,29,26,76,2.0,0.5789,2,752650000,752.65,42,8.0,9.0,0.9285714285714286,0.9183673469387755,-0.010204081632653073,-1.0,As expected
2018,2018/19,FR1,Ligue 1,583,Paris Saint-Germain,262000000.0,85550000.0,176450000.0,262.0,85.55,176.45,14,9,5,38,29,4,5,105,35,70,91,2.3947,0.7632,1,820450000,820.45,28,1.0,3.0,1.0,0.9795918367346939,-0.020408163265306145,-2.0,As expected
2018,2018/19,IT1,Serie A,506,Juventus FC,213700000.0,73940000.0,139760000.0,213.7,73.94,139.76,14,14,0,38,28,6,4,70,30,40,90,2.3684,0.7368,1,528325000,528.325,46,2.0,4.0,0.9897959183673469,0.9693877551020408,-0.020408163265306145,-2.0,As expected
2018,2018/19,IT1,Serie A,1038,UC Sampdoria,35100000.0,72350000.0,-37250000.0,35.1,72.35,-37.25,11,11,0,38,15,8,15,60,51,9,53,1.3947,0.3947,9,238850000,238.85,85,39.0,40.0,0.6122448979591837,0.5867346938775511,-0.025510204081632626,-1.0,As expected
2018,2018/19,ES1,La Liga,5358,SD Huesca,4500000.0,0.0,4500000.0,4.5,0.0,4.5,9,9,0,38,7,12,19,43,65,-22,33,0.8684,0.1842,19,40300000,40.3,32,85.0,88.0,0.14285714285714285,0.10714285714285714,-0.03571428571428571,-3.0,As expected
2018,2018/19,GB1,Premier League,985,Manchester United,81000000.0,23350000.0,57650000.0,81.0,23.35,57.65,6,5,1,38,19,9,10,65,54,11,66,1.7368,0.5,6,851350000,851.35,32,17.0,20.0,0.8367346938775511,0.7959183673469388,-0.04081632653061229,-3.0,As expected
2018,2018/19,IT1,Serie A,1390,Cagliari Calcio,13675000.0,0.0,13675000.0,13.675,0.0,13.675,11,11,0,38,10,11,17,36,54,-18,41,1.0789,0.2632,15,165975000,165.975,68,66.0,68.0,0.336734693877551,0.29081632653061223,-0.04591836734693877,-2.0,As expected
2018,2018/19,IT1,Serie A,1025,Bologna Football Club 1909,16200000.0,42650000.0,-26450000.0,16.2,42.65,-26.45,12,12,0,38,11,11,16,48,56,-8,44,1.1579,0.2895,10,110225000,110.225,80,58.0,62.0,0.41836734693877553,0.3673469387755102,-0.05102040816326531,-4.0,As expected
2018,2018/19,ES1,La Liga,12321,Girona FC,10000000.0,1800000.0,8200000.0,10.0,1.8,8.2,4,2,2,38,9,10,19,37,53,-16,37,0.9737,0.2368,18,78250000,78.25,23,75.0,81.0,0.23979591836734693,0.1836734693877551,-0.056122448979591816,-6.0,As expected
2018,2018/19,L1,Bundesliga,39,1.FSV Mainz 05,23500000.0,25800000.0,-2300000.0,23.5,25.8,-2.3,12,8,4,34,12,7,15,46,57,-11,43,1.2647,0.3529,12,103725000,103.725,51,49.0,54.0,0.5102040816326531,0.45408163265306123,-0.056122448979591844,-5.0,As expected
2018,2018/19,L1,Bundesliga,4,1.FC Nuremberg,3000000.0,0.0,3000000.0,3.0,0.0,3.0,3,3,0,34,3,10,21,26,68,-42,19,0.5588,0.0882,18,38200000,38.2,31,89.0,96.0,0.09183673469387756,0.030612244897959183,-0.06122448979591837,-7.0,As expected
2018,2018/19,FR1,Ligue 1,244,Olympique Marseille,66000000.0,32850000.0,33150000.0,66.0,32.85,33.15,7,6,1,38,18,7,13,60,52,8,61,1.6053,0.4737,5,206675000,206.675,33,21.0,27.0,0.7959183673469388,0.7295918367346939,-0.06632653061224492,-6.0,As expected
2018,2018/19,FR1,Ligue 1,2969,Dijon FCO,7200000.0,0.0,7200000.0,7.2,0.0,7.2,4,3,1,38,9,7,22,31,60,-29,34,0.8947,0.2368,18,80900000,80.9,35,79.0,86.0,0.20408163265306123,0.12755102040816327,-0.07653061224489796,-7.0,As expected
2018,2018/19,GB1,Premier League,631,Chelsea FC,201000000.0,35000000.0,166000000.0,201.0,35.0,166.0,20,19,1,38,21,9,8,63,39,24,72,1.8947,0.5526,3,733800000,733.8,33,3.0,12.0,0.9795918367346939,0.8826530612244898,-0.09693877551020402,-9.0,As expected
2018,2018/19,IT1,Serie A,12,Associazione Sportiva Roma,121150000.0,110500000.0,10650000.0,121.15,110.5,10.65,21,20,1,38,18,12,8,66,48,18,66,1.7368,0.4737,6,369300000,369.3,62,9.0,20.0,0.9183673469387755,0.7959183673469388,-0.12244897959183676,-11.0,As expected
2018,2018/19,IT1,Serie A,5,AC Milan,151440000.0,65000000.0,86440000.0,151.44,65.0,86.44,15,14,1,38,19,11,8,55,36,19,68,1.7895,0.5,5,420225000,420.225,51,6.0,18.0,0.9489795918367347,0.8214285714285714,-0.12755102040816335,-12.0,As expected
2018,2018/19,IT1,Serie A,862,Chievo Verona,4600000.0,9400000.0,-4800000.0,4.6,9.4,-4.8,10,10,0,38,2,14,22,25,75,-50,20,0.5263,0.0526,20,42150000,42.15,80,84.0,97.0,0.15306122448979592,0.02040816326530612,-0.1326530612244898,-13.0,As expected
2018,2018/19,ES1,La Liga,418,Real Madrid,164750000.0,132500000.0,32250000.0,164.75,132.5,32.25,21,16,5,38,21,5,12,63,46,17,68,1.7895,0.5526,3,1136350000,1136.35,31,5.0,18.0,0.9591836734693877,0.8214285714285714,-0.1377551020408163,-13.0,As expected
2018,2018/19,ES1,La Liga,150,Real Betis Balompié,38500000.0,41250000.0,-2750000.0,38.5,41.25,-2.75,12,11,1,38,14,8,16,44,52,-8,50,1.3158,0.3684,10,164650000,164.65,54,35.0,47.0,0.6530612244897959,0.5153061224489796,-0.1377551020408163,-12.0,As expected
2018,2018/19,ES1,La Liga,1049,Valencia CF,106200000.0,63600000.0,42600000.0,106.2,63.6,42.6,16,14,2,38,15,16,7,51,35,16,61,1.6053,0.3947,4,301575000,301.575,40,12.0,27.0,0.8877551020408163,0.7295918367346939,-0.15816326530612246,-15.0,Under-performing
2018,2018/19,GB1,Premier League,1132,Burnley FC,16100000.0,0.0,16100000.0,16.1,0.0,16.1,4,3,1,38,11,7,20,45,68,-23,40,1.0526,0.2895,15,186275000,186.275,36,59.0,75.0,0.40816326530612246,0.24489795918367346,-0.163265306122449,-16.0,Under-performing
2018,2018/19,L1,Bundesliga,60,SC Freiburg,16500000.0,22050000.0,-5550000.0,16.5,22.05,-5.55,11,9,2,34,8,12,14,46,61,-15,36,1.0588,0.2353,13,110075000,110.075,46,57.0,74.0,0.42857142857142855,0.25510204081632654,-0.173469387755102,-17.0,Under-performing
2018,2018/19,ES1,La Liga,367,Rayo Vallecano,10450000.0,13000000.0,-2550000.0,10.45,13.0,-2.55,13,13,0,38,8,8,22,41,70,-29,32,0.8421,0.2105,20,33950000,33.95,38,73.0,90.0,0.2653061224489796,0.09183673469387756,-0.17346938775510207,-17.0,Under-performing
2018,2018/19,GB1,Premier League,603,Cardiff City,11350000.0,0.0,11350000.0,11.35,0.0,11.35,3,3,0,38,10,4,24,34,69,-35,34,0.8947,0.2632,18,65100000,65.1,22,69.0,86.0,0.30612244897959184,0.12755102040816327,-0.17857142857142858,-17.0,Under-performing
2018,2018/19,GB1,Premier League,543,Wolverhampton Wanderers,97600000.0,3400000.0,94200000.0,97.6,3.4,94.2,17,16,1,38,16,9,13,47,46,1,57,1.5,0.4211,7,173600000,173.6,20,14.0,35.0,0.8673469387755102,0.6479591836734694,-0.21938775510204078,-21.0,Under-performing
2018,2018/19,GB1,Premier League,1110,Huddersfield Town,10000000.0,0.0,10000000.0,10.0,0.0,10.0,5,5,0,38,3,7,28,22,76,-54,16,0.4211,0.0789,20,102250000,102.25,27,75.0,98.0,0.23979591836734693,0.01020408163265306,-0.22959183673469385,-23.0,Under-performing
2018,2018/19,GB1,Premier League,29,Everton FC,89650000.0,27100000.0,62550000.0,89.65,27.1,62.55,15,15,0,38,15,9,14,54,46,8,54,1.4211,0.3947,8,432000000,432.0,36,16.0,39.0,0.8469387755102041,0.6122448979591837,-0.23469387755102045,-23.0,Under-performing
2018,2018/19,ES1,La Liga,940,Celta de Vigo,29500000.0,30400000.0,-900000.0,29.5,30.4,-0.9,15,11,4,38,10,11,17,53,62,-9,41,1.0789,0.2632,17,237150000,237.15,49,43.0,68.0,0.5714285714285714,0.29081632653061223,-0.28061224489795916,-25.0,Under-performing
2018,2018/19,IT1,Serie A,410,Udinese Calcio,39300000.0,10960000.0,28340000.0,39.3,10.96,28.34,24,23,1,38,11,10,17,39,53,-14,43,1.1316,0.2895,12,153000000,153.0,73,34.0,65.0,0.6632653061224489,0.34183673469387754,-0.3214285714285714,-31.0,Under-performing
2018,2018/19,GB1,Premier League,379,West Ham United,99400000.0,12400000.0,87000000.0,99.4,12.4,87.0,13,12,1,38,15,7,16,52,55,-3,52,1.3684,0.3947,10,220525000,220.525,31,13.0,44.0,0.8775510204081632,0.5510204081632653,-0.326530612244898,-31.0,Under-performing
2018,2018/19,GB1,Premier League,762,Newcastle United,49700000.0,47650000.0,2050000.0,49.7,47.65,2.05,11,10,1,38,12,9,17,42,48,-6,45,1.1842,0.3158,13,171650000,171.65,29,28.0,59.0,0.7244897959183674,0.3979591836734694,-0.326530612244898,-31.0,Under-performing
2018,2018/19,L1,Bundesliga,42,Hannover 96,14400000.0,500000.0,13900000.0,14.4,0.5,13.9,9,8,1,34,5,6,23,31,71,-40,21,0.6176,0.1471,17,88850000,88.85,44,62.0,95.0,0.37755102040816324,0.04081632653061224,-0.336734693877551,-33.0,Under-performing
2018,2018/19,GB1,Premier League,1003,Leicester City,114600000.0,94300000.0,20300000.0,114.6,94.3,20.3,15,14,1,38,15,7,16,51,48,3,52,1.3684,0.3947,9,327200000,327.2,33,11.0,44.0,0.8979591836734694,0.5510204081632653,-0.34693877551020413,-33.0,Under-performing
2018,2018/19,IT1,Serie A,6574,US Sassuolo,49470000.0,27000000.0,22470000.0,49.47,27.0,22.47,20,18,2,38,9,16,13,53,60,-7,43,1.1316,0.2368,11,112175000,112.175,67,31.0,65.0,0.6938775510204082,0.34183673469387754,-0.3520408163265306,-34.0,Under-performing
2018,2018/19,IT1,Serie A,252,Genoa CFC,34200000.0,81450000.0,-47250000.0,34.2,81.45,-47.25,27,27,0,38,8,14,16,39,57,-18,38,1.0,0.2105,17,150200000,150.2,94,40.0,77.0,0.6020408163265306,0.20918367346938777,-0.39285714285714285,-37.0,Under-performing
2018,2018/19,ES1,La Liga,1050,Villarreal CF,60900000.0,49800000.0,11100000.0,60.9,49.8,11.1,20,14,6,38,10,14,14,49,52,-3,44,1.1579,0.2632,14,169550000,169.55,36,24.0,62.0,0.7653061224489796,0.3673469387755102,-0.39795918367346933,-38.0,Under-performing
2018,2018/19,IT1,Serie A,430,ACF Fiorentina,55350000.0,17300000.0,38050000.0,55.35,17.3,38.05,29,27,2,38,8,17,13,47,45,2,41,1.0789,0.2105,16,241050000,241.05,51,27.0,68.0,0.7346938775510204,0.29081632653061223,-0.4438775510204082,-41.0,Under-performing
2018,2018/19,L1,Bundesliga,33,FC Schalke 04,36000000.0,37000000.0,-1000000.0,36.0,37.0,-1.0,7,6,1,34,8,9,17,37,55,-18,33,0.9706,0.2353,14,283175000,283.175,38,38.0,82.0,0.6224489795918368,0.17346938775510204,-0.44897959183673475,-44.0,Under-performing
2018,2018/19,GB1,Premier League,989,AFC Bournemouth,91600000.0,2000000.0,89600000.0,91.6,2.0,89.6,9,9,0,38,13,6,19,56,70,-14,45,1.1842,0.3421,14,191350000,191.35,28,15.0,59.0,0.8571428571428571,0.3979591836734694,-0.4591836734693877,-44.0,Under-performing
2018,2018/19,GB1,Premier League,180,Southampton FC,62250000.0,13700000.0,48550000.0,62.25,13.7,48.55,15,13,2,38,9,12,17,45,65,-20,39,1.0263,0.2368,16,291925000,291.925,34,23.0,76.0,0.7755102040816326,0.23469387755102042,-0.5408163265306122,-53.0,Under-performing
2018,2018/19,L1,Bundesliga,79,VfB Stuttgart,39760000.0,2000000.0,37760000.0,39.76,2.0,37.76,12,12,0,34,7,7,20,32,70,-38,28,0.8235,0.2059,16,155425000,155.425,41,33.0,91.0,0.673469387755102,0.08163265306122448,-0.5918367346938775,-58.0,Under-performing
2018,2018/19,GB1,Premier League,1237,Brighton & Hove Albion,77120000.0,7300000.0,69820000.0,77.12,7.3,69.82,23,22,1,38,9,9,20,35,60,-25,36,0.9474,0.2368,17,100950000,100.95,23,20.0,83.0,0.8061224489795918,0.15816326530612246,-0.6479591836734694,-63.0,Under-performing
2018,2018/19,GB1,Premier League,931,Fulham FC,49550000.0,850000.0,48700000.0,49.55,0.85,48.7,8,8,0,38,7,5,26,34,81,-47,26,0.6842,0.1842,19,168075000,168.075,23,29.0,93.0,0.7091836734693877,0.061224489795918366,-0.6479591836734694,-64.0,Under-performing
2018,2018/19,FR1,Ligue 1,162,AS Monaco,117200000.0,330350000.0,-213150000.0,117.2,330.35,-213.15,24,21,3,38,8,12,18,38,57,-19,36,0.9474,0.2105,17,335875000,335.875,30,10.0,83.0,0.9081632653061225,0.15816326530612246,-0.75,-73.0,Under-performing
2019,2019/20,GB1,Premier League,31,Liverpool FC,10400000.0,42800000.0,-32400000.0,10.4,42.8,-32.4,16,13,3,38,32,3,3,85,33,52,99,2.6053,0.8421,1,1021825000,1021.825,31,76.0,1.0,0.23469387755102042,1.0,0.7653061224489796,75.0,Over-performing
2019,2019/20,FR1,Ligue 1,244,Olympique Marseille,13000000.0,27250000.0,-14250000.0,13.0,27.25,-14.25,3,1,2,28,16,8,4,41,29,12,56,2.0,0.5714,2,216750000,216.75,34,67.0,12.0,0.32653061224489793,0.8877551020408163,0.5612244897959184,55.0,Over-performing
2019,2019/20,ES1,La Liga,621,Athletic Bilbao,0.0,0.0,0.0,0.0,0.0,0.0,5,2,3,38,13,12,13,41,38,3,51,1.3421,0.3421,11,231700000,231.7,44,97.0,48.0,0.015306122448979591,0.5153061224489796,0.49999999999999994,49.0,Over-performing
2019,2019/20,FR1,Ligue 1,1420,Angers SCO,1500000.0,34000000.0,-32500000.0,1.5,34.0,-32.5,6,6,0,28,11,6,11,28,33,-5,39,1.3929,0.3929,10,109200000,109.2,47,93.0,45.0,0.061224489795918366,0.5510204081632653,0.48979591836734687,48.0,Over-performing
2019,2019/20,ES1,La Liga,16795,Granada CF,10240000.0,0.0,10240000.0,10.24,0.0,10.24,12,11,1,38,16,8,14,52,45,7,56,1.4737,0.4211,7,43600000,43.6,43,78.0,30.0,0.21428571428571427,0.6938775510204082,0.47959183673469385,48.0,Over-performing
2019,2019/20,FR1,Ligue 1,667,RC Strasbourg Alsace,7500000.0,21500000.0,-14000000.0,7.5,21.5,-14.0,4,3,1,27,11,5,11,32,32,0,38,1.4074,0.4074,10,103900000,103.9,34,84.0,43.0,0.15306122448979592,0.5714285714285714,0.4183673469387755,41.0,Over-performing
2019,2019/20,ES1,La Liga,1050,Villarreal CF,13300000.0,42800000.0,-29500000.0,13.3,42.8,-29.5,11,11,0,38,18,6,14,63,49,14,60,1.5789,0.4737,5,231225000,231.225,40,66.0,26.0,0.336734693877551,0.7448979591836735,0.4081632653061225,40.0,Over-performing
2019,2019/20,IT1,Serie A,130,Parma Calcio 1913,5373000.0,8800000.0,-3427000.0,5.373,8.8,-3.427,18,18,0,38,14,7,17,56,57,-1,49,1.2895,0.3684,11,106725000,106.725,80,90.0,53.0,0.09183673469387756,0.4489795918367347,0.35714285714285715,37.0,Over-performing
2019,2019/20,ES1,La Liga,3709,Getafe CF,11000000.0,9000000.0,2000000.0,11.0,9.0,2.0,9,9,0,38,14,12,12,43,37,6,54,1.4211,0.3684,8,126200000,126.2,48,73.0,39.0,0.25510204081632654,0.6020408163265306,0.3469387755102041,34.0,Over-performing
2019,2019/20,L1,Bundesliga,18,Borussia Mönchengladbach,40500000.0,25500000.0,15000000.0,40.5,25.5,15.0,6,6,0,34,20,5,9,66,40,26,65,1.9118,0.5882,4,268750000,268.75,42,48.0,14.0,0.5204081632653061,0.8673469387755102,0.346938775510204,34.0,Over-performing
2019,2019/20,IT1,Serie A,398,Società Sportiva Lazio S.p.A.,45115000.0,30800000.0,14315000.0,45.115,30.8,14.315,14,14,0,38,24,6,8,79,42,37,78,2.0526,0.6316,4,282800000,282.8,63,43.0,9.0,0.5714285714285714,0.9132653061224489,0.34183673469387754,34.0,Over-performing
2019,2019/20,L1,Bundesliga,60,SC Freiburg,11000000.0,5000000.0,6000000.0,11.0,5.0,6.0,9,7,2,34,13,9,12,48,47,1,48,1.4118,0.3824,8,133825000,133.825,45,73.0,42.0,0.25510204081632654,0.5816326530612245,0.32653061224489793,31.0,Over-performing
2019,2019/20,FR1,Ligue 1,3911,Stade Brestois 29,5500000.0,0.0,5500000.0,5.5,0.0,5.5,5,4,1,28,8,10,10,34,37,-3,34,1.2143,0.2857,14,26250000,26.25,23,89.0,59.0,0.10204081632653061,0.4030612244897959,0.3010204081632653,30.0,Over-performing
2019,2019/20,FR1,Ligue 1,583,Paris Saint-Germain,63000000.0,96400000.0,-33400000.0,63.0,96.4,-33.4,16,11,5,27,22,2,3,75,24,51,68,2.5185,0.8148,1,933700000,933.7,28,31.0,2.0,0.6938775510204082,0.9897959183673469,0.29591836734693877,29.0,Over-performing
2019,2019/20,ES1,La Liga,366,Real Valladolid CF,0.0,8000000.0,-8000000.0,0.0,8.0,-8.0,12,10,2,38,9,15,14,32,43,-11,42,1.1053,0.2368,13,110800000,110.8,52,97.0,68.0,0.015306122448979591,0.30612244897959184,0.29081632653061223,29.0,Over-performing
2019,2019/20,IT1,Serie A,800,Atalanta BC,55400000.0,74600000.0,-19200000.0,55.4,74.6,-19.2,30,27,3,38,23,9,6,98,48,50,78,2.0526,0.6053,3,315525000,315.525,91,38.0,9.0,0.6224489795918368,0.9132653061224489,0.2908163265306122,29.0,Over-performing
2019,2019/20,ES1,La Liga,3368,Levante UD,8600000.0,12500000.0,-3900000.0,8.6,12.5,-3.9,12,11,1,38,14,7,17,47,53,-6,49,1.2895,0.3684,12,118900000,118.9,49,81.0,53.0,0.1836734693877551,0.4489795918367347,0.26530612244897955,28.0,Over-performing
2019,2019/20,FR1,Ligue 1,1421,Stade Reims,20700000.0,25600000.0,-4900000.0,20.7,25.6,-4.9,13,11,2,28,10,11,7,26,21,5,41,1.4643,0.3571,5,86450000,86.45,42,59.0,33.0,0.40816326530612246,0.6683673469387755,0.2602040816326531,26.0,Over-performing
2019,2019/20,FR1,Ligue 1,969,Montpellier HSC,16000000.0,40000000.0,-24000000.0,16.0,40.0,-24.0,5,4,1,28,11,7,10,35,34,1,40,1.4286,0.3929,8,89150000,89.15,39,62.0,36.0,0.37755102040816324,0.6326530612244898,0.2551020408163266,26.0,Over-performing
2019,2019/20,L1,Bundesliga,89,1.FC Union Berlin,7150000.0,1250000.0,5900000.0,7.15,1.25,5.9,14,13,1,34,12,5,17,41,58,-17,41,1.2059,0.3529,11,43700000,43.7,36,85.0,61.0,0.14285714285714285,0.3826530612244898,0.23979591836734693,24.0,Over-performing
2019,2019/20,ES1,La Liga,331,CA Osasuna,11700000.0,0.0,11700000.0,11.7,0.0,11.7,15,13,2,38,13,13,12,46,54,-8,52,1.3684,0.3421,10,56650000,56.65,55,70.0,46.0,0.29591836734693877,0.5357142857142857,0.23979591836734693,24.0,Over-performing
2019,2019/20,GB1,Premier League,631,Chelsea FC,45000000.0,14800000.0,30200000.0,45.0,14.8,30.2,16,12,4,38,20,6,12,69,54,15,66,1.7368,0.5263,4,810825000,810.825,37,44.0,21.0,0.5612244897959183,0.7857142857142857,0.22448979591836737,23.0,Over-performing
2019,2019/20,ES1,La Liga,681,Real Sociedad,29500000.0,8000000.0,21500000.0,29.5,8.0,21.5,14,10,4,38,16,8,14,56,48,8,56,1.4737,0.4211,6,349450000,349.45,42,52.0,30.0,0.47959183673469385,0.6938775510204082,0.2142857142857143,22.0,Over-performing
2019,2019/20,GB1,Premier League,873,Crystal Palace,6100000.0,55000000.0,-48900000.0,6.1,55.0,-48.9,3,3,0,38,11,10,17,31,50,-19,43,1.1316,0.2895,14,195950000,195.95,31,88.0,67.0,0.11224489795918367,0.32653061224489793,0.21428571428571425,21.0,Over-performing
2019,2019/20,FR1,Ligue 1,40,FC Girondins Bordeaux,12000000.0,62250000.0,-50250000.0,12.0,62.25,-50.25,7,7,0,28,9,10,9,40,34,6,37,1.3214,0.3214,12,119650000,119.65,37,69.0,51.0,0.30612244897959184,0.4846938775510204,0.17857142857142855,18.0,Over-performing
2019,2019/20,L1,Bundesliga,533,TSG 1899 Hoffenheim,42000000.0,94850000.0,-52850000.0,42.0,94.85,-52.85,15,15,0,34,15,7,12,53,53,0,52,1.5294,0.4412,6,290550000,290.55,42,46.0,29.0,0.5408163265306123,0.7142857142857143,0.173469387755102,17.0,Over-performing
2019,2019/20,FR1,Ligue 1,273,Stade Rennais FC,56600000.0,54550000.0,2050000.0,56.6,54.55,2.05,12,8,4,28,15,5,8,38,24,14,50,1.7857,0.5357,3,172675000,172.675,40,36.0,19.0,0.6428571428571429,0.8163265306122449,0.173469387755102,17.0,Over-performing
2019,2019/20,GB1,Premier League,1132,Burnley FC,22750000.0,8800000.0,13950000.0,22.75,8.8,13.95,4,4,0,38,15,9,14,43,50,-7,54,1.4211,0.3947,10,194100000,194.1,32,56.0,39.0,0.4387755102040816,0.6020408163265306,0.163265306122449,17.0,Over-performing
2019,2019/20,L1,Bundesliga,82,VfL Wolfsburg,33700000.0,10000000.0,23700000.0,33.7,10.0,23.7,9,8,1,34,13,10,11,48,46,2,49,1.4412,0.3824,7,215500000,215.5,42,50.0,35.0,0.5,0.6530612244897959,0.15306122448979587,15.0,Over-performing
2019,2019/20,IT1,Serie A,410,Udinese Calcio,10350000.0,54200000.0,-43850000.0,10.35,54.2,-43.85,17,15,2,38,12,9,17,37,51,-14,45,1.1842,0.3158,13,148100000,148.1,70,77.0,63.0,0.22448979591836735,0.3622448979591837,0.13775510204081634,14.0,As expected
2019,2019/20,L1,Bundesliga,27,Bayern Munich,118000000.0,54000000.0,64000000.0,118.0,54.0,64.0,9,7,2,34,26,4,4,100,32,68,82,2.4118,0.7647,1,820500000,820.5,40,16.0,3.0,0.8469387755102041,0.9795918367346939,0.13265306122448972,13.0,As expected
2019,2019/20,L1,Bundesliga,23826,RB Leipzig,91700000.0,40250000.0,51450000.0,91.7,40.25,51.45,9,8,1,34,18,12,4,81,37,44,66,1.9412,0.5294,3,494575000,494.575,34,26.0,13.0,0.7448979591836735,0.8775510204081632,0.13265306122448972,13.0,As expected
2019,2019/20,L1,Bundesliga,16,Borussia Dortmund,101000000.0,71000000.0,30000000.0,101.0,71.0,30.0,11,10,1,34,21,6,7,84,41,43,69,2.0294,0.6176,2,546700000,546.7,39,23.0,11.0,0.7755102040816326,0.8979591836734694,0.12244897959183676,12.0,As expected
2019,2019/20,FR1,Ligue 1,995,FC Nantes,15750000.0,37000000.0,-21250000.0,15.75,37.0,-21.25,17,12,5,28,11,4,13,28,31,-3,37,1.3214,0.3929,13,116450000,116.45,48,63.0,51.0,0.3673469387755102,0.4846938775510204,0.11734693877551017,12.0,As expected
2019,2019/20,IT1,Serie A,1005,US Lecce,1300000.0,0.0,1300000.0,1.3,0.0,1.3,16,14,2,38,9,8,21,52,85,-33,35,0.9211,0.2368,18,18475000,18.475,22,95.0,85.0,0.04081632653061224,0.1377551020408163,0.09693877551020408,10.0,As expected
2019,2019/20,L1,Bundesliga,15,Bayer 04 Leverkusen,99700000.0,33500000.0,66200000.0,99.7,33.5,66.2,8,8,0,34,19,6,9,61,44,17,63,1.8529,0.5588,5,442700000,442.7,43,24.0,15.0,0.7653061224489796,0.8571428571428571,0.09183673469387754,9.0,As expected
2019,2019/20,FR1,Ligue 1,2969,Dijon FCO,7665000.0,18000000.0,-10335000.0,7.665,18.0,-10.335,13,12,1,28,7,9,12,27,37,-10,30,1.0714,0.25,16,69450000,69.45,38,83.0,74.0,0.16326530612244897,0.25,0.08673469387755103,9.0,As expected
2019,2019/20,FR1,Ligue 1,1160,Nîmes Olympique,5250000.0,15500000.0,-10250000.0,5.25,15.5,-10.25,4,3,1,28,7,6,15,29,44,-15,27,0.9643,0.25,18,86650000,86.65,34,91.0,83.0,0.08163265306122448,0.16326530612244897,0.08163265306122448,8.0,As expected
2019,2019/20,FR1,Ligue 1,417,OGC Nice,50000000.0,22000000.0,28000000.0,50.0,22.0,28.0,15,11,4,28,11,8,9,41,38,3,41,1.4643,0.3929,6,136425000,136.425,31,41.0,33.0,0.5918367346938775,0.6683673469387755,0.07653061224489799,8.0,As expected
2019,2019/20,ES1,La Liga,1108,Deportivo Alavés,6540000.0,18000000.0,-11460000.0,6.54,18.0,-11.46,11,10,1,38,10,9,19,34,59,-25,39,1.0263,0.2632,16,111000000,111.0,38,87.0,79.0,0.12244897959183673,0.19387755102040816,0.07142857142857142,8.0,As expected
2019,2019/20,IT1,Serie A,276,Hellas Verona,16763000.0,39400000.0,-22637000.0,16.763,39.4,-22.637,23,22,1,38,12,13,13,47,51,-4,49,1.2895,0.3158,9,53275000,53.275,67,61.0,53.0,0.3877551020408163,0.4489795918367347,0.06122448979591838,8.0,As expected
2019,2019/20,FR1,Ligue 1,347,FC Metz,14350000.0,2600000.0,11750000.0,14.35,2.6,11.75,15,14,1,28,8,10,10,27,35,-8,34,1.2143,0.2857,15,54400000,54.4,50,65.0,59.0,0.3469387755102041,0.4030612244897959,0.056122448979591844,6.0,As expected
2019,2019/20,FR1,Ligue 1,618,AS Saint-Étienne,9950000.0,43000000.0,-33050000.0,9.95,43.0,-33.05,14,12,2,28,8,6,14,29,45,-16,30,1.0714,0.2857,17,105100000,105.1,27,80.0,74.0,0.19387755102040816,0.25,0.056122448979591844,6.0,As expected
2019,2019/20,FR1,Ligue 1,1082,LOSC Lille,99400000.0,171000000.0,-71600000.0,99.4,171.0,-71.6,18,17,1,28,15,4,9,35,27,8,49,1.75,0.5357,4,225150000,225.15,30,25.0,20.0,0.7551020408163265,0.8061224489795918,0.05102040816326536,5.0,As expected
2019,2019/20,ES1,La Liga,1533,SD Eibar,11000000.0,26000000.0,-15000000.0,11.0,26.0,-15.0,6,6,0,38,11,9,18,39,56,-17,42,1.1053,0.2895,14,73650000,73.65,49,73.0,68.0,0.25510204081632654,0.30612244897959184,0.05102040816326531,5.0,As expected
2019,2019/20,IT1,Serie A,12,Associazione Sportiva Roma,113900000.0,96680000.0,17220000.0,113.9,96.68,17.22,22,22,0,38,21,7,10,77,51,26,70,1.8421,0.5526,5,286950000,286.95,56,19.0,16.0,0.8163265306122449,0.8367346938775511,0.020408163265306145,3.0,As expected
2019,2019/20,IT1,Serie A,46,Inter Milan,177500000.0,49740000.0,127760000.0,177.5,49.74,127.76,33,30,3,38,24,10,4,81,36,45,82,2.1579,0.6316,2,432075000,432.075,61,8.0,6.0,0.9285714285714286,0.9438775510204082,0.015306122448979553,2.0,As expected
2019,2019/20,GB1,Premier League,281,Manchester City,169820000.0,59500000.0,110320000.0,169.82,59.5,110.32,26,23,3,38,26,3,9,102,35,67,81,2.1316,0.6842,2,1080525000,1080.525,26,9.0,8.0,0.9183673469387755,0.9285714285714286,0.010204081632653073,1.0,As expected
2019,2019/20,L1,Bundesliga,127,SC Paderborn 07,550000.0,800000.0,-250000.0,0.55,0.8,-0.25,8,7,1,34,4,8,22,37,74,-37,20,0.5882,0.1176,18,21350000,21.35,29,96.0,95.0,0.030612244897959183,0.04081632653061224,0.010204081632653059,1.0,As expected
2019,2019/20,ES1,La Liga,237,RCD Mallorca,3700000.0,0.0,3700000.0,3.7,0.0,3.7,20,19,1,38,9,6,23,40,65,-25,33,0.8684,0.2368,19,48750000,48.75,33,92.0,91.0,0.07142857142857142,0.08163265306122448,0.010204081632653059,1.0,As expected
2019,2019/20,IT1,Serie A,506,Juventus FC,196300000.0,189450000.0,6850000.0,196.3,189.45,6.85,11,11,0,38,26,5,7,76,43,33,83,2.1842,0.6842,1,704525000,704.525,54,6.0,5.0,0.9489795918367347,0.9591836734693877,0.010204081632652962,1.0,As expected
2019,2019/20,ES1,La Liga,418,Real Madrid,238500000.0,132800000.0,105700000.0,238.5,132.8,105.7,23,21,2,38,26,9,3,70,25,45,87,2.2895,0.6842,1,1011800000,1011.8,32,3.0,4.0,0.9795918367346939,0.9693877551020408,-0.010204081632653073,-1.0,As expected
2019,2019/20,GB1,Premier League,1123,Norwich City,1330000.0,1000000.0,330000.0,1.33,1.0,0.33,10,8,2,38,5,6,27,26,75,-49,21,0.5526,0.1316,20,131150000,131.15,42,94.0,96.0,0.05102040816326531,0.030612244897959183,-0.020408163265306124,-2.0,As expected
2019,2019/20,GB1,Premier League,1003,Leicester City,104300000.0,88500000.0,15800000.0,104.3,88.5,15.8,10,9,1,38,18,8,12,67,41,26,62,1.6316,0.4737,5,415350000,415.35,37,21.0,24.0,0.7959183673469388,0.7602040816326531,-0.0357142857142857,-3.0,As expected
2019,2019/20,L1,Bundesliga,38,Fortuna Düsseldorf,6750000.0,11500000.0,-4750000.0,6.75,11.5,-4.75,7,7,0,34,6,12,16,36,67,-31,30,0.8824,0.1765,17,90050000,90.05,46,86.0,90.0,0.1326530612244898,0.09183673469387756,-0.04081632653061225,-4.0,As expected
2019,2019/20,ES1,La Liga,131,FC Barcelona,304000000.0,120900000.0,183100000.0,304.0,120.9,183.1,20,17,3,38,25,7,6,86,38,48,82,2.1579,0.6579,2,1049900000,1049.9,29,1.0,6.0,1.0,0.9438775510204082,-0.056122448979591844,-5.0,As expected
2019,2019/20,ES1,La Liga,368,Sevilla FC,162500000.0,105400000.0,57100000.0,162.5,105.4,57.1,24,24,0,38,19,13,6,54,34,20,70,1.8421,0.5,4,337400000,337.4,36,10.0,16.0,0.9081632653061225,0.8367346938775511,-0.0714285714285714,-6.0,As expected
2019,2019/20,GB1,Premier League,350,Sheffield United,59100000.0,0.0,59100000.0,59.1,0.0,59.1,13,11,2,38,14,12,12,39,39,0,54,1.4211,0.3684,9,76950000,76.95,24,33.0,39.0,0.673469387755102,0.6020408163265306,-0.0714285714285714,-6.0,As expected
2019,2019/20,L1,Bundesliga,86,SV Werder Bremen,10000000.0,0.0,10000000.0,10.0,0.0,10.0,12,11,1,34,8,7,19,42,69,-27,31,0.9118,0.2353,16,163500000,163.5,48,79.0,87.0,0.20408163265306123,0.12244897959183673,-0.0816326530612245,-8.0,As expected
2019,2019/20,IT1,Serie A,6574,US Sassuolo,52430000.0,41001000.0,11429000.0,52.43,41.001,11.429,28,27,1,38,14,9,15,69,63,6,51,1.3421,0.3684,8,194100000,194.1,79,40.0,48.0,0.6020408163265306,0.5153061224489796,-0.08673469387755106,-8.0,As expected
2019,2019/20,IT1,Serie A,430,ACF Fiorentina,44500000.0,9080000.0,35420000.0,44.5,9.08,35.42,24,23,1,38,12,13,13,51,48,3,49,1.2895,0.3158,10,233600000,233.6,49,45.0,53.0,0.5510204081632653,0.4489795918367347,-0.10204081632653056,-8.0,As expected
2019,2019/20,IT1,Serie A,5,AC Milan,140700000.0,56000000.0,84700000.0,140.7,56.0,84.7,19,19,0,38,19,9,10,63,46,17,66,1.7368,0.5,6,509500000,509.5,55,12.0,21.0,0.8877551020408163,0.7857142857142857,-0.10204081632653061,-9.0,As expected
2019,2019/20,IT1,Serie A,416,Torino FC,12800000.0,22400000.0,-9600000.0,12.8,22.4,-9.6,15,11,4,38,11,7,20,46,68,-22,40,1.0526,0.2895,16,177725000,177.725,69,68.0,78.0,0.3163265306122449,0.21428571428571427,-0.10204081632653064,-10.0,As expected
2019,2019/20,GB1,Premier League,543,Wolverhampton Wanderers,116700000.0,15200000.0,101500000.0,116.7,15.2,101.5,19,18,1,38,15,14,9,51,40,11,59,1.5526,0.3947,7,352650000,352.65,27,17.0,27.0,0.8367346938775511,0.7295918367346939,-0.1071428571428572,-10.0,As expected
2019,2019/20,L1,Bundesliga,33,FC Schalke 04,25000000.0,11000000.0,14000000.0,25.0,11.0,14.0,12,11,1,34,9,12,13,38,58,-20,39,1.1471,0.2647,12,220450000,220.45,52,55.0,66.0,0.4489795918367347,0.336734693877551,-0.11224489795918369,-11.0,As expected
2019,2019/20,GB1,Premier League,180,Southampton FC,57500000.0,15500000.0,42000000.0,57.5,15.5,42.0,14,13,1,38,15,7,16,51,60,-9,52,1.3684,0.3947,11,247900000,247.9,34,35.0,46.0,0.6530612244897959,0.5357142857142857,-0.11734693877551017,-11.0,As expected
2019,2019/20,ES1,La Liga,1244,CD Leganés,11200000.0,39750000.0,-28550000.0,11.2,39.75,-28.55,14,14,0,38,8,12,18,30,51,-21,36,0.9474,0.2105,18,108450000,108.45,42,72.0,84.0,0.2755102040816326,0.15306122448979592,-0.1224489795918367,-12.0,As expected
2019,2019/20,GB1,Premier League,148,Tottenham Hotspur,130000000.0,58000000.0,72000000.0,130.0,58.0,72.0,13,11,2,38,16,11,11,61,47,14,59,1.5526,0.4211,6,857350000,857.35,28,13.0,27.0,0.8775510204081632,0.7295918367346939,-0.14795918367346939,-14.0,As expected
2019,2019/20,IT1,Serie A,1390,Cagliari Calcio,34400000.0,810000.0,33590000.0,34.4,0.81,33.59,21,19,2,38,11,12,15,52,56,-4,45,1.1842,0.2895,14,222450000,222.45,74,49.0,63.0,0.5102040816326531,0.3622448979591837,-0.14795918367346939,-14.0,As expected
2019,2019/20,ES1,La Liga,13,Atlético de Madrid,246850000.0,311000000.0,-64150000.0,246.85,311.0,-64.15,15,14,1,38,18,16,4,51,27,24,70,1.8421,0.4737,3,1025550000,1025.55,46,2.0,16.0,0.9897959183673469,0.8367346938775511,-0.15306122448979587,-14.0,Under-performing
2019,2019/20,ES1,La Liga,1049,Valencia CF,67000000.0,31000000.0,36000000.0,67.0,31.0,36.0,15,14,1,38,14,11,13,46,53,-7,53,1.3947,0.3684,9,387600000,387.6,38,29.0,44.0,0.7142857142857143,0.5612244897959183,-0.15306122448979598,-15.0,Under-performing
2019,2019/20,FR1,Ligue 1,415,FC Toulouse,8000000.0,16150000.0,-8150000.0,8.0,16.15,-8.15,9,4,5,28,3,4,21,22,58,-36,13,0.4643,0.1071,20,95975000,95.975,45,82.0,98.0,0.17346938775510204,0.01020408163265306,-0.16326530612244897,-16.0,Under-performing
2019,2019/20,L1,Bundesliga,3,1.FC Köln,20250000.0,6750000.0,13500000.0,20.25,6.75,13.5,19,14,5,34,10,6,18,51,69,-18,36,1.0588,0.2941,14,80900000,80.9,40,60.0,76.0,0.3979591836734694,0.22959183673469388,-0.1683673469387755,-16.0,Under-performing
2019,2019/20,GB1,Premier League,985,Manchester United,224800000.0,78180000.0,146620000.0,224.8,78.18,146.62,13,9,4,38,18,12,8,66,36,30,66,1.7368,0.4737,3,960850000,960.85,43,4.0,21.0,0.9693877551020408,0.7857142857142857,-0.18367346938775508,-17.0,Under-performing
2019,2019/20,L1,Bundesliga,39,1.FSV Mainz 05,29000000.0,25000000.0,4000000.0,29.0,25.0,4.0,13,11,2,34,11,4,19,44,65,-21,37,1.0882,0.3235,13,164925000,164.925,56,53.0,71.0,0.46938775510204084,0.2857142857142857,-0.18367346938775514,-18.0,Under-performing
2019,2019/20,IT1,Serie A,6195,SSC Napoli,210150000.0,42000000.0,168150000.0,210.15,42.0,168.15,24,23,1,38,18,8,12,61,50,11,62,1.6316,0.4737,7,588925000,588.925,51,5.0,24.0,0.9591836734693877,0.7602040816326531,-0.19897959183673464,-19.0,Under-performing
2019,2019/20,GB1,Premier League,11,Arsenal FC,144100000.0,34900000.0,109200000.0,144.1,34.9,109.2,17,14,3,38,14,14,10,56,48,8,56,1.4737,0.3684,8,681025000,681.025,34,11.0,30.0,0.8979591836734694,0.6938775510204082,-0.20408163265306123,-19.0,Under-performing
2019,2019/20,FR1,Ligue 1,1041,Olympique Lyon,122000000.0,159820000.0,-37820000.0,122.0,159.82,-37.82,12,11,1,28,11,7,10,42,27,15,40,1.4286,0.3929,7,421900000,421.9,32,15.0,36.0,0.8571428571428571,0.6326530612244898,-0.22448979591836726,-21.0,Under-performing
2019,2019/20,L1,Bundesliga,24,Eintracht Frankfurt,73140000.0,113000000.0,-39860000.0,73.14,113.0,-39.86,15,15,0,34,13,6,15,59,60,-1,45,1.3235,0.3824,9,298725000,298.725,54,28.0,50.0,0.7244897959183674,0.5,-0.22448979591836737,-22.0,Under-performing
2019,2019/20,IT1,Serie A,1038,UC Sampdoria,41300000.0,61950000.0,-20650000.0,41.3,61.95,-20.65,15,14,1,38,12,6,20,48,65,-17,42,1.1053,0.3158,15,255925000,255.925,85,47.0,68.0,0.5306122448979592,0.30612244897959184,-0.22448979591836737,-21.0,Under-performing
2019,2019/20,IT1,Serie A,19,Brescia Calcio,11400000.0,0.0,11400000.0,11.4,0.0,11.4,6,6,0,38,6,7,25,35,79,-44,25,0.6579,0.1579,19,76075000,76.075,24,71.0,93.0,0.2857142857142857,0.05612244897959184,-0.22959183673469385,-22.0,Under-performing
2019,2019/20,L1,Bundesliga,167,FC Augsburg,27300000.0,2500000.0,24800000.0,27.3,2.5,24.8,14,13,1,34,9,9,16,45,63,-18,36,1.0588,0.2647,15,157300000,157.3,55,54.0,76.0,0.45918367346938777,0.22959183673469388,-0.22959183673469388,-22.0,Under-performing
2019,2019/20,IT1,Serie A,1025,Bologna Football Club 1909,58930000.0,21400000.0,37530000.0,58.93,21.4,37.53,20,18,2,38,12,11,15,52,65,-13,47,1.2368,0.3158,12,108875000,108.875,78,34.0,58.0,0.6632653061224489,0.41836734693877553,-0.2448979591836734,-24.0,Under-performing
2019,2019/20,ES1,La Liga,940,Celta de Vigo,20900000.0,42800000.0,-21900000.0,20.9,42.8,-21.9,7,6,1,38,7,16,15,37,49,-12,37,0.9737,0.1842,17,265900000,265.9,54,58.0,82.0,0.41836734693877553,0.17346938775510204,-0.2448979591836735,-24.0,Under-performing
2019,2019/20,FR1,Ligue 1,1416,Amiens SC,15150000.0,5435000.0,9715000.0,15.15,5.435,9.715,15,14,1,28,4,11,13,31,50,-19,23,0.8214,0.1429,19,53800000,53.8,36,64.0,92.0,0.35714285714285715,0.07142857142857142,-0.2857142857142857,-28.0,Under-performing
2019,2019/20,IT1,Serie A,252,Genoa CFC,33000000.0,52000000.0,-19000000.0,33.0,52.0,-19.0,36,34,2,38,10,9,19,47,73,-26,39,1.0263,0.2632,17,166975000,166.975,90,51.0,79.0,0.4897959183673469,0.19387755102040816,-0.29591836734693877,-28.0,Under-performing
2019,2019/20,FR1,Ligue 1,162,AS Monaco,193000000.0,78500000.0,114500000.0,193.0,78.5,114.5,30,29,1,28,11,7,10,44,44,0,40,1.4286,0.3929,9,238700000,238.7,30,7.0,36.0,0.9387755102040817,0.6326530612244898,-0.30612244897959184,-29.0,Under-performing
2019,2019/20,GB1,Premier League,1237,Brighton & Hove Albion,54540000.0,1000000.0,53540000.0,54.54,1.0,53.54,14,13,1,38,9,14,15,39,54,-15,41,1.0789,0.2368,15,171950000,171.95,28,39.0,72.0,0.6122448979591837,0.27040816326530615,-0.34183673469387754,-33.0,Under-performing
2019,2019/20,GB1,Premier League,29,Everton FC,109000000.0,87800000.0,21200000.0,109.0,87.8,21.2,16,15,1,38,13,10,15,44,56,-12,49,1.2895,0.3421,12,457825000,457.825,34,20.0,53.0,0.8061224489795918,0.4489795918367347,-0.35714285714285715,-33.0,Under-performing
2019,2019/20,GB1,Premier League,762,Newcastle United,66900000.0,35640000.0,31260000.0,66.9,35.64,31.26,10,9,1,38,11,11,16,38,58,-20,44,1.1579,0.2895,13,231575000,231.575,30,30.0,65.0,0.7040816326530612,0.3469387755102041,-0.35714285714285715,-35.0,Under-performing
2019,2019/20,L1,Bundesliga,44,Hertha BSC,104000000.0,22400000.0,81600000.0,104.0,22.4,81.6,11,11,0,34,11,8,15,48,59,-11,41,1.2059,0.3235,10,202300000,202.3,47,22.0,61.0,0.7857142857142857,0.3826530612244898,-0.4030612244897959,-39.0,Under-performing
2019,2019/20,IT1,Serie A,2722,SPAL,22000000.0,32600000.0,-10600000.0,22.0,32.6,-10.6,16,16,0,38,5,5,28,27,77,-50,20,0.5263,0.1316,20,74425000,74.425,45,57.0,97.0,0.42857142857142855,0.02040816326530612,-0.4081632653061224,-40.0,Under-performing
2019,2019/20,ES1,La Liga,150,Real Betis Balompié,91450000.0,46500000.0,44950000.0,91.45,46.5,44.95,13,12,1,38,10,11,17,48,60,-12,41,1.0789,0.2632,15,302375000,302.375,57,27.0,72.0,0.7346938775510204,0.27040816326530615,-0.4642857142857143,-45.0,Under-performing
2019,2019/20,GB1,Premier League,989,AFC Bournemouth,47760000.0,33400000.0,14360000.0,47.76,33.4,14.36,9,8,1,38,9,7,22,40,65,-25,34,0.8947,0.2368,18,323950000,323.95,32,42.0,88.0,0.5816326530612245,0.10714285714285714,-0.4744897959183673,-46.0,Under-performing
2019,2019/20,GB1,Premier League,1010,Watford FC,56000000.0,20000000.0,36000000.0,56.0,20.0,36.0,15,15,0,38,8,10,20,36,64,-28,34,0.8947,0.2105,19,224225000,224.225,39,37.0,88.0,0.6326530612244898,0.10714285714285714,-0.5255102040816327,-51.0,Under-performing
2019,2019/20,ES1,La Liga,714,RCD Espanyol Barcelona,60000000.0,61000000.0,-1000000.0,60.0,61.0,-1.0,11,8,3,38,5,10,23,27,58,-31,25,0.6579,0.1316,20,183550000,183.55,52,32.0,93.0,0.6836734693877551,0.05612244897959184,-0.6275510204081632,-61.0,Under-performing
2019,2019/20,GB1,Premier League,379,West Ham United,115300000.0,47980000.0,67320000.0,115.3,47.98,67.32,9,9,0,38,10,9,19,49,62,-13,39,1.0263,0.2632,16,321450000,321.45,34,18.0,79.0,0.826530612244898,0.19387755102040816,-0.6326530612244898,-61.0,Under-performing
2019,2019/20,GB1,Premier League,405,Aston Villa,129600000.0,0.0,129600000.0,129.6,0.0,129.6,15,15,0,38,9,8,21,41,67,-26,35,0.9211,0.2368,17,191575000,191.575,39,14.0,85.0,0.8673469387755102,0.1377551020408163,-0.7295918367346939,-71.0,Under-performing
2020,2020/21,ES1,La Liga,418,Real Madrid,0.0,98000000.0,-98000000.0,0.0,98.0,-98.0,10,10,0,38,25,9,4,67,28,39,84,2.2105,0.6579,2,882950000,882.95,34,90.0,5.0,0.05102040816326531,0.9591836734693877,0.9081632653061225,85.0,Over-performing
2020,2020/21,ES1,La Liga,150,Real Betis Balompié,0.0,38500000.0,-38500000.0,0.0,38.5,-38.5,8,5,3,38,17,10,11,50,50,0,61,1.6053,0.4474,6,214050000,214.05,58,90.0,30.0,0.05102040816326531,0.6989795918367347,0.6479591836734695,60.0,Over-performing
2020,2020/21,L1,Bundesliga,24,Eintracht Frankfurt,9000000.0,15700000.0,-6700000.0,9.0,15.7,-6.7,12,12,0,34,16,12,6,69,53,16,60,1.7647,0.4706,5,105750000,105.75,48,71.0,22.0,0.28061224489795916,0.7857142857142857,0.5051020408163265,49.0,Over-performing
2020,2020/21,L1,Bundesliga,89,1.FC Union Berlin,1500000.0,0.0,1500000.0,1.5,0.0,1.5,12,12,0,34,12,14,8,50,43,7,50,1.4706,0.3529,7,51200000,51.2,32,87.0,39.0,0.12244897959183673,0.6122448979591837,0.4897959183673469,48.0,Over-performing
2020,2020/21,ES1,La Liga,681,Real Sociedad,10000000.0,25000000.0,-15000000.0,10.0,25.0,-15.0,5,3,2,38,17,11,10,59,38,21,62,1.6316,0.4474,5,338075000,338.075,44,68.0,26.0,0.3112244897959184,0.7295918367346939,0.4183673469387755,42.0,Over-performing
2020,2020/21,FR1,Ligue 1,244,Olympique Marseille,8000000.0,33200000.0,-25200000.0,8.0,33.2,-25.2,10,10,0,38,16,12,10,54,47,7,60,1.5789,0.4211,5,194950000,194.95,35,73.0,32.0,0.2653061224489796,0.6836734693877551,0.4183673469387755,41.0,Over-performing
2020,2020/21,ES1,La Liga,940,Celta de Vigo,3000000.0,2500000.0,500000.0,3.0,2.5,0.5,6,6,0,38,14,11,13,55,57,-2,53,1.3947,0.3684,8,129250000,129.25,51,83.0,43.0,0.16326530612244897,0.5714285714285714,0.40816326530612246,40.0,Over-performing
2020,2020/21,FR1,Ligue 1,40,FC Girondins Bordeaux,0.0,13000000.0,-13000000.0,0.0,13.0,-13.0,6,2,4,38,13,6,19,42,56,-14,45,1.1842,0.3421,12,79525000,79.525,37,90.0,53.0,0.05102040816326531,0.45408163265306123,0.4030612244897959,37.0,Over-performing
2020,2020/21,IT1,Serie A,5,AC Milan,24220000.0,51650000.0,-27430000.0,24.22,51.65,-27.43,18,16,2,38,24,7,7,74,41,33,79,2.0789,0.6316,2,406900000,406.9,57,45.0,8.0,0.5510204081632653,0.923469387755102,0.37244897959183676,37.0,Over-performing
2020,2020/21,L1,Bundesliga,533,TSG 1899 Hoffenheim,3750000.0,17200000.0,-13450000.0,3.75,17.2,-13.45,11,6,5,34,11,10,13,52,54,-2,43,1.2647,0.3235,11,152375000,152.375,34,81.0,48.0,0.1836734693877551,0.5204081632653061,0.33673469387755106,33.0,Over-performing
2020,2020/21,ES1,La Liga,1049,Valencia CF,0.0,58850000.0,-58850000.0,0.0,58.85,-58.85,8,5,3,38,10,13,15,50,53,-3,43,1.1316,0.2632,13,255600000,255.6,41,90.0,62.0,0.05102040816326531,0.37244897959183676,0.32142857142857145,28.0,Over-performing
2020,2020/21,L1,Bundesliga,82,VfL Wolfsburg,20000000.0,11000000.0,9000000.0,20.0,11.0,9.0,9,7,2,34,17,10,7,61,37,24,61,1.7941,0.5,4,167225000,167.225,34,50.0,20.0,0.5,0.8061224489795918,0.30612244897959184,30.0,Over-performing
2020,2020/21,FR1,Ligue 1,1082,LOSC Lille,35000000.0,107900000.0,-72900000.0,35.0,107.9,-72.9,14,12,2,38,24,11,3,64,23,41,83,2.1842,0.6316,1,279300000,279.3,30,36.0,6.0,0.6428571428571429,0.9489795918367347,0.30612244897959184,30.0,Over-performing
2020,2020/21,FR1,Ligue 1,1041,Olympique Lyon,24850000.0,47100000.0,-22250000.0,24.85,47.1,-22.25,13,11,2,38,22,10,6,81,43,38,76,2.0,0.5789,4,283175000,283.175,30,43.0,15.0,0.5714285714285714,0.8571428571428571,0.2857142857142857,28.0,Over-performing
2020,2020/21,FR1,Ligue 1,618,AS Saint-Étienne,5500000.0,41000000.0,-35500000.0,5.5,41.0,-35.5,16,11,5,38,12,10,16,42,54,-12,46,1.2105,0.3158,11,84750000,84.75,36,78.0,50.0,0.21428571428571427,0.4897959183673469,0.2755102040816326,28.0,Over-performing
2020,2020/21,L1,Bundesliga,18,Borussia Mönchengladbach,10800000.0,0.0,10800000.0,10.8,0.0,10.8,11,9,2,34,13,10,11,64,56,8,49,1.4412,0.3824,8,261000000,261.0,33,65.0,41.0,0.3469387755102041,0.5918367346938775,0.24489795918367346,24.0,Over-performing
2020,2020/21,L1,Bundesliga,39,1.FSV Mainz 05,2000000.0,10000000.0,-8000000.0,2.0,10.0,-8.0,12,9,3,34,10,9,15,39,56,-17,39,1.1471,0.2941,12,78025000,78.025,36,85.0,61.0,0.14285714285714285,0.3877551020408163,0.24489795918367346,24.0,Over-performing
2020,2020/21,ES1,La Liga,331,CA Osasuna,5000000.0,3000000.0,2000000.0,5.0,3.0,2.0,9,9,0,38,11,11,16,37,48,-11,44,1.1579,0.2895,11,87450000,87.45,57,79.0,57.0,0.1989795918367347,0.413265306122449,0.2142857142857143,22.0,Over-performing
2020,2020/21,L1,Bundesliga,27,Bayern Munich,66000000.0,22000000.0,44000000.0,66.0,22.0,44.0,15,12,3,34,24,6,4,99,44,55,78,2.2941,0.7059,1,716525000,716.525,38,21.0,2.0,0.7959183673469388,0.9897959183673469,0.19387755102040816,19.0,Over-performing
2020,2020/21,ES1,La Liga,2687,Cádiz CF,5700000.0,0.0,5700000.0,5.7,0.0,5.7,8,8,0,38,11,11,16,36,58,-22,44,1.1579,0.2895,12,39000000,39.0,39,77.0,57.0,0.22448979591836735,0.413265306122449,0.18877551020408165,20.0,Over-performing
2020,2020/21,L1,Bundesliga,10,Arminia Bielefeld,0.0,0.0,0.0,0.0,0.0,0.0,8,8,0,34,9,8,17,26,52,-26,35,1.0294,0.2647,15,19600000,19.6,15,90.0,76.0,0.05102040816326531,0.22959183673469388,0.17857142857142858,14.0,Over-performing
2020,2020/21,FR1,Ligue 1,583,Paris Saint-Germain,56000000.0,400000.0,55600000.0,56.0,0.4,55.6,16,13,3,38,26,4,8,86,28,58,82,2.1579,0.6842,2,750000000,750.0,27,24.0,7.0,0.7653061224489796,0.9387755102040817,0.17346938775510212,17.0,Over-performing
2020,2020/21,FR1,Ligue 1,162,AS Monaco,51200000.0,10400000.0,40800000.0,51.2,10.4,40.8,22,19,3,38,24,6,8,76,42,34,78,2.0526,0.6316,3,279700000,279.7,32,28.0,10.0,0.7244897959183674,0.8979591836734694,0.173469387755102,18.0,Over-performing
2020,2020/21,IT1,Serie A,1025,Bologna Football Club 1909,1972000.0,5000000.0,-3028000.0,1.972,5.0,-3.028,10,10,0,38,10,11,17,51,65,-14,41,1.0789,0.2632,12,151075000,151.075,82,86.0,68.0,0.1326530612244898,0.3010204081632653,0.1683673469387755,18.0,Over-performing
2020,2020/21,IT1,Serie A,800,Atalanta BC,51800000.0,84100000.0,-32300000.0,51.8,84.1,-32.3,24,20,4,38,23,9,6,90,47,43,78,2.0526,0.6053,3,375325000,375.325,91,27.0,10.0,0.7346938775510204,0.8979591836734694,0.16326530612244894,17.0,Over-performing
2020,2020/21,IT1,Serie A,398,Società Sportiva Lazio S.p.A.,33700000.0,6950000.0,26750000.0,33.7,6.95,26.75,17,17,0,38,21,5,12,61,55,6,68,1.7895,0.5526,6,349425000,349.425,62,37.0,21.0,0.6326530612244898,0.7959183673469388,0.16326530612244894,16.0,Over-performing
2020,2020/21,GB1,Premier League,1132,Burnley FC,0.0,0.0,0.0,0.0,0.0,0.0,1,0,1,38,10,9,19,33,55,-22,39,1.0263,0.2632,17,163575000,163.575,32,90.0,78.0,0.05102040816326531,0.20918367346938777,0.15816326530612246,12.0,Over-performing
2020,2020/21,FR1,Ligue 1,969,Montpellier HSC,13100000.0,0.0,13100000.0,13.1,0.0,13.1,4,3,1,38,14,12,12,60,62,-2,54,1.4211,0.3684,8,86800000,86.8,37,57.0,42.0,0.42857142857142855,0.5816326530612245,0.15306122448979592,15.0,Over-performing
2020,2020/21,FR1,Ligue 1,826,RC Lens,18000000.0,0.0,18000000.0,18.0,0.0,18.0,11,10,1,38,15,12,11,55,54,1,57,1.5,0.3947,7,58200000,58.2,30,52.0,38.0,0.47959183673469385,0.6224489795918368,0.1428571428571429,14.0,As expected
2020,2020/21,FR1,Ligue 1,347,FC Metz,11000000.0,10000000.0,1000000.0,11.0,10.0,1.0,12,8,4,38,12,11,15,44,48,-4,47,1.2368,0.3158,10,60300000,60.3,46,62.0,49.0,0.3673469387755102,0.5102040816326531,0.14285714285714285,13.0,As expected
2020,2020/21,ES1,La Liga,1108,Deportivo Alavés,0.0,4400000.0,-4400000.0,0.0,4.4,-4.4,11,9,2,38,9,11,18,36,57,-21,38,1.0,0.2368,16,70950000,70.95,38,90.0,80.0,0.05102040816326531,0.18877551020408162,0.1377551020408163,10.0,As expected
2020,2020/21,IT1,Serie A,1038,UC Sampdoria,12750000.0,7500000.0,5250000.0,12.75,7.5,5.25,15,14,1,38,15,7,16,52,54,-2,52,1.3684,0.3947,9,177875000,177.875,86,58.0,44.0,0.41836734693877553,0.5561224489795918,0.1377551020408163,14.0,As expected
2020,2020/21,IT1,Serie A,6574,US Sassuolo,29360000.0,51000000.0,-21640000.0,29.36,51.0,-21.64,19,19,0,38,17,11,10,64,56,8,62,1.6316,0.4474,8,213500000,213.5,80,39.0,26.0,0.6122448979591837,0.7295918367346939,0.11734693877551017,13.0,As expected
2020,2020/21,ES1,La Liga,621,Athletic Bilbao,11130000.0,0.0,11130000.0,11.13,0.0,11.13,8,4,4,38,11,13,14,46,42,4,46,1.2105,0.2895,9,223450000,223.45,44,61.0,50.0,0.3877551020408163,0.4897959183673469,0.10204081632653061,11.0,As expected
2020,2020/21,L1,Bundesliga,60,SC Freiburg,13700000.0,36300000.0,-22600000.0,13.7,36.3,-22.6,10,9,1,34,12,9,13,52,52,0,45,1.3235,0.3529,10,75700000,75.7,30,55.0,46.0,0.4489795918367347,0.5357142857142857,0.086734693877551,9.0,As expected
2020,2020/21,L1,Bundesliga,16,Borussia Dortmund,55150000.0,4500000.0,50650000.0,55.15,4.5,50.65,10,8,2,34,20,4,10,75,46,29,64,1.8824,0.5882,3,463975000,463.975,32,26.0,18.0,0.7448979591836735,0.826530612244898,0.08163265306122447,8.0,As expected
2020,2020/21,L1,Bundesliga,79,VfB Stuttgart,14200000.0,4000000.0,10200000.0,14.2,4.0,10.2,10,8,2,34,12,9,13,56,55,1,45,1.3235,0.3529,9,70275000,70.275,33,54.0,46.0,0.45918367346938777,0.5357142857142857,0.07653061224489793,8.0,As expected
2020,2020/21,ES1,La Liga,3368,Levante UD,6000000.0,5000000.0,1000000.0,6.0,5.0,1.0,6,4,2,38,9,14,15,46,57,-11,41,1.0789,0.2368,14,116450000,116.45,44,76.0,68.0,0.23469387755102042,0.3010204081632653,0.06632653061224489,8.0,As expected
2020,2020/21,FR1,Ligue 1,995,FC Nantes,5000000.0,2000000.0,3000000.0,5.0,2.0,3.0,7,7,0,38,9,13,16,47,55,-8,40,1.0526,0.2368,18,97575000,97.575,38,79.0,73.0,0.1989795918367347,0.25510204081632654,0.056122448979591844,6.0,As expected
2020,2020/21,ES1,La Liga,13,Atlético de Madrid,90500000.0,58000000.0,32500000.0,90.5,58.0,32.5,17,15,2,38,26,8,4,67,25,42,86,2.2632,0.6842,1,696000000,696.0,48,8.0,3.0,0.9285714285714286,0.9744897959183674,0.04591836734693877,5.0,As expected
2020,2020/21,FR1,Ligue 1,1420,Angers SCO,11000000.0,10000000.0,1000000.0,11.0,10.0,1.0,8,7,1,38,12,8,18,40,58,-18,44,1.1579,0.3158,13,116000000,116.0,46,62.0,57.0,0.3673469387755102,0.413265306122449,0.04591836734693877,5.0,As expected
2020,2020/21,IT1,Serie A,276,Hellas Verona,12150000.0,600000.0,11550000.0,12.15,0.6,11.55,23,22,1,38,11,12,15,46,48,-2,45,1.1842,0.2895,10,120275000,120.275,68,59.0,53.0,0.40816326530612246,0.45408163265306123,0.04591836734693877,6.0,As expected
2020,2020/21,ES1,La Liga,1531,Elche CF,600000.0,7300000.0,-6700000.0,0.6,7.3,-6.7,12,10,2,38,8,12,18,34,55,-21,36,0.9474,0.2105,17,43000000,43.0,36,89.0,85.0,0.10204081632653061,0.14285714285714285,0.040816326530612235,4.0,As expected
2020,2020/21,GB1,Premier League,379,West Ham United,46900000.0,42000000.0,4900000.0,46.9,42.0,4.9,10,8,2,38,19,8,11,62,47,15,65,1.7105,0.5,6,289250000,289.25,37,29.0,25.0,0.7142857142857143,0.7551020408163265,0.04081632653061218,4.0,As expected
2020,2020/21,IT1,Serie A,3522,Spezia Calcio,3700000.0,1500000.0,2200000.0,3.7,1.5,2.2,12,12,0,38,9,12,17,52,72,-20,39,1.0263,0.2368,15,28175000,28.175,29,82.0,78.0,0.17346938775510204,0.20918367346938777,0.035714285714285726,4.0,As expected
2020,2020/21,ES1,La Liga,368,Sevilla FC,72350000.0,19680000.0,52670000.0,72.35,19.68,52.67,16,15,1,38,24,5,9,53,33,20,77,2.0263,0.6316,4,364150000,364.15,41,17.0,13.0,0.8367346938775511,0.8724489795918368,0.0357142857142857,4.0,As expected
2020,2020/21,ES1,La Liga,1533,SD Eibar,0.0,0.0,0.0,0.0,0.0,0.0,6,6,0,38,6,12,20,29,52,-23,30,0.7895,0.1579,20,67500000,67.5,46,90.0,91.0,0.05102040816326531,0.08163265306122448,0.030612244897959176,-1.0,As expected
2020,2020/21,FR1,Ligue 1,667,RC Strasbourg Alsace,10000000.0,500000.0,9500000.0,10.0,0.5,9.5,4,4,0,38,11,9,18,49,58,-9,42,1.1053,0.2895,15,101650000,101.65,31,68.0,64.0,0.3112244897959184,0.34183673469387754,0.030612244897959162,4.0,As expected
2020,2020/21,IT1,Serie A,46,Inter Milan,131250000.0,77900000.0,53350000.0,131.25,77.9,53.35,27,26,1,38,28,7,3,89,35,54,91,2.3947,0.7368,1,681900000,681.9,66,3.0,1.0,0.9795918367346939,1.0,0.020408163265306145,2.0,As expected
2020,2020/21,L1,Bundesliga,23826,RB Leipzig,71000000.0,53000000.0,18000000.0,71.0,53.0,18.0,11,10,1,34,19,8,7,60,32,28,65,1.9118,0.5588,2,460225000,460.225,28,18.0,17.0,0.826530612244898,0.8367346938775511,0.010204081632653073,1.0,As expected
2020,2020/21,GB1,Premier League,1003,Leicester City,55900000.0,53770000.0,2130000.0,55.9,53.77,2.13,11,9,2,38,20,6,12,68,50,18,66,1.7368,0.5263,5,441350000,441.35,35,25.0,24.0,0.7551020408163265,0.7653061224489796,0.010204081632653073,1.0,As expected
2020,2020/21,IT1,Serie A,6195,SSC Napoli,78900000.0,86130000.0,-7230000.0,78.9,86.13,-7.23,15,13,2,38,24,5,9,86,41,45,77,2.0263,0.6316,5,578225000,578.225,52,13.0,13.0,0.8775510204081632,0.8724489795918368,-0.005102040816326481,0.0,As expected
2020,2020/21,ES1,La Liga,1050,Villarreal CF,36590000.0,10000000.0,26590000.0,36.59,10.0,26.59,15,11,4,38,15,13,10,60,44,16,58,1.5263,0.3947,7,280325000,280.325,52,35.0,36.0,0.6530612244897959,0.6377551020408163,-0.015306122448979553,-1.0,As expected
2020,2020/21,GB1,Premier League,281,Manchester City,167400000.0,64000000.0,103400000.0,167.4,64.0,103.4,23,22,1,38,27,5,6,83,32,51,86,2.2632,0.7105,1,966800000,966.8,26,2.0,3.0,0.9897959183673469,0.9744897959183674,-0.015306122448979553,-1.0,As expected
2020,2020/21,L1,Bundesliga,15,Bayer 04 Leverkusen,41200000.0,111000000.0,-69800000.0,41.2,111.0,-69.8,10,6,4,34,14,10,10,53,39,14,52,1.5294,0.4118,6,168700000,168.7,22,32.0,35.0,0.6836734693877551,0.6530612244897959,-0.030612244897959218,-3.0,As expected
2020,2020/21,L1,Bundesliga,33,FC Schalke 04,0.0,0.0,0.0,0.0,0.0,0.0,15,10,5,34,3,7,24,25,86,-61,16,0.4706,0.0882,18,124325000,124.325,39,90.0,98.0,0.05102040816326531,0.01020408163265306,-0.04081632653061225,-8.0,As expected
2020,2020/21,ES1,La Liga,5358,SD Huesca,2500000.0,0.0,2500000.0,2.5,0.0,2.5,7,6,1,38,7,13,18,34,53,-19,34,0.8947,0.1842,18,36400000,36.4,31,84.0,88.0,0.15306122448979592,0.11224489795918367,-0.04081632653061225,-4.0,As expected
2020,2020/21,IT1,Serie A,506,Juventus FC,98800000.0,85000000.0,13800000.0,98.8,85.0,13.8,16,14,2,38,23,9,6,77,38,39,78,2.0526,0.6053,4,721430000,721.43,55,7.0,10.0,0.9387755102040817,0.8979591836734694,-0.04081632653061229,-3.0,As expected
2020,2020/21,ES1,La Liga,131,FC Barcelona,111940000.0,150900000.0,-38960000.0,111.94,150.9,-38.96,14,9,5,38,24,7,7,85,38,47,79,2.0789,0.6316,3,883050000,883.05,32,4.0,8.0,0.9693877551020408,0.923469387755102,-0.04591836734693877,-4.0,As expected
2020,2020/21,FR1,Ligue 1,417,OGC Nice,29230000.0,17400000.0,11830000.0,29.23,17.4,11.83,25,18,7,38,15,7,16,50,53,-3,52,1.3684,0.3947,9,173625000,173.625,30,40.0,44.0,0.6020408163265306,0.5561224489795918,-0.04591836734693877,-4.0,As expected
2020,2020/21,ES1,La Liga,16795,Granada CF,23500000.0,0.0,23500000.0,23.5,0.0,23.5,11,11,0,38,13,7,18,47,65,-18,46,1.2105,0.3421,10,121200000,121.2,50,46.0,50.0,0.5408163265306123,0.4897959183673469,-0.05102040816326536,-4.0,As expected
2020,2020/21,L1,Bundesliga,167,FC Augsburg,10300000.0,10000000.0,300000.0,10.3,10.0,0.3,10,10,0,34,10,6,18,36,54,-18,36,1.0588,0.2941,13,67200000,67.2,28,66.0,72.0,0.33163265306122447,0.2755102040816326,-0.056122448979591844,-6.0,As expected
2020,2020/21,FR1,Ligue 1,1421,Stade Reims,11200000.0,17000000.0,-5800000.0,11.2,17.0,-5.8,12,10,2,38,9,15,14,42,50,-8,42,1.1053,0.2368,14,94300000,94.3,37,60.0,64.0,0.3979591836734694,0.34183673469387754,-0.056122448979591844,-4.0,As expected
2020,2020/21,IT1,Serie A,4083,FC Crotone,800000.0,0.0,800000.0,0.8,0.0,0.8,10,10,0,38,6,5,27,45,92,-47,23,0.6053,0.1579,19,33000000,33.0,45,88.0,94.0,0.11224489795918367,0.04591836734693878,-0.06632653061224489,-6.0,As expected
2020,2020/21,GB1,Premier League,985,Manchester United,89950000.0,16700000.0,73250000.0,89.95,16.7,73.25,17,14,3,38,21,11,6,73,44,29,74,1.9474,0.5526,2,766025000,766.025,36,9.0,16.0,0.9183673469387755,0.8469387755102041,-0.0714285714285714,-7.0,As expected
2020,2020/21,GB1,Premier League,31,Liverpool FC,82300000.0,15900000.0,66400000.0,82.3,15.9,66.4,14,12,2,38,20,9,9,68,42,26,69,1.8158,0.5263,3,1044800000,1044.8,35,12.0,19.0,0.8877551020408163,0.8163265306122449,-0.0714285714285714,-7.0,As expected
2020,2020/21,GB1,Premier League,873,Crystal Palace,18900000.0,20000000.0,-1100000.0,18.9,20.0,-1.1,8,7,1,38,12,8,18,41,66,-25,44,1.1579,0.3158,14,195050000,195.05,37,51.0,57.0,0.4897959183673469,0.413265306122449,-0.07653061224489793,-6.0,As expected
2020,2020/21,IT1,Serie A,12,Associazione Sportiva Roma,69500000.0,41500000.0,28000000.0,69.5,41.5,28.0,18,17,1,38,18,8,12,68,58,10,62,1.6316,0.4737,7,343400000,343.4,63,19.0,26.0,0.8163265306122449,0.7295918367346939,-0.08673469387755106,-7.0,As expected
2020,2020/21,FR1,Ligue 1,1160,Nîmes Olympique,6900000.0,0.0,6900000.0,6.9,0.0,6.9,5,5,0,38,9,8,21,40,71,-31,35,0.9211,0.2368,19,49400000,49.4,32,75.0,86.0,0.24489795918367346,0.1326530612244898,-0.11224489795918366,-11.0,As expected
2020,2020/21,FR1,Ligue 1,273,Stade Rennais FC,67000000.0,53620000.0,13380000.0,67.0,53.62,13.38,16,12,4,38,16,10,12,52,40,12,58,1.5263,0.4211,6,209575000,209.575,39,20.0,36.0,0.8061224489795918,0.6377551020408163,-0.16836734693877553,-16.0,Under-performing
2020,2020/21,FR1,Ligue 1,3911,Stade Brestois 29,15600000.0,0.0,15600000.0,15.6,0.0,15.6,13,12,1,38,11,8,19,50,66,-16,41,1.0789,0.2895,17,56875000,56.875,28,53.0,68.0,0.46938775510204084,0.3010204081632653,-0.16836734693877553,-15.0,Under-performing
2020,2020/21,L1,Bundesliga,3,1.FC Köln,10300000.0,15000000.0,-4700000.0,10.3,15.0,-4.7,14,11,3,34,8,9,17,34,60,-26,33,0.9706,0.2353,16,83575000,83.575,31,66.0,84.0,0.33163265306122447,0.15306122448979592,-0.17857142857142855,-18.0,Under-performing
2020,2020/21,IT1,Serie A,4171,Benevento Calcio,9000000.0,1000000.0,8000000.0,9.0,1.0,8.0,7,6,1,38,7,12,19,40,75,-35,33,0.8684,0.1842,18,30915000,30.915,40,71.0,89.0,0.28061224489795916,0.10204081632653061,-0.17857142857142855,-18.0,Under-performing
2020,2020/21,GB1,Premier League,29,Everton FC,74370000.0,4430000.0,69940000.0,74.37,4.43,69.94,15,13,2,38,17,8,13,47,48,-1,59,1.5526,0.4474,10,463800000,463.8,35,15.0,33.0,0.8571428571428571,0.6683673469387755,-0.18877551020408156,-18.0,Under-performing
2020,2020/21,GB1,Premier League,11,Arsenal FC,84000000.0,17400000.0,66600000.0,84.0,17.4,66.6,16,15,1,38,18,7,13,55,39,16,61,1.6053,0.4737,8,649225000,649.225,40,11.0,30.0,0.8979591836734694,0.6989795918367347,-0.19897959183673464,-19.0,Under-performing
2020,2020/21,GB1,Premier League,399,Leeds United,75800000.0,0.0,75800000.0,75.8,0.0,75.8,7,7,0,38,18,5,15,62,54,8,59,1.5526,0.4737,9,181825000,181.825,29,14.0,33.0,0.8673469387755102,0.6683673469387755,-0.19897959183673464,-19.0,Under-performing
2020,2020/21,ES1,La Liga,366,Real Valladolid CF,9150000.0,12000000.0,-2850000.0,9.15,12.0,-2.85,13,11,2,38,5,16,17,34,57,-23,31,0.8158,0.1316,19,91225000,91.225,53,70.0,90.0,0.29591836734693877,0.09183673469387756,-0.20408163265306123,-20.0,Under-performing
2020,2020/21,GB1,Premier League,180,Southampton FC,25300000.0,23100000.0,2200000.0,25.3,23.1,2.2,12,10,2,38,12,7,19,47,68,-21,43,1.1316,0.3158,15,232500000,232.5,35,42.0,62.0,0.5816326530612245,0.37244897959183676,-0.2091836734693877,-20.0,Under-performing
2020,2020/21,FR1,Ligue 1,1158,FC Lorient,24500000.0,6500000.0,18000000.0,24.5,6.5,18.0,12,12,0,38,11,9,18,50,68,-18,42,1.1053,0.2895,16,43475000,43.475,34,44.0,64.0,0.5612244897959183,0.34183673469387754,-0.21938775510204078,-20.0,Under-performing
2020,2020/21,GB1,Premier League,762,Newcastle United,38750000.0,780000.0,37970000.0,38.75,0.78,37.97,9,9,0,38,12,9,17,46,62,-16,45,1.1842,0.3158,12,244575000,244.575,31,33.0,53.0,0.673469387755102,0.45408163265306123,-0.21938775510204078,-20.0,Under-performing
2020,2020/21,FR1,Ligue 1,2969,Dijon FCO,7400000.0,16000000.0,-8600000.0,7.4,16.0,-8.6,12,11,1,38,4,9,25,25,73,-48,21,0.5526,0.1053,20,60725000,60.725,39,74.0,96.0,0.25510204081632654,0.030612244897959183,-0.22448979591836735,-22.0,Under-performing
2020,2020/21,GB1,Premier League,631,Chelsea FC,267200000.0,49500000.0,217700000.0,267.2,49.5,217.7,22,22,0,38,19,10,9,58,36,22,67,1.7632,0.5,4,890700000,890.7,38,1.0,23.0,1.0,0.7755102040816326,-0.22448979591836737,-22.0,Under-performing
2020,2020/21,GB1,Premier League,148,Tottenham Hotspur,107500000.0,13300000.0,94200000.0,107.5,13.3,94.2,13,13,0,38,18,8,12,68,45,23,62,1.6316,0.4737,7,665500000,665.5,29,5.0,26.0,0.9591836734693877,0.7295918367346939,-0.22959183673469385,-21.0,Under-performing
2020,2020/21,L1,Bundesliga,86,SV Werder Bremen,11000000.0,11700000.0,-700000.0,11.0,11.7,-0.7,16,11,5,34,7,10,17,36,57,-21,31,0.9118,0.2059,17,84225000,84.225,40,62.0,87.0,0.3673469387755102,0.12244897959183673,-0.2448979591836735,-25.0,Under-performing
2020,2020/21,IT1,Serie A,410,Udinese Calcio,22000000.0,29250000.0,-7250000.0,22.0,29.25,-7.25,17,17,0,38,10,10,18,42,58,-16,40,1.0526,0.2632,13,165875000,165.875,72,47.0,73.0,0.5306122448979592,0.25510204081632654,-0.2755102040816327,-26.0,Under-performing
2020,2020/21,IT1,Serie A,252,Genoa CFC,37800000.0,43650000.0,-5850000.0,37.8,43.65,-5.85,33,31,2,38,10,12,16,47,58,-11,42,1.1053,0.2632,11,108250000,108.25,83,34.0,64.0,0.6632653061224489,0.34183673469387754,-0.3214285714285714,-30.0,Under-performing
2020,2020/21,ES1,La Liga,3709,Getafe CF,20800000.0,2550000.0,18250000.0,20.8,2.55,18.25,13,12,1,38,9,11,18,28,43,-15,38,1.0,0.2368,15,163200000,163.2,48,49.0,80.0,0.5102040816326531,0.18877551020408162,-0.32142857142857145,-31.0,Under-performing
2020,2020/21,GB1,Premier League,405,Aston Villa,101350000.0,0.0,101350000.0,101.35,0.0,101.35,9,8,1,38,16,7,15,55,46,9,55,1.4474,0.4211,11,294850000,294.85,35,6.0,40.0,0.9489795918367347,0.6020408163265306,-0.34693877551020413,-34.0,Under-performing
2020,2020/21,L1,Bundesliga,44,Hertha BSC,26000000.0,7000000.0,19000000.0,26.0,7.0,19.0,11,8,3,34,8,11,15,41,52,-11,35,1.0294,0.2353,14,182800000,182.8,43,41.0,76.0,0.5918367346938775,0.22959183673469388,-0.3622448979591837,-35.0,Under-performing
2020,2020/21,GB1,Premier League,931,Fulham FC,13450000.0,0.0,13450000.0,13.45,0.0,13.45,11,11,0,38,5,13,20,27,53,-26,28,0.7368,0.1316,18,185150000,185.15,29,56.0,92.0,0.4387755102040816,0.07142857142857142,-0.36734693877551017,-36.0,Under-performing
2020,2020/21,GB1,Premier League,1237,Brighton & Hove Albion,46200000.0,0.0,46200000.0,46.2,0.0,46.2,17,16,1,38,9,14,15,40,46,-6,41,1.0789,0.2368,16,220900000,220.9,33,30.0,68.0,0.7040816326530612,0.3010204081632653,-0.4030612244897959,-38.0,Under-performing
2020,2020/21,GB1,Premier League,543,Wolverhampton Wanderers,84589000.0,79200000.0,5389000.0,84.589,79.2,5.389,22,21,1,38,12,9,17,36,52,-16,45,1.1842,0.3158,13,287500000,287.5,23,10.0,53.0,0.9081632653061225,0.45408163265306123,-0.45408163265306123,-43.0,Under-performing
2020,2020/21,IT1,Serie A,1390,Cagliari Calcio,29380000.0,47000000.0,-17620000.0,29.38,47.0,-17.62,14,14,0,38,9,10,19,43,59,-16,37,0.9737,0.2368,16,170950000,170.95,72,38.0,82.0,0.6224489795918368,0.1683673469387755,-0.45408163265306123,-44.0,Under-performing
2020,2020/21,GB1,Premier League,984,West Bromwich Albion,21750000.0,6500000.0,15250000.0,21.75,6.5,15.25,8,8,0,38,5,11,22,35,76,-41,26,0.6842,0.1316,19,118550000,118.55,37,48.0,93.0,0.5204081632653061,0.061224489795918366,-0.45918367346938777,-45.0,Under-performing
2020,2020/21,IT1,Serie A,430,ACF Fiorentina,59800000.0,44500000.0,15300000.0,59.8,44.5,15.3,24,23,1,38,9,13,16,47,59,-12,40,1.0526,0.2368,14,292700000,292.7,56,23.0,73.0,0.7755102040816326,0.25510204081632654,-0.5204081632653061,-50.0,Under-performing
2020,2020/21,IT1,Serie A,416,Torino FC,43150000.0,22130000.0,21020000.0,43.15,22.13,21.02,15,15,0,38,7,16,15,50,69,-19,37,0.9737,0.1842,17,158650000,158.65,73,31.0,82.0,0.6938775510204082,0.1683673469387755,-0.5255102040816326,-51.0,Under-performing
2020,2020/21,GB1,Premier League,350,Sheffield United,62700000.0,0.0,62700000.0,62.7,0.0,62.7,11,11,0,38,7,2,29,20,63,-43,23,0.6053,0.1842,20,197400000,197.4,35,22.0,94.0,0.7857142857142857,0.04591836734693878,-0.7397959183673469,-72.0,Under-performing
2020,2020/21,IT1,Serie A,130,Parma Calcio 1913,73130000.0,3700000.0,69430000.0,73.13,3.7,69.43,24,21,3,38,3,11,24,39,83,-44,20,0.5263,0.0789,20,118700000,118.7,80,16.0,97.0,0.8469387755102041,0.02040816326530612,-0.826530612244898,-81.0,Under-performing
2021,2021/22,ES1,La Liga,150,Real Betis Balompié,3250000.0,14000000.0,-10750000.0,3.25,14.0,-10.75,9,8,1,38,19,8,11,62,40,22,65,1.7105,0.5,5,232850000,232.85,67,83.0,22.0,0.16326530612244897,0.7857142857142857,0.6224489795918368,61.0,Over-performing
2021,2021/22,ES1,La Liga,681,Real Sociedad,500000.0,0.0,500000.0,0.5,0.0,0.5,8,7,1,38,17,11,10,40,37,3,62,1.6316,0.4474,6,386500000,386.5,44,90.0,28.0,0.09183673469387756,0.7091836734693877,0.6173469387755102,62.0,Over-performing
2021,2021/22,L1,Bundesliga,3,1.FC Köln,0.0,24400000.0,-24400000.0,0.0,24.4,-24.4,12,10,2,34,14,10,10,52,49,3,52,1.5294,0.4118,7,99200000,99.2,44,91.0,35.0,0.04591836734693878,0.6530612244897959,0.6071428571428571,56.0,Over-performing
2021,2021/22,ES1,La Liga,621,Athletic Bilbao,0.0,0.0,0.0,0.0,0.0,0.0,6,4,2,38,14,13,11,43,36,7,55,1.4474,0.3684,8,217350000,217.35,46,91.0,38.0,0.04591836734693878,0.6122448979591837,0.5663265306122449,53.0,Over-performing
2021,2021/22,FR1,Ligue 1,667,RC Strasbourg Alsace,4500000.0,16000000.0,-11500000.0,4.5,16.0,-11.5,17,11,6,38,17,12,9,60,43,17,63,1.6579,0.4474,6,103400000,103.4,30,79.0,26.0,0.20408163265306123,0.7397959183673469,0.5357142857142857,53.0,Over-performing
2021,2021/22,L1,Bundesliga,533,TSG 1899 Hoffenheim,0.0,0.0,0.0,0.0,0.0,0.0,13,10,3,34,13,7,14,58,60,-2,46,1.3529,0.3824,9,232675000,232.675,53,91.0,43.0,0.04591836734693878,0.5663265306122449,0.5204081632653061,48.0,Over-performing
2021,2021/22,IT1,Serie A,6195,SSC Napoli,22100000.0,2500000.0,19600000.0,22.1,2.5,19.6,13,13,0,38,24,7,7,74,31,43,79,2.0789,0.6316,3,521020000,521.02,56,51.0,8.0,0.4897959183673469,0.9285714285714286,0.4387755102040817,43.0,Over-performing
2021,2021/22,ES1,La Liga,418,Real Madrid,31000000.0,75000000.0,-44000000.0,31.0,75.0,-44.0,8,7,1,38,26,8,4,80,31,49,86,2.2632,0.6842,1,695150000,695.15,32,44.0,4.0,0.5612244897959183,0.9591836734693877,0.3979591836734694,40.0,Over-performing
2021,2021/22,L1,Bundesliga,80,VfL Bochum,0.0,0.0,0.0,0.0,0.0,0.0,9,9,0,34,12,6,16,38,52,-14,42,1.2353,0.3529,13,27900000,27.9,24,91.0,56.0,0.04591836734693878,0.42857142857142855,0.3826530612244898,35.0,Over-performing
2021,2021/22,FR1,Ligue 1,995,FC Nantes,7500000.0,15800000.0,-8300000.0,7.5,15.8,-8.3,7,4,3,38,15,10,13,55,48,7,55,1.4474,0.3947,9,98675000,98.675,37,76.0,38.0,0.23469387755102042,0.6122448979591837,0.37755102040816324,38.0,Over-performing
2021,2021/22,IT1,Serie A,398,Società Sportiva Lazio S.p.A.,13300000.0,0.0,13300000.0,13.3,0.0,13.3,16,15,1,38,18,10,10,77,58,19,64,1.6842,0.4737,5,299945000,299.945,72,61.0,24.0,0.3877551020408163,0.7653061224489796,0.37755102040816324,37.0,Over-performing
2021,2021/22,L1,Bundesliga,60,SC Freiburg,9500000.0,14500000.0,-5000000.0,9.5,14.5,-5.0,8,3,5,34,15,10,9,58,46,12,55,1.6176,0.4412,6,156175000,156.175,45,67.0,32.0,0.32653061224489793,0.6836734693877551,0.35714285714285715,35.0,Over-performing
2021,2021/22,L1,Bundesliga,39,1.FSV Mainz 05,7000000.0,17800000.0,-10800000.0,7.0,17.8,-10.8,14,12,2,34,13,7,14,50,45,5,46,1.3529,0.3824,8,99925000,99.925,47,77.0,43.0,0.22448979591836735,0.5663265306122449,0.34183673469387754,34.0,Over-performing
2021,2021/22,IT1,Serie A,46,Inter Milan,36550000.0,208150000.0,-171600000.0,36.55,208.15,-171.6,21,20,1,38,25,9,4,84,32,52,84,2.2105,0.6579,2,640375000,640.375,72,39.0,7.0,0.6122448979591837,0.9387755102040817,0.326530612244898,32.0,Over-performing
2021,2021/22,FR1,Ligue 1,969,Montpellier HSC,0.0,25000000.0,-25000000.0,0.0,25.0,-25.0,8,5,3,38,12,7,19,49,61,-12,43,1.1316,0.3158,13,105400000,105.4,43,91.0,64.0,0.04591836734693878,0.35714285714285715,0.3112244897959184,27.0,Over-performing
2021,2021/22,L1,Bundesliga,89,1.FC Union Berlin,18100000.0,13250000.0,4850000.0,18.1,13.25,4.85,20,20,0,34,16,9,9,50,44,6,57,1.6765,0.4706,5,86850000,86.85,44,54.0,25.0,0.45918367346938777,0.7551020408163265,0.2959183673469387,29.0,Over-performing
2021,2021/22,FR1,Ligue 1,3911,Stade Brestois 29,5250000.0,28200000.0,-22950000.0,5.25,28.2,-22.95,9,9,0,38,13,9,16,49,57,-8,48,1.2632,0.3421,11,76750000,76.75,31,78.0,51.0,0.21428571428571427,0.47959183673469385,0.26530612244897955,27.0,Over-performing
2021,2021/22,L1,Bundesliga,16,Borussia Dortmund,45000000.0,109000000.0,-64000000.0,45.0,109.0,-64.0,5,4,1,34,22,3,9,85,52,33,69,2.0294,0.6471,2,560375000,560.375,41,33.0,9.0,0.673469387755102,0.9183673469387755,0.24489795918367352,24.0,Over-performing
2021,2021/22,FR1,Ligue 1,1041,Olympique Lyon,21000000.0,95600000.0,-74600000.0,21.0,95.6,-74.6,16,11,5,38,17,11,10,66,51,15,62,1.6316,0.4474,8,315700000,315.7,39,52.0,28.0,0.47959183673469385,0.7091836734693877,0.22959183673469385,24.0,Over-performing
2021,2021/22,L1,Bundesliga,27,Bayern Munich,57500000.0,0.0,57500000.0,57.5,0.0,57.5,13,9,4,34,24,5,5,97,37,60,77,2.2647,0.7059,1,849525000,849.525,48,25.0,3.0,0.7551020408163265,0.9795918367346939,0.22448979591836737,22.0,Over-performing
2021,2021/22,ES1,La Liga,331,CA Osasuna,8000000.0,0.0,8000000.0,8.0,0.0,8.0,8,6,2,38,12,11,15,37,51,-14,47,1.2368,0.3158,10,104375000,104.375,62,75.0,54.0,0.24489795918367346,0.45408163265306123,0.20918367346938777,21.0,Over-performing
2021,2021/22,FR1,Ligue 1,826,RC Lens,23100000.0,17000000.0,6100000.0,23.1,17.0,6.1,13,12,1,38,17,11,10,62,48,14,62,1.6316,0.4474,7,104050000,104.05,37,49.0,28.0,0.5102040816326531,0.7091836734693877,0.19897959183673464,21.0,Over-performing
2021,2021/22,ES1,La Liga,368,Sevilla FC,41500000.0,28500000.0,13000000.0,41.5,28.5,13.0,14,14,0,38,18,16,4,53,30,23,70,1.8421,0.4737,4,393350000,393.35,43,34.0,16.0,0.6632653061224489,0.8418367346938775,0.1785714285714286,18.0,Over-performing
2021,2021/22,FR1,Ligue 1,1420,Angers SCO,1370000.0,18100000.0,-16730000.0,1.37,18.1,-16.73,5,4,1,38,10,11,17,44,55,-11,41,1.0789,0.2632,14,107550000,107.55,49,87.0,69.0,0.12244897959183673,0.3010204081632653,0.17857142857142858,18.0,Over-performing
2021,2021/22,IT1,Serie A,416,Torino FC,10400000.0,16750000.0,-6350000.0,10.4,16.75,-6.35,16,15,1,38,13,11,14,46,41,5,50,1.3158,0.3421,10,186920000,186.92,80,66.0,48.0,0.336734693877551,0.5153061224489796,0.17857142857142855,18.0,Over-performing
2021,2021/22,ES1,La Liga,714,RCD Espanyol Barcelona,3200000.0,0.0,3200000.0,3.2,0.0,3.2,10,9,1,38,10,12,16,40,53,-13,42,1.1053,0.2632,14,85750000,85.75,59,84.0,66.0,0.15306122448979592,0.32653061224489793,0.173469387755102,18.0,Over-performing
2021,2021/22,FR1,Ligue 1,244,Olympique Marseille,49900000.0,4000000.0,45900000.0,49.9,4.0,45.9,19,18,1,38,21,8,9,63,38,25,71,1.8684,0.5526,2,175375000,175.375,38,29.0,13.0,0.7142857142857143,0.8673469387755102,0.15306122448979587,16.0,Over-performing
2021,2021/22,L1,Bundesliga,15,Bayer 04 Leverkusen,55350000.0,43100000.0,12250000.0,55.35,43.1,12.25,11,11,0,34,19,7,8,80,47,33,64,1.8824,0.5588,3,416250000,416.25,47,26.0,12.0,0.7448979591836735,0.8877551020408163,0.1428571428571428,14.0,As expected
2021,2021/22,FR1,Ligue 1,162,AS Monaco,46300000.0,34150000.0,12150000.0,46.3,34.15,12.15,12,12,0,38,20,9,9,65,40,25,69,1.8158,0.5263,3,377550000,377.55,37,32.0,18.0,0.6836734693877551,0.8214285714285714,0.1377551020408163,14.0,As expected
2021,2021/22,IT1,Serie A,410,Udinese Calcio,9400000.0,73300000.0,-63900000.0,9.4,73.3,-63.9,17,17,0,38,11,14,13,61,58,3,47,1.2368,0.2895,12,134425000,134.425,69,68.0,54.0,0.3163265306122449,0.45408163265306123,0.1377551020408163,14.0,As expected
2021,2021/22,L1,Bundesliga,24,Eintracht Frankfurt,9190000.0,28000000.0,-18810000.0,9.19,28.0,-18.81,15,14,1,34,10,12,12,45,49,-4,42,1.2353,0.2941,11,176300000,176.3,53,70.0,56.0,0.29591836734693877,0.42857142857142855,0.13265306122448978,14.0,As expected
2021,2021/22,ES1,La Liga,367,Rayo Vallecano,4300000.0,2200000.0,2100000.0,4.3,2.2,2.1,19,17,2,38,11,9,18,39,50,-11,42,1.1053,0.2895,12,38550000,38.55,44,80.0,66.0,0.19387755102040816,0.32653061224489793,0.13265306122448978,14.0,As expected
2021,2021/22,FR1,Ligue 1,3524,Clermont Foot 63,0.0,0.0,0.0,0.0,0.0,0.0,10,8,2,38,9,9,20,38,69,-31,36,0.9474,0.2368,17,33750000,33.75,27,91.0,81.0,0.04591836734693878,0.1683673469387755,0.12244897959183673,10.0,As expected
2021,2021/22,ES1,La Liga,940,Celta de Vigo,9000000.0,0.0,9000000.0,9.0,0.0,9.0,11,9,2,38,12,10,16,43,43,0,46,1.2105,0.3158,11,144700000,144.7,54,71.0,59.0,0.28061224489795916,0.39285714285714285,0.11224489795918369,12.0,As expected
2021,2021/22,ES1,La Liga,3368,Levante UD,0.0,0.0,0.0,0.0,0.0,0.0,4,3,1,38,8,11,19,51,76,-25,35,0.9211,0.2105,19,90200000,90.2,46,91.0,85.0,0.04591836734693878,0.1377551020408163,0.09183673469387754,6.0,As expected
2021,2021/22,FR1,Ligue 1,583,Paris Saint-Germain,84000000.0,7000000.0,77000000.0,84.0,7.0,77.0,22,15,7,38,26,8,4,90,36,54,86,2.2632,0.6842,1,825450000,825.45,30,14.0,4.0,0.8673469387755102,0.9591836734693877,0.09183673469387754,10.0,As expected
2021,2021/22,GB1,Premier League,31,Liverpool FC,89000000.0,28550000.0,60450000.0,89.0,28.55,60.45,10,9,1,38,28,8,2,94,26,68,92,2.4211,0.7368,2,814275000,814.275,34,11.0,2.0,0.8979591836734694,0.9897959183673469,0.09183673469387754,9.0,As expected
2021,2021/22,L1,Bundesliga,18,Borussia Mönchengladbach,17000000.0,11350000.0,5650000.0,17.0,11.35,5.65,7,7,0,34,12,9,13,54,61,-7,45,1.3235,0.3529,10,271500000,271.5,46,55.0,47.0,0.4489795918367347,0.5306122448979592,0.08163265306122452,8.0,As expected
2021,2021/22,ES1,La Liga,131,FC Barcelona,69000000.0,78850000.0,-9850000.0,69.0,78.85,-9.85,18,13,5,38,21,10,7,68,38,30,73,1.9211,0.5526,2,685900000,685.9,35,19.0,11.0,0.8163265306122449,0.8979591836734694,0.08163265306122447,8.0,As expected
2021,2021/22,ES1,La Liga,1049,Valencia CF,15650000.0,2700000.0,12950000.0,15.65,2.7,12.95,14,12,2,38,11,15,12,48,53,-5,48,1.2632,0.2895,9,274600000,274.6,44,60.0,51.0,0.3979591836734694,0.47959183673469385,0.08163265306122447,9.0,As expected
2021,2021/22,FR1,Ligue 1,1082,LOSC Lille,26570000.0,78700000.0,-52130000.0,26.57,78.7,-52.13,7,7,0,38,14,13,11,48,48,0,55,1.4474,0.3684,10,310425000,310.425,31,47.0,38.0,0.5306122448979592,0.6122448979591837,0.08163265306122447,9.0,As expected
2021,2021/22,ES1,La Liga,2687,Cádiz CF,4100000.0,0.0,4100000.0,4.1,0.0,4.1,15,13,2,38,8,15,15,35,51,-16,39,1.0263,0.2105,17,56500000,56.5,45,81.0,72.0,0.1836734693877551,0.2602040816326531,0.07653061224489796,9.0,As expected
2021,2021/22,FR1,Ligue 1,618,AS Saint-Étienne,0.0,0.0,0.0,0.0,0.0,0.0,6,5,1,38,7,11,20,42,77,-35,32,0.8421,0.1842,18,101300000,101.3,39,91.0,87.0,0.04591836734693878,0.12244897959183673,0.07653061224489796,4.0,As expected
2021,2021/22,ES1,La Liga,1531,Elche CF,8200000.0,200000.0,8000000.0,8.2,0.2,8.0,16,14,2,38,11,9,18,40,52,-12,42,1.1053,0.2895,13,53250000,53.25,45,74.0,66.0,0.25510204081632654,0.32653061224489793,0.0714285714285714,8.0,As expected
2021,2021/22,IT1,Serie A,5,AC Milan,90080000.0,3500000.0,86580000.0,90.08,3.5,86.58,21,20,1,38,26,8,4,69,31,38,86,2.2632,0.6842,1,444235000,444.235,58,10.0,4.0,0.9081632653061225,0.9591836734693877,0.05102040816326525,6.0,As expected
2021,2021/22,FR1,Ligue 1,417,OGC Nice,63000000.0,18400000.0,44600000.0,63.0,18.4,44.6,17,16,1,38,20,7,11,52,36,16,67,1.7632,0.5263,5,225975000,225.975,34,23.0,20.0,0.7755102040816326,0.8061224489795918,0.030612244897959218,3.0,As expected
2021,2021/22,IT1,Serie A,1038,UC Sampdoria,2500000.0,7560000.0,-5060000.0,2.5,7.56,-5.06,12,12,0,38,10,6,22,46,63,-17,36,0.9474,0.2632,15,154925000,154.925,91,85.0,81.0,0.1377551020408163,0.1683673469387755,0.03061224489795919,4.0,As expected
2021,2021/22,ES1,La Liga,13,Atlético de Madrid,75700000.0,17750000.0,57950000.0,75.7,17.75,57.95,21,19,2,38,21,8,9,65,43,22,71,1.8684,0.5526,3,788275000,788.275,54,17.0,13.0,0.8367346938775511,0.8673469387755102,0.030612244897959107,4.0,As expected
2021,2021/22,GB1,Premier League,281,Manchester City,138900000.0,93800000.0,45100000.0,138.9,93.8,45.1,21,20,1,38,29,6,3,99,26,73,93,2.4474,0.7632,1,1091975000,1091.975,31,3.0,1.0,0.9795918367346939,1.0,0.020408163265306145,2.0,As expected
2021,2021/22,IT1,Serie A,749,FC Empoli,9200000.0,17600000.0,-8400000.0,9.2,17.6,-8.4,23,18,5,38,10,11,17,50,70,-20,41,1.0789,0.2632,14,64125000,64.125,64,69.0,69.0,0.30612244897959184,0.3010204081632653,-0.005102040816326536,0.0,As expected
2021,2021/22,GB1,Premier League,631,Chelsea FC,113000000.0,153440000.0,-40440000.0,113.0,153.44,-40.44,11,10,1,38,21,11,6,76,33,43,74,1.9474,0.5526,3,853700000,853.7,40,9.0,10.0,0.9183673469387755,0.9081632653061225,-0.010204081632653073,-1.0,As expected
2021,2021/22,FR1,Ligue 1,1421,Stade Reims,16000000.0,14050000.0,1950000.0,16.0,14.05,1.95,21,14,7,38,11,13,14,43,44,-1,46,1.2105,0.2895,12,107775000,107.775,43,59.0,59.0,0.40816326530612246,0.39285714285714285,-0.015306122448979609,0.0,As expected
2021,2021/22,ES1,La Liga,237,RCD Mallorca,9000000.0,8000000.0,1000000.0,9.0,8.0,1.0,16,16,0,38,10,9,19,36,63,-27,39,1.0263,0.2632,16,56375000,56.375,41,71.0,72.0,0.28061224489795916,0.2602040816326531,-0.02040816326530609,-1.0,As expected
2021,2021/22,GB1,Premier League,148,Tottenham Hotspur,85900000.0,32700000.0,53200000.0,85.9,32.7,53.2,14,13,1,38,22,5,11,69,40,29,71,1.8684,0.5789,4,616200000,616.2,33,12.0,13.0,0.8877551020408163,0.8673469387755102,-0.020408163265306145,-1.0,As expected
2021,2021/22,GB1,Premier League,543,Wolverhampton Wanderers,31600000.0,31800000.0,-200000.0,31.6,31.8,-0.2,23,22,1,38,15,6,17,38,43,-5,51,1.3421,0.3947,10,391650000,391.65,32,43.0,45.0,0.5714285714285714,0.5459183673469388,-0.025510204081632626,-2.0,As expected
2021,2021/22,ES1,La Liga,1108,Deportivo Alavés,1150000.0,0.0,1150000.0,1.15,0.0,1.15,18,17,1,38,8,7,23,31,65,-34,31,0.8158,0.2105,20,57300000,57.3,38,88.0,89.0,0.11224489795918367,0.08673469387755102,-0.025510204081632654,-1.0,As expected
2021,2021/22,IT1,Serie A,6574,US Sassuolo,30000000.0,21900000.0,8100000.0,30.0,21.9,8.1,22,22,0,38,13,11,14,64,66,-2,50,1.3158,0.3421,11,225585000,225.585,78,45.0,48.0,0.5510204081632653,0.5153061224489796,-0.0357142857142857,-3.0,As expected
2021,2021/22,FR1,Ligue 1,347,FC Metz,2500000.0,23500000.0,-21000000.0,2.5,23.5,-21.0,17,14,3,38,6,13,19,35,69,-34,31,0.8158,0.1579,19,97550000,97.55,53,85.0,89.0,0.1377551020408163,0.08673469387755102,-0.05102040816326529,-4.0,As expected
2021,2021/22,GB1,Premier League,1003,Leicester City,37600000.0,3000000.0,34600000.0,37.6,3.0,34.6,7,6,1,38,14,10,14,62,59,3,52,1.3684,0.3684,8,518650000,518.65,36,37.0,42.0,0.6326530612244898,0.5816326530612245,-0.05102040816326536,-5.0,As expected
2021,2021/22,IT1,Serie A,276,Hellas Verona,38800000.0,36400000.0,2400000.0,38.8,36.4,2.4,27,25,2,38,14,11,13,65,59,6,53,1.3947,0.3684,9,139860000,139.86,72,36.0,41.0,0.6428571428571429,0.5918367346938775,-0.05102040816326536,-5.0,As expected
2021,2021/22,FR1,Ligue 1,273,Stade Rennais FC,81740000.0,49900000.0,31840000.0,81.74,49.9,31.84,16,9,7,38,20,6,12,82,40,42,66,1.7368,0.5263,4,236625000,236.625,38,15.0,21.0,0.8571428571428571,0.7959183673469388,-0.061224489795918324,-6.0,As expected
2021,2021/22,ES1,La Liga,1050,Villarreal CF,54500000.0,10500000.0,44000000.0,54.5,10.5,44.0,14,12,2,38,16,11,11,63,37,26,59,1.5526,0.4211,7,332100000,332.1,51,27.0,33.0,0.7346938775510204,0.6683673469387755,-0.06632653061224492,-6.0,As expected
2021,2021/22,FR1,Ligue 1,40,FC Girondins Bordeaux,4000000.0,16100000.0,-12100000.0,4.0,16.1,-12.1,12,12,0,38,6,13,19,52,91,-39,31,0.8158,0.1579,20,95525000,95.525,50,82.0,89.0,0.17346938775510204,0.08673469387755102,-0.08673469387755102,-7.0,As expected
2021,2021/22,IT1,Serie A,430,ACF Fiorentina,66420000.0,114650000.0,-48230000.0,66.42,114.65,-48.23,19,18,1,38,19,5,14,59,51,8,62,1.6316,0.5,7,233900000,233.9,51,21.0,28.0,0.7959183673469388,0.7091836734693877,-0.08673469387755106,-7.0,As expected
2021,2021/22,L1,Bundesliga,65,SpVgg Greuther Fürth,550000.0,4500000.0,-3950000.0,0.55,4.5,-3.95,11,9,2,34,3,9,22,28,82,-54,18,0.5294,0.0882,18,27325000,27.325,28,89.0,98.0,0.10204081632653061,0.01020408163265306,-0.09183673469387756,-9.0,As expected
2021,2021/22,ES1,La Liga,3709,Getafe CF,11160000.0,21000000.0,-9840000.0,11.16,21.0,-9.84,21,19,2,38,8,15,15,33,41,-8,39,1.0263,0.2105,15,175150000,175.15,53,63.0,72.0,0.3673469387755102,0.2602040816326531,-0.10714285714285715,-9.0,As expected
2021,2021/22,IT1,Serie A,506,Juventus FC,136550000.0,53000000.0,83550000.0,136.55,53.0,83.55,20,19,1,38,20,10,8,57,37,20,70,1.8421,0.5263,4,601560000,601.56,65,4.0,16.0,0.9693877551020408,0.8418367346938775,-0.12755102040816324,-12.0,As expected
2021,2021/22,L1,Bundesliga,10,Arminia Bielefeld,8550000.0,350000.0,8200000.0,8.55,0.35,8.2,14,14,0,34,5,13,16,27,53,-26,28,0.8235,0.1471,17,41400000,41.4,26,73.0,88.0,0.2653061224489796,0.11224489795918367,-0.15306122448979592,-15.0,Under-performing
2021,2021/22,L1,Bundesliga,23826,RB Leipzig,126220000.0,111500000.0,14720000.0,126.22,111.5,14.72,20,18,2,34,17,7,10,72,37,35,58,1.7059,0.5,4,564725000,564.725,39,8.0,23.0,0.9285714285714286,0.7755102040816326,-0.15306122448979598,-15.0,Under-performing
2021,2021/22,IT1,Serie A,800,Atalanta BC,71600000.0,42965000.0,28635000.0,71.6,42.965,28.635,32,31,1,38,16,11,11,65,48,17,59,1.5526,0.4211,8,401835000,401.835,96,18.0,33.0,0.826530612244898,0.6683673469387755,-0.15816326530612246,-15.0,Under-performing
2021,2021/22,GB1,Premier League,379,West Ham United,67300000.0,4000000.0,63300000.0,67.3,4.0,63.3,8,8,0,38,16,8,14,60,51,9,56,1.4737,0.4211,7,314800000,314.8,42,20.0,37.0,0.8061224489795918,0.6326530612244898,-0.173469387755102,-17.0,Under-performing
2021,2021/22,L1,Bundesliga,167,FC Augsburg,23560000.0,15100000.0,8460000.0,23.56,15.1,8.46,9,8,1,34,10,8,16,39,56,-17,38,1.1176,0.2941,14,100825000,100.825,53,48.0,65.0,0.5204081632653061,0.3469387755102041,-0.17346938775510207,-17.0,Under-performing
2021,2021/22,FR1,Ligue 1,1158,FC Lorient,10500000.0,10000000.0,500000.0,10.5,10.0,0.5,15,12,3,38,8,12,18,35,63,-28,36,0.9474,0.2105,16,79325000,79.325,41,65.0,81.0,0.3469387755102041,0.1683673469387755,-0.17857142857142858,-16.0,Under-performing
2021,2021/22,GB1,Premier League,11,Arsenal FC,167400000.0,29400000.0,138000000.0,167.4,29.4,138.0,18,17,1,38,22,3,13,61,48,13,69,1.8158,0.5789,5,568950000,568.95,38,1.0,18.0,1.0,0.8214285714285714,-0.1785714285714286,-17.0,Under-performing
2021,2021/22,GB1,Premier League,1237,Brighton & Hove Albion,52580000.0,77500000.0,-24920000.0,52.58,77.5,-24.92,18,18,0,38,12,15,11,42,44,-2,51,1.3421,0.3158,9,252475000,252.475,38,28.0,45.0,0.7244897959183674,0.5459183673469388,-0.1785714285714286,-17.0,Under-performing
2021,2021/22,IT1,Serie A,1025,Bologna Football Club 1909,32305000.0,26500000.0,5805000.0,32.305,26.5,5.805,13,12,1,38,12,10,16,44,55,-11,46,1.2105,0.3158,13,177460000,177.46,88,42.0,59.0,0.5816326530612245,0.39285714285714285,-0.18877551020408162,-17.0,Under-performing
2021,2021/22,FR1,Ligue 1,1095,ESTAC Troyes,16500000.0,0.0,16500000.0,16.5,0.0,16.5,15,14,1,38,9,11,18,37,53,-16,38,1.0,0.2368,15,45650000,45.65,36,57.0,76.0,0.42857142857142855,0.22448979591836735,-0.2040816326530612,-19.0,Under-performing
2021,2021/22,IT1,Serie A,12,Associazione Sportiva Roma,130730000.0,10600000.0,120130000.0,130.73,10.6,120.13,25,21,4,38,18,9,11,59,43,16,63,1.6579,0.4737,6,409860000,409.86,69,5.0,26.0,0.9591836734693877,0.7397959183673469,-0.21938775510204078,-21.0,Under-performing
2021,2021/22,GB1,Premier League,1148,Brentford FC,37200000.0,0.0,37200000.0,37.2,0.0,37.2,14,12,2,38,13,7,18,48,56,-8,46,1.2105,0.3421,13,185750000,185.75,27,38.0,59.0,0.6224489795918368,0.39285714285714285,-0.2295918367346939,-21.0,Under-performing
2021,2021/22,L1,Bundesliga,79,VfB Stuttgart,16850000.0,43120000.0,-26270000.0,16.85,43.12,-26.27,15,12,3,34,7,12,15,41,59,-18,33,0.9706,0.2059,15,162500000,162.5,48,56.0,79.0,0.4387755102040816,0.1989795918367347,-0.23979591836734693,-23.0,Under-performing
2021,2021/22,ES1,La Liga,16795,Granada CF,19040000.0,2500000.0,16540000.0,19.04,2.5,16.54,18,15,3,38,8,14,16,44,61,-17,38,1.0,0.2105,18,147275000,147.275,61,53.0,76.0,0.46938775510204084,0.22448979591836735,-0.2448979591836735,-23.0,Under-performing
2021,2021/22,IT1,Serie A,380,US Salernitana 1919,10600000.0,0.0,10600000.0,10.6,0.0,10.6,21,21,0,38,7,10,21,33,78,-45,31,0.8158,0.1842,17,29585000,29.585,33,64.0,89.0,0.35714285714285715,0.08673469387755102,-0.27040816326530615,-25.0,Under-performing
2021,2021/22,IT1,Serie A,1390,Cagliari Calcio,12825000.0,1700000.0,11125000.0,12.825,1.7,11.125,19,18,1,38,6,12,20,34,68,-34,30,0.7895,0.1579,18,183835000,183.835,82,62.0,93.0,0.37755102040816324,0.061224489795918366,-0.31632653061224486,-31.0,Under-performing
2021,2021/22,IT1,Serie A,3522,Spezia Calcio,22240000.0,5000000.0,17240000.0,22.24,5.0,17.24,25,23,2,38,10,6,22,41,71,-30,36,0.9474,0.2632,16,76850000,76.85,45,50.0,81.0,0.5,0.1683673469387755,-0.33163265306122447,-31.0,Under-performing
2021,2021/22,L1,Bundesliga,44,Hertha BSC,26900000.0,57000000.0,-30100000.0,26.9,57.0,-30.1,20,18,2,34,9,6,19,37,71,-34,33,0.9706,0.2647,16,180975000,180.975,55,46.0,79.0,0.5408163265306123,0.1989795918367347,-0.3418367346938776,-33.0,Under-performing
2021,2021/22,GB1,Premier League,985,Manchester United,142000000.0,29100000.0,112900000.0,142.0,29.1,112.9,16,15,1,38,16,10,12,57,57,0,58,1.5263,0.4211,6,815250000,815.25,34,2.0,36.0,0.9897959183673469,0.6428571428571429,-0.346938775510204,-34.0,Under-performing
2021,2021/22,IT1,Serie A,607,Venezia FC,16390000.0,0.0,16390000.0,16.39,0.0,16.39,19,19,0,38,6,9,23,34,69,-35,27,0.7105,0.1579,20,44925000,44.925,31,58.0,95.0,0.41836734693877553,0.04081632653061224,-0.3775510204081633,-37.0,Under-performing
2021,2021/22,GB1,Premier League,29,Everton FC,39500000.0,39000000.0,500000.0,39.5,39.0,0.5,14,13,1,38,11,6,21,43,66,-23,39,1.0263,0.2895,16,434650000,434.65,38,35.0,72.0,0.6530612244897959,0.2602040816326531,-0.3928571428571428,-37.0,Under-performing
2021,2021/22,GB1,Premier League,873,Crystal Palace,85620000.0,0.0,85620000.0,85.62,0.0,85.62,10,10,0,38,11,15,12,50,46,4,48,1.2632,0.2895,12,188950000,188.95,41,13.0,51.0,0.8775510204081632,0.47959183673469385,-0.3979591836734694,-38.0,Under-performing
2021,2021/22,L1,Bundesliga,82,VfL Wolfsburg,76780000.0,20350000.0,56430000.0,76.78,20.35,56.43,22,17,5,34,12,6,16,43,54,-11,42,1.2353,0.3529,12,283150000,283.15,48,16.0,56.0,0.8469387755102041,0.42857142857142855,-0.4183673469387756,-40.0,Under-performing
2021,2021/22,GB1,Premier League,762,Newcastle United,130500000.0,0.0,130500000.0,130.5,0.0,130.5,10,10,0,38,13,10,15,44,62,-18,49,1.2895,0.3421,11,256025000,256.025,33,6.0,50.0,0.9489795918367347,0.5,-0.44897959183673475,-44.0,Under-performing
2021,2021/22,GB1,Premier League,180,Southampton FC,63400000.0,60350000.0,3050000.0,63.4,60.35,3.05,7,7,0,38,9,13,16,43,67,-24,40,1.0526,0.2368,15,292900000,292.9,39,22.0,71.0,0.7857142857142857,0.2857142857142857,-0.5,-49.0,Under-performing
2021,2021/22,GB1,Premier League,399,Leeds United,59300000.0,0.0,59300000.0,59.3,0.0,59.3,12,9,3,38,9,11,18,42,79,-37,38,1.0,0.2368,17,250350000,250.35,32,24.0,76.0,0.7653061224489796,0.22448979591836735,-0.5408163265306122,-52.0,Under-performing
2021,2021/22,IT1,Serie A,252,Genoa CFC,36500000.0,20780000.0,15720000.0,36.5,20.78,15.72,39,38,1,38,4,16,18,27,60,-33,28,0.7368,0.1053,19,95425000,95.425,79,40.0,94.0,0.6020408163265306,0.05102040816326531,-0.5510204081632653,-54.0,Under-performing
2021,2021/22,GB1,Premier League,1010,Watford FC,34500000.0,11100000.0,23400000.0,34.5,11.1,23.4,22,21,1,38,6,5,27,34,77,-43,23,0.6053,0.1579,19,116350000,116.35,35,41.0,96.0,0.5918367346938775,0.030612244897959183,-0.5612244897959183,-55.0,Under-performing
2021,2021/22,GB1,Premier League,1132,Burnley FC,49400000.0,30000000.0,19400000.0,49.4,30.0,19.4,6,6,0,38,7,14,17,34,53,-19,35,0.9211,0.1842,18,127475000,127.475,28,30.0,85.0,0.7040816326530612,0.1377551020408163,-0.5663265306122449,-55.0,Under-performing
2021,2021/22,GB1,Premier League,405,Aston Villa,129800000.0,127000000.0,2800000.0,129.8,127.0,2.8,20,16,4,38,13,6,19,52,54,-2,45,1.1842,0.3421,14,341600000,341.6,40,7.0,63.0,0.9387755102040817,0.3673469387755102,-0.5714285714285714,-56.0,Under-performing
2021,2021/22,GB1,Premier League,1123,Norwich City,48750000.0,38400000.0,10350000.0,48.75,38.4,10.35,15,14,1,38,5,7,26,23,84,-61,22,0.5789,0.1316,20,166950000,166.95,44,31.0,97.0,0.6938775510204082,0.02040816326530612,-0.673469387755102,-66.0,Under-performing
2022,2022/23,ES1,La Liga,1050,Villarreal CF,6480000.0,27600000.0,-21120000.0,6.48,27.6,-21.12,14,12,2,38,19,7,12,59,40,19,64,1.6842,0.5,5,362800000,362.8,50,87.0,26.0,0.12244897959183673,0.7397959183673469,0.6173469387755102,61.0,Over-performing
2022,2022/23,FR1,Ligue 1,3524,Clermont Foot 63,2300000.0,19000000.0,-16700000.0,2.3,19.0,-16.7,13,9,4,38,17,8,13,45,49,-4,59,1.5526,0.4474,8,38050000,38.05,39,93.0,34.0,0.061224489795918366,0.6581632653061225,0.5969387755102041,59.0,Over-performing
2022,2022/23,IT1,Serie A,12,Associazione Sportiva Roma,7400000.0,69430000.0,-62030000.0,7.4,69.43,-62.03,19,17,2,38,18,9,11,50,38,12,63,1.6579,0.4737,6,372860000,372.86,72,82.0,28.0,0.17346938775510204,0.7244897959183674,0.5510204081632654,54.0,Over-performing
2022,2022/23,ES1,La Liga,331,CA Osasuna,1800000.0,250000.0,1550000.0,1.8,0.25,1.55,10,8,2,38,15,8,15,37,42,-5,53,1.3947,0.3947,7,128435000,128.435,61,95.0,43.0,0.04081632653061224,0.5663265306122449,0.5255102040816326,52.0,Over-performing
2022,2022/23,ES1,La Liga,621,Athletic Bilbao,0.0,0.0,0.0,0.0,0.0,0.0,12,8,4,38,14,9,15,47,43,4,51,1.3421,0.3684,8,232900000,232.9,46,97.0,48.0,0.015306122448979591,0.5153061224489796,0.49999999999999994,49.0,Over-performing
2022,2022/23,L1,Bundesliga,60,SC Freiburg,17950000.0,22300000.0,-4350000.0,17.95,22.3,-4.35,9,8,1,34,17,8,9,51,44,7,59,1.7353,0.5,5,175825000,175.825,46,66.0,24.0,0.336734693877551,0.7653061224489796,0.42857142857142855,42.0,Over-performing
2022,2022/23,ES1,La Liga,13,Atlético de Madrid,29500000.0,12050000.0,17450000.0,29.5,12.05,17.45,23,20,3,38,23,8,7,70,33,37,77,2.0263,0.6053,3,561050000,561.05,56,51.0,10.0,0.4897959183673469,0.9081632653061225,0.41836734693877553,41.0,Over-performing
2022,2022/23,L1,Bundesliga,89,1.FC Union Berlin,24150000.0,28950000.0,-4800000.0,24.15,28.95,-4.8,17,16,1,34,18,8,8,51,38,13,62,1.8235,0.5294,4,117900000,117.9,46,55.0,20.0,0.4489795918367347,0.8061224489795918,0.35714285714285715,35.0,Over-performing
2022,2022/23,FR1,Ligue 1,826,RC Lens,43590000.0,50460000.0,-6870000.0,43.59,50.46,-6.87,13,11,2,38,25,9,4,68,29,39,84,2.2105,0.6579,2,153600000,153.6,40,40.0,5.0,0.6020408163265306,0.9540816326530612,0.3520408163265306,35.0,Over-performing
2022,2022/23,FR1,Ligue 1,1082,LOSC Lille,25500000.0,106270000.0,-80770000.0,25.5,106.27,-80.77,15,13,2,38,19,10,9,65,44,21,67,1.7632,0.5,5,187450000,187.45,37,54.0,22.0,0.45918367346938777,0.7806122448979592,0.32142857142857145,32.0,Over-performing
2022,2022/23,IT1,Serie A,398,Società Sportiva Lazio S.p.A.,41650000.0,41520000.0,130000.0,41.65,41.52,0.13,21,20,1,38,22,8,8,60,30,30,74,1.9474,0.5789,2,268435000,268.435,70,43.0,12.0,0.5714285714285714,0.8877551020408163,0.3163265306122449,31.0,Over-performing
2022,2022/23,L1,Bundesliga,15,Bayer 04 Leverkusen,15100000.0,7000000.0,8100000.0,15.1,7.0,8.1,9,8,1,34,14,8,12,57,49,8,50,1.4706,0.4118,6,436035000,436.035,48,69.0,38.0,0.30612244897959184,0.6173469387755102,0.3112244897959183,31.0,Over-performing
2022,2022/23,FR1,Ligue 1,969,Montpellier HSC,9000000.0,10000000.0,-1000000.0,9.0,10.0,-1.0,14,12,2,38,15,5,18,65,62,3,50,1.3158,0.3947,12,113200000,113.2,51,81.0,50.0,0.1836734693877551,0.49489795918367346,0.3112244897959183,31.0,Over-performing
2022,2022/23,L1,Bundesliga,3,1.FC Köln,6750000.0,8220000.0,-1470000.0,6.75,8.22,-1.47,14,12,2,34,10,12,12,49,54,-5,42,1.2353,0.2941,11,101675000,101.675,50,86.0,57.0,0.1326530612244898,0.42857142857142855,0.29591836734693877,29.0,Over-performing
2022,2022/23,IT1,Serie A,6195,SSC Napoli,70300000.0,76600000.0,-6300000.0,70.3,76.6,-6.3,22,20,2,38,28,6,4,77,28,49,90,2.3684,0.7368,1,530935000,530.935,60,28.0,1.0,0.7244897959183674,1.0,0.2755102040816326,27.0,Over-performing
2022,2022/23,FR1,Ligue 1,3911,Stade Brestois 29,5350000.0,2100000.0,3250000.0,5.35,2.1,3.25,18,16,2,38,11,11,16,44,54,-10,44,1.1579,0.2895,14,76750000,76.75,38,88.0,61.0,0.11224489795918367,0.3826530612244898,0.2704081632653061,27.0,Over-performing
2022,2022/23,ES1,La Liga,237,RCD Mallorca,13020000.0,5300000.0,7720000.0,13.02,5.3,7.72,14,12,2,38,14,8,16,37,43,-6,50,1.3158,0.3684,9,76250000,76.25,47,75.0,50.0,0.24489795918367346,0.49489795918367346,0.25,25.0,Over-performing
2022,2022/23,ES1,La Liga,150,Real Betis Balompié,27400000.0,14750000.0,12650000.0,27.4,14.75,12.65,10,9,1,38,17,9,12,46,41,5,60,1.5789,0.4474,6,276275000,276.275,65,53.0,32.0,0.46938775510204084,0.6785714285714286,0.20918367346938777,21.0,Over-performing
2022,2022/23,L1,Bundesliga,80,VfL Bochum,635000.0,17000000.0,-16365000.0,0.635,17.0,-16.365,18,16,2,34,10,5,19,40,72,-32,35,1.0294,0.2941,14,49500000,49.5,37,96.0,76.0,0.030612244897959183,0.23469387755102042,0.20408163265306123,20.0,Over-performing
2022,2022/23,L1,Bundesliga,86,SV Werder Bremen,4000000.0,2950000.0,1050000.0,4.0,2.95,1.05,14,13,1,34,10,6,18,51,64,-13,36,1.0588,0.2941,13,78425000,78.425,59,91.0,71.0,0.07653061224489796,0.28061224489795916,0.2040816326530612,20.0,Over-performing
2022,2022/23,FR1,Ligue 1,1041,Olympique Lyon,32450000.0,75450000.0,-43000000.0,32.45,75.45,-43.0,23,21,2,38,18,8,12,65,47,18,62,1.6316,0.4737,7,246500000,246.5,38,48.0,29.0,0.5204081632653061,0.7091836734693877,0.18877551020408156,19.0,Over-performing
2022,2022/23,ES1,La Liga,367,Rayo Vallecano,14300000.0,0.0,14300000.0,14.3,0.0,14.3,12,12,0,38,13,10,15,45,53,-8,49,1.2895,0.3421,12,95975000,95.975,51,71.0,52.0,0.2857142857142857,0.46938775510204084,0.18367346938775514,19.0,Over-performing
2022,2022/23,FR1,Ligue 1,1158,FC Lorient,23700000.0,36250000.0,-12550000.0,23.7,36.25,-12.55,25,20,5,38,15,10,13,52,53,-1,55,1.4474,0.3947,10,79700000,79.7,46,58.0,40.0,0.41836734693877553,0.6020408163265306,0.18367346938775508,18.0,Over-performing
2022,2022/23,L1,Bundesliga,23826,RB Leipzig,58000000.0,80620000.0,-22620000.0,58.0,80.62,-22.62,13,11,2,34,20,6,8,64,41,23,66,1.9412,0.5882,3,479900000,479.9,39,30.0,13.0,0.7040816326530612,0.8775510204081632,0.173469387755102,17.0,Over-performing
2022,2022/23,IT1,Serie A,46,Inter Milan,54700000.0,23860000.0,30840000.0,54.7,23.86,30.84,38,32,6,38,23,3,12,71,42,29,72,1.8947,0.6053,3,573275000,573.275,69,32.0,15.0,0.6836734693877551,0.8520408163265306,0.16836734693877553,17.0,Over-performing
2022,2022/23,ES1,La Liga,418,Real Madrid,80000000.0,99150000.0,-19150000.0,80.0,99.15,-19.15,9,6,3,38,24,6,8,75,36,39,78,2.0526,0.6316,2,831150000,831.15,34,25.0,9.0,0.7551020408163265,0.9183673469387755,0.16326530612244905,16.0,Over-performing
2022,2022/23,FR1,Ligue 1,162,AS Monaco,42500000.0,156200000.0,-113700000.0,42.5,156.2,-113.7,18,14,4,38,19,8,11,70,58,12,65,1.7105,0.5,6,349860000,349.86,39,41.0,25.0,0.5918367346938775,0.7551020408163265,0.16326530612244894,16.0,Over-performing
2022,2022/23,ES1,La Liga,681,Real Sociedad,53500000.0,88000000.0,-34500000.0,53.5,88.0,-34.5,15,9,6,38,21,8,9,51,35,16,71,1.8684,0.5526,4,349400000,349.4,42,33.0,17.0,0.673469387755102,0.8316326530612245,0.15816326530612246,16.0,Over-performing
2022,2022/23,FR1,Ligue 1,415,FC Toulouse,14400000.0,11000000.0,3400000.0,14.4,11.0,3.4,17,15,2,38,13,9,16,51,57,-6,48,1.2632,0.3421,13,55350000,55.35,45,70.0,56.0,0.29591836734693877,0.4387755102040816,0.14285714285714285,14.0,As expected
2022,2022/23,FR1,Ligue 1,1421,Stade Reims,19900000.0,27050000.0,-7150000.0,19.9,27.05,-7.15,27,23,4,38,12,15,11,45,45,0,51,1.3421,0.3158,11,95350000,95.35,46,62.0,48.0,0.37244897959183676,0.5153061224489796,0.1428571428571428,14.0,As expected
2022,2022/23,L1,Bundesliga,24,Eintracht Frankfurt,28500000.0,20590000.0,7910000.0,28.5,20.59,7.91,21,19,2,34,13,11,10,58,52,6,50,1.4706,0.3824,7,272260000,272.26,61,52.0,38.0,0.47959183673469385,0.6173469387755102,0.1377551020408163,14.0,As expected
2022,2022/23,ES1,La Liga,2687,Cádiz CF,11500000.0,1000000.0,10500000.0,11.5,1.0,10.5,18,16,2,38,10,12,16,30,53,-23,42,1.1053,0.2632,16,71675000,71.675,49,80.0,65.0,0.19387755102040816,0.33163265306122447,0.1377551020408163,15.0,As expected
2022,2022/23,L1,Bundesliga,16,Borussia Dortmund,99500000.0,81500000.0,18000000.0,99.5,81.5,18.0,13,11,2,34,22,5,7,83,44,39,71,2.0882,0.6471,2,502350000,502.35,44,20.0,7.0,0.8061224489795918,0.9336734693877551,0.12755102040816324,13.0,As expected
2022,2022/23,L1,Bundesliga,39,1.FSV Mainz 05,21800000.0,27850000.0,-6050000.0,21.8,27.85,-6.05,16,13,3,34,12,10,12,54,55,-1,46,1.3529,0.3529,9,118450000,118.45,53,59.0,47.0,0.40816326530612246,0.5306122448979592,0.12244897959183676,12.0,As expected
2022,2022/23,ES1,La Liga,1049,Valencia CF,12000000.0,54600000.0,-42600000.0,12.0,54.6,-42.6,13,11,2,38,11,9,18,42,45,-3,42,1.1053,0.2895,14,239425000,239.425,44,78.0,65.0,0.21428571428571427,0.33163265306122447,0.1173469387755102,13.0,As expected
2022,2022/23,FR1,Ligue 1,667,RC Strasbourg Alsace,7000000.0,9900000.0,-2900000.0,7.0,9.9,-2.9,18,14,4,38,9,13,16,51,59,-8,40,1.0526,0.2368,15,106450000,106.45,39,85.0,73.0,0.14285714285714285,0.25510204081632654,0.11224489795918369,12.0,As expected
2022,2022/23,IT1,Serie A,5,AC Milan,59960000.0,10200000.0,49760000.0,59.96,10.2,49.76,15,14,1,38,20,10,8,64,43,21,70,1.8421,0.5263,4,578660000,578.66,60,29.0,19.0,0.7142857142857143,0.8163265306122449,0.10204081632653061,10.0,As expected
2022,2022/23,FR1,Ligue 1,583,Paris Saint-Germain,147000000.0,52300000.0,94700000.0,147.0,52.3,94.7,22,17,5,38,27,4,7,89,40,49,85,2.2368,0.7105,1,883350000,883.35,36,13.0,4.0,0.8775510204081632,0.9693877551020408,0.09183673469387754,9.0,As expected
2022,2022/23,FR1,Ligue 1,290,AJ Auxerre,2250000.0,0.0,2250000.0,2.25,0.0,2.25,18,15,3,38,8,11,19,35,63,-28,35,0.9211,0.2105,17,32500000,32.5,33,94.0,85.0,0.05102040816326531,0.14285714285714285,0.09183673469387754,9.0,As expected
2022,2022/23,GB1,Premier League,281,Manchester City,155000000.0,160170000.0,-5170000.0,155.0,160.17,-5.17,18,16,2,38,28,5,5,94,33,61,89,2.3421,0.7368,1,1088450000,1088.45,32,11.0,2.0,0.8979591836734694,0.9897959183673469,0.09183673469387754,9.0,As expected
2022,2022/23,IT1,Serie A,430,ACF Fiorentina,35660000.0,55480000.0,-19820000.0,35.66,55.48,-19.82,18,17,1,38,15,11,12,53,43,10,56,1.4737,0.3947,8,247385000,247.385,63,46.0,37.0,0.5408163265306123,0.6326530612244898,0.09183673469387754,9.0,As expected
2022,2022/23,IT1,Serie A,749,FC Empoli,13350000.0,27200000.0,-13850000.0,13.35,27.2,-13.85,31,28,3,38,10,13,15,37,49,-12,43,1.1316,0.2632,14,107075000,107.075,77,72.0,63.0,0.2755102040816326,0.3622448979591837,0.08673469387755106,9.0,As expected
2022,2022/23,ES1,La Liga,12321,Girona FC,21500000.0,0.0,21500000.0,21.5,0.0,21.5,27,22,5,38,13,10,15,58,55,3,49,1.2895,0.3421,10,87400000,87.4,30,60.0,52.0,0.3979591836734694,0.46938775510204084,0.07142857142857145,8.0,As expected
2022,2022/23,L1,Bundesliga,27,Bayern Munich,146500000.0,121900000.0,24600000.0,146.5,121.9,24.6,16,14,2,34,21,8,5,92,38,54,71,2.0882,0.6176,1,911625000,911.625,46,14.0,7.0,0.8673469387755102,0.9336734693877551,0.06632653061224492,7.0,As expected
2022,2022/23,IT1,Serie A,1005,US Lecce,5330000.0,1800000.0,3530000.0,5.33,1.8,3.53,30,24,6,38,8,12,18,33,46,-13,36,0.9474,0.2105,16,81785000,81.785,51,89.0,82.0,0.10204081632653061,0.16326530612244897,0.06122448979591835,7.0,As expected
2022,2022/23,ES1,La Liga,131,FC Barcelona,159000000.0,36000000.0,123000000.0,159.0,36.0,123.0,17,15,2,38,28,4,6,70,20,50,88,2.3158,0.7368,1,754600000,754.6,30,9.0,3.0,0.9183673469387755,0.9795918367346939,0.061224489795918324,6.0,As expected
2022,2022/23,IT1,Serie A,416,Torino FC,31300000.0,61100000.0,-29800000.0,31.3,61.1,-29.8,22,20,2,38,14,11,13,42,41,1,53,1.3947,0.3684,10,159410000,159.41,82,49.0,43.0,0.5102040816326531,0.5663265306122449,0.056122448979591844,6.0,As expected
2022,2022/23,ES1,La Liga,366,Real Valladolid CF,11800000.0,1000000.0,10800000.0,11.8,1.0,10.8,16,13,3,38,11,7,20,33,63,-30,40,1.0526,0.2895,18,70350000,70.35,70,79.0,73.0,0.20408163265306123,0.25510204081632654,0.05102040816326531,6.0,As expected
2022,2022/23,FR1,Ligue 1,1147,AC Ajaccio,0.0,0.0,0.0,0.0,0.0,0.0,3,1,2,38,7,5,26,23,74,-51,26,0.6842,0.1842,18,23525000,23.525,34,97.0,93.0,0.015306122448979591,0.061224489795918366,0.04591836734693877,4.0,As expected
2022,2022/23,L1,Bundesliga,82,VfL Wolfsburg,36250000.0,21200000.0,15050000.0,36.25,21.2,15.05,15,15,0,34,13,10,11,57,48,9,49,1.4412,0.3824,8,210625000,210.625,49,45.0,41.0,0.5510204081632653,0.5918367346938775,0.04081632653061229,4.0,As expected
2022,2022/23,FR1,Ligue 1,244,Olympique Marseille,119550000.0,36730000.0,82820000.0,119.55,36.73,82.82,30,29,1,38,22,7,9,67,40,27,73,1.9211,0.5789,3,247375000,247.375,39,17.0,14.0,0.8367346938775511,0.8673469387755102,0.030612244897959107,3.0,As expected
2022,2022/23,FR1,Ligue 1,273,Stade Rennais FC,82500000.0,95000000.0,-12500000.0,82.5,95.0,-12.5,21,16,5,38,21,5,12,69,39,30,68,1.7895,0.5526,4,299250000,299.25,39,23.0,21.0,0.7755102040816326,0.7959183673469388,0.020408163265306145,2.0,As expected
2022,2022/23,GB1,Premier League,1237,Brighton & Hove Albion,55700000.0,135800000.0,-80100000.0,55.7,135.8,-80.1,14,12,2,38,18,8,12,72,53,19,62,1.6316,0.4737,6,313200000,313.2,43,31.0,29.0,0.6938775510204082,0.7091836734693877,0.015306122448979553,2.0,As expected
2022,2022/23,IT1,Serie A,2919,AC Monza,34020000.0,0.0,34020000.0,34.02,0.0,34.02,25,25,0,38,14,10,14,48,52,-4,52,1.3684,0.3684,11,120525000,120.525,40,47.0,45.0,0.5306122448979592,0.5459183673469388,0.015306122448979553,2.0,As expected
2022,2022/23,L1,Bundesliga,18,Borussia Mönchengladbach,24000000.0,23000000.0,1000000.0,24.0,23.0,1.0,10,8,2,34,11,10,13,52,55,-3,43,1.2647,0.3235,10,229525000,229.525,45,56.0,55.0,0.4387755102040816,0.4489795918367347,0.010204081632653073,1.0,As expected
2022,2022/23,GB1,Premier League,1148,Brentford FC,48250000.0,0.0,48250000.0,48.25,0.0,48.25,21,18,3,38,15,14,9,58,46,12,59,1.5526,0.3947,9,300900000,300.9,28,35.0,34.0,0.6530612244897959,0.6581632653061225,0.005102040816326592,1.0,As expected
2022,2022/23,ES1,La Liga,3709,Getafe CF,15750000.0,20500000.0,-4750000.0,15.75,20.5,-4.75,17,15,2,38,10,12,16,34,45,-11,42,1.1053,0.2632,15,155025000,155.025,52,67.0,65.0,0.32653061224489793,0.33163265306122447,0.005102040816326536,2.0,As expected
2022,2022/23,GB1,Premier League,11,Arsenal FC,186400000.0,23800000.0,162600000.0,186.4,23.8,162.6,23,21,2,38,26,6,6,88,43,45,84,2.2105,0.6842,2,714650000,714.65,44,6.0,5.0,0.9489795918367347,0.9540816326530612,0.005102040816326481,1.0,As expected
2022,2022/23,IT1,Serie A,506,Juventus FC,126100000.0,96200000.0,29900000.0,126.1,96.2,29.9,27,23,4,38,22,6,10,56,33,23,72,1.8947,0.5789,7,468525000,468.525,65,16.0,15.0,0.8469387755102041,0.8520408163265306,0.005102040816326481,1.0,As expected
2022,2022/23,L1,Bundesliga,33,FC Schalke 04,7280000.0,25050000.0,-17770000.0,7.28,25.05,-17.77,28,27,1,34,7,10,17,35,71,-36,31,0.9118,0.2059,17,64325000,64.325,53,84.0,86.0,0.15306122448979592,0.1326530612244898,-0.020408163265306117,-2.0,As expected
2022,2022/23,ES1,La Liga,368,Sevilla FC,30400000.0,87000000.0,-56600000.0,30.4,87.0,-56.6,27,23,4,38,13,10,15,47,54,-7,49,1.2895,0.3421,11,246100000,246.1,43,50.0,52.0,0.5,0.46938775510204084,-0.030612244897959162,-2.0,As expected
2022,2022/23,L1,Bundesliga,167,FC Augsburg,13250000.0,4950000.0,8300000.0,13.25,4.95,8.3,21,19,2,34,9,7,18,42,63,-21,34,1.0,0.2647,15,102525000,102.525,56,74.0,78.0,0.25510204081632654,0.20918367346938777,-0.04591836734693877,-4.0,As expected
2022,2022/23,L1,Bundesliga,44,Hertha BSC,7350000.0,22350000.0,-15000000.0,7.35,22.35,-15.0,15,14,1,34,7,8,19,42,69,-27,29,0.8529,0.2059,18,109875000,109.875,58,83.0,88.0,0.16326530612244897,0.11224489795918367,-0.05102040816326529,-5.0,As expected
2022,2022/23,FR1,Ligue 1,995,FC Nantes,12200000.0,0.0,12200000.0,12.2,0.0,12.2,12,11,1,38,7,15,16,37,55,-18,36,0.9474,0.1842,16,106750000,106.75,40,77.0,82.0,0.22448979591836735,0.16326530612244897,-0.06122448979591838,-5.0,As expected
2022,2022/23,IT1,Serie A,1025,Bologna Football Club 1909,48200000.0,42750000.0,5450000.0,48.2,42.75,5.45,24,20,4,38,14,12,12,53,49,4,54,1.4211,0.3684,9,149300000,149.3,92,36.0,42.0,0.6428571428571429,0.5816326530612245,-0.061224489795918435,-6.0,As expected
2022,2022/23,ES1,La Liga,940,Celta de Vigo,23730000.0,17000000.0,6730000.0,23.73,17.0,6.73,19,16,3,38,11,10,17,43,53,-10,43,1.1316,0.2895,13,135800000,135.8,56,57.0,63.0,0.42857142857142855,0.3622448979591837,-0.06632653061224486,-6.0,As expected
2022,2022/23,FR1,Ligue 1,1420,Angers SCO,4000000.0,39000000.0,-35000000.0,4.0,39.0,-35.0,13,8,5,38,4,6,28,33,81,-48,18,0.4737,0.1053,20,77650000,77.65,54,91.0,98.0,0.07653061224489796,0.01020408163265306,-0.0663265306122449,-7.0,As expected
2022,2022/23,IT1,Serie A,1038,UC Sampdoria,5000000.0,32800000.0,-27800000.0,5.0,32.8,-27.8,26,24,2,38,3,10,25,24,71,-47,19,0.5,0.0789,20,96610000,96.61,90,90.0,97.0,0.09183673469387756,0.02040816326530612,-0.07142857142857144,-7.0,As expected
2022,2022/23,GB1,Premier League,31,Liverpool FC,136400000.0,80100000.0,56300000.0,136.4,80.1,56.3,10,8,2,38,19,10,9,75,47,28,67,1.7632,0.5,5,835925000,835.925,40,15.0,22.0,0.8571428571428571,0.7806122448979592,-0.07653061224489788,-7.0,As expected
2022,2022/23,L1,Bundesliga,533,TSG 1899 Hoffenheim,19800000.0,72700000.0,-52900000.0,19.8,72.7,-52.9,18,16,2,34,10,6,18,48,57,-9,36,1.0588,0.2941,12,177400000,177.4,49,64.0,71.0,0.35714285714285715,0.28061224489795916,-0.07653061224489799,-7.0,As expected
2022,2022/23,IT1,Serie A,800,Atalanta BC,112900000.0,128300000.0,-15400000.0,112.9,128.3,-15.4,30,26,4,38,19,7,12,66,48,18,64,1.6842,0.5,5,348780000,348.78,99,18.0,26.0,0.826530612244898,0.7397959183673469,-0.08673469387755106,-8.0,As expected
2022,2022/23,GB1,Premier League,985,Manchester United,238020000.0,21650000.0,216370000.0,238.02,21.65,216.37,23,17,6,38,23,6,9,58,43,15,75,1.9737,0.6053,3,760700000,760.7,39,2.0,11.0,0.9897959183673469,0.8979591836734694,-0.09183673469387754,-9.0,As expected
2022,2022/23,FR1,Ligue 1,417,OGC Nice,80500000.0,49550000.0,30950000.0,80.5,49.55,30.95,28,23,5,38,15,13,10,48,37,11,58,1.5263,0.3947,9,215250000,215.25,36,24.0,36.0,0.7653061224489796,0.6428571428571429,-0.12244897959183665,-12.0,As expected
2022,2022/23,GB1,Premier League,405,Aston Villa,112500000.0,54000000.0,58500000.0,112.5,54.0,58.5,19,18,1,38,18,7,13,51,46,5,61,1.6053,0.4737,7,481475000,481.475,44,19.0,31.0,0.8163265306122449,0.6938775510204082,-0.12244897959183676,-12.0,As expected
2022,2022/23,L1,Bundesliga,79,VfB Stuttgart,15350000.0,52600000.0,-37250000.0,15.35,52.6,-37.25,17,13,4,34,7,12,15,45,57,-12,33,0.9706,0.2059,16,135850000,135.85,52,68.0,81.0,0.3163265306122449,0.1836734693877551,-0.1326530612244898,-13.0,As expected
2022,2022/23,GB1,Premier League,762,Newcastle United,189100000.0,6500000.0,182600000.0,189.1,6.5,182.6,15,12,3,38,19,14,5,68,33,35,71,1.8684,0.5,4,418300000,418.3,40,4.0,17.0,0.9693877551020408,0.8316326530612245,-0.1377551020408163,-13.0,As expected
2022,2022/23,IT1,Serie A,3522,Spezia Calcio,13330000.0,32930000.0,-19600000.0,13.33,32.93,-19.6,21,20,1,38,6,13,19,31,62,-31,31,0.8158,0.1579,17,80075000,80.075,45,73.0,89.0,0.2653061224489796,0.09183673469387756,-0.17346938775510207,-16.0,Under-performing
2022,2022/23,ES1,La Liga,1531,Elche CF,12960000.0,9400000.0,3560000.0,12.96,9.4,3.56,13,12,1,38,5,10,23,30,67,-37,25,0.6579,0.1316,20,68175000,68.175,45,76.0,94.0,0.23469387755102042,0.04591836734693878,-0.18877551020408165,-18.0,Under-performing
2022,2022/23,ES1,La Liga,714,RCD Espanyol Barcelona,20000000.0,16000000.0,4000000.0,20.0,16.0,4.0,21,17,4,38,8,13,17,52,69,-17,37,0.9737,0.2105,19,97025000,97.025,57,61.0,80.0,0.3877551020408163,0.19387755102040816,-0.19387755102040816,-19.0,Under-performing
2022,2022/23,GB1,Premier League,931,Fulham FC,76100000.0,25400000.0,50700000.0,76.1,25.4,50.7,17,17,0,38,15,7,16,55,53,2,52,1.3684,0.3947,10,242100000,242.1,39,26.0,45.0,0.7448979591836735,0.5459183673469388,-0.19897959183673475,-19.0,Under-performing
2022,2022/23,GB1,Premier League,873,Crystal Palace,46600000.0,0.0,46600000.0,46.6,0.0,46.6,13,12,1,38,11,12,15,40,49,-9,45,1.1842,0.2895,11,281075000,281.075,38,38.0,59.0,0.6224489795918368,0.4030612244897959,-0.21938775510204084,-21.0,Under-performing
2022,2022/23,GB1,Premier League,148,Tottenham Hotspur,173700000.0,38250000.0,135450000.0,173.7,38.25,135.45,19,19,0,38,18,6,14,70,63,7,60,1.5789,0.4737,8,680950000,680.95,35,8.0,32.0,0.9285714285714286,0.6785714285714286,-0.25,-24.0,Under-performing
2022,2022/23,IT1,Serie A,380,US Salernitana 1919,41790000.0,22900000.0,18890000.0,41.79,22.9,18.89,31,29,2,38,9,15,14,48,62,-14,42,1.1053,0.2368,15,105550000,105.55,49,42.0,65.0,0.5816326530612245,0.33163265306122447,-0.25,-23.0,Under-performing
2022,2022/23,ES1,La Liga,3302,UD Almería,37080000.0,22200000.0,14880000.0,37.08,22.2,14.88,21,21,0,38,11,8,19,49,65,-16,41,1.0789,0.2895,17,100850000,100.85,40,44.0,69.0,0.5612244897959183,0.3010204081632653,-0.260204081632653,-25.0,Under-performing
2022,2022/23,IT1,Serie A,6574,US Sassuolo,48780000.0,73340000.0,-24560000.0,48.78,73.34,-24.56,26,24,2,38,12,9,17,47,61,-14,45,1.1842,0.3158,13,216900000,216.9,85,34.0,59.0,0.6632653061224489,0.4030612244897959,-0.260204081632653,-25.0,Under-performing
2022,2022/23,IT1,Serie A,2239,US Cremonese,19900000.0,0.0,19900000.0,19.9,0.0,19.9,15,15,0,38,5,12,21,36,69,-33,27,0.7105,0.1316,19,81550000,81.55,40,62.0,92.0,0.37244897959183676,0.07142857142857142,-0.30102040816326536,-30.0,Under-performing
2022,2022/23,FR1,Ligue 1,1095,ESTAC Troyes,18800000.0,10000000.0,8800000.0,18.8,10.0,8.8,20,17,3,38,4,12,22,45,81,-36,24,0.6316,0.1053,19,73450000,73.45,48,65.0,96.0,0.3469387755102041,0.030612244897959183,-0.3163265306122449,-31.0,Under-performing
2022,2022/23,IT1,Serie A,410,Udinese Calcio,71460000.0,61900000.0,9560000.0,71.46,61.9,9.56,21,18,3,38,11,13,14,47,48,-1,46,1.2105,0.2895,12,152275000,152.275,77,27.0,58.0,0.7346938775510204,0.41836734693877553,-0.3163265306122449,-31.0,Under-performing
2022,2022/23,GB1,Premier League,1003,Leicester City,48000000.0,81400000.0,-33400000.0,48.0,81.4,-33.4,8,8,0,38,9,7,22,51,68,-17,34,0.8947,0.2368,18,457350000,457.35,41,37.0,87.0,0.6326530612244898,0.12244897959183673,-0.5102040816326531,-50.0,Under-performing
2022,2022/23,IT1,Serie A,276,Hellas Verona,45710000.0,28310000.0,17400000.0,45.71,28.31,17.4,40,38,2,38,7,10,21,31,59,-28,31,0.8158,0.1842,18,99705000,99.705,73,39.0,89.0,0.6122448979591837,0.09183673469387756,-0.5204081632653061,-50.0,Under-performing
2022,2022/23,GB1,Premier League,989,AFC Bournemouth,92650000.0,0.0,92650000.0,92.65,0.0,92.65,18,18,0,38,11,6,21,37,71,-34,39,1.0263,0.2895,15,180850000,180.85,42,21.0,77.0,0.7959183673469388,0.22448979591836735,-0.5714285714285714,-56.0,Under-performing
2022,2022/23,GB1,Premier League,631,Chelsea FC,616250000.0,59000000.0,557250000.0,616.25,59.0,557.25,31,28,3,38,11,11,16,38,47,-9,44,1.1579,0.2895,12,857500000,857.5,38,1.0,61.0,1.0,0.3826530612244898,-0.6173469387755102,-60.0,Under-performing
2022,2022/23,GB1,Premier League,29,Everton FC,83070000.0,103600000.0,-20530000.0,83.07,103.6,-20.53,20,18,2,38,8,12,18,34,57,-23,36,0.9474,0.2105,17,432525000,432.525,46,22.0,82.0,0.7857142857142857,0.16326530612244897,-0.6224489795918368,-60.0,Under-performing
2022,2022/23,GB1,Premier League,543,Wolverhampton Wanderers,177507000.0,64870000.0,112637000.0,177.507,64.87,112.637,30,27,3,38,11,8,19,31,58,-27,41,1.0789,0.2895,13,387500000,387.5,38,7.0,69.0,0.9387755102040817,0.3010204081632653,-0.6377551020408163,-62.0,Under-performing
2022,2022/23,GB1,Premier League,379,West Ham United,196600000.0,21550000.0,175050000.0,196.6,21.55,175.05,14,12,2,38,11,7,20,42,55,-13,40,1.0526,0.2895,14,473775000,473.775,45,3.0,73.0,0.9795918367346939,0.25510204081632654,-0.7244897959183674,-70.0,Under-performing
2022,2022/23,GB1,Premier League,703,Nottingham Forest,188850000.0,5000000.0,183850000.0,188.85,5.0,183.85,42,41,1,38,9,11,18,38,68,-30,38,1.0,0.2368,16,287550000,287.55,38,5.0,78.0,0.9591836734693877,0.20918367346938777,-0.75,-73.0,Under-performing
2022,2022/23,GB1,Premier League,399,Leeds United,156840000.0,109200000.0,47640000.0,156.84,109.2,47.64,15,15,0,38,7,10,21,48,78,-30,31,0.8158,0.1842,19,290850000,290.85,33,10.0,89.0,0.9081632653061225,0.09183673469387756,-0.8163265306122449,-79.0,Under-performing
2022,2022/23,GB1,Premier League,180,Southampton FC,154210000.0,5500000.0,148710000.0,154.21,5.5,148.71,22,22,0,38,6,7,25,36,73,-37,25,0.6579,0.1579,20,322625000,322.625,41,12.0,94.0,0.8877551020408163,0.04591836734693878,-0.8418367346938775,-82.0,Under-performing
2023,2023/24,ES1,La Liga,621,Athletic Bilbao,0.0,0.0,0.0,0.0,0.0,0.0,9,7,2,38,19,11,8,61,37,24,68,1.7895,0.5,5,226125000,226.125,45,96.0,20.0,0.010416666666666666,0.7916666666666666,0.78125,76.0,Over-performing
2023,2023/24,FR1,Ligue 1,3911,Stade Brestois 29,3500000.0,8600000.0,-5100000.0,3.5,8.6,-5.1,16,14,2,34,17,10,7,53,34,19,61,1.7941,0.5,3,86175000,86.175,37,91.0,19.0,0.0625,0.8125,0.75,72.0,Over-performing
2023,2023/24,L1,Bundesliga,79,VfB Stuttgart,20450000.0,49700000.0,-29250000.0,20.45,49.7,-29.25,21,20,1,34,23,4,7,78,39,39,73,2.1471,0.6765,2,177050000,177.05,45,68.0,9.0,0.3020833333333333,0.9166666666666666,0.6145833333333333,59.0,Over-performing
2023,2023/24,ES1,La Liga,12321,Girona FC,22250000.0,17900000.0,4350000.0,22.25,17.9,4.35,18,18,0,38,25,6,7,85,46,39,81,2.1316,0.6579,3,181250000,181.25,35,67.0,10.0,0.3125,0.90625,0.59375,57.0,Over-performing
2023,2023/24,ES1,La Liga,131,FC Barcelona,33400000.0,131200000.0,-97800000.0,33.4,131.2,-97.8,21,14,7,38,26,7,5,79,44,35,85,2.2368,0.6842,2,810450000,810.45,27,54.0,6.0,0.4479166666666667,0.9479166666666666,0.49999999999999994,48.0,Over-performing
2023,2023/24,IT1,Serie A,12,Associazione Sportiva Roma,17150000.0,78230000.0,-61080000.0,17.15,78.23,-61.08,16,16,0,38,18,9,11,65,46,19,63,1.6579,0.4737,6,276960000,276.96,65,72.0,25.0,0.2604166666666667,0.7447916666666666,0.48437499999999994,47.0,Over-performing
2023,2023/24,L1,Bundesliga,2036,1. Fußballclub Heidenheim 1846,2300000.0,0.0,2300000.0,2.3,0.0,2.3,9,6,3,34,10,12,12,50,55,-5,42,1.2353,0.2941,8,38050000,38.05,25,95.0,53.0,0.020833333333333332,0.4427083333333333,0.421875,42.0,Over-performing
2023,2023/24,ES1,La Liga,681,Real Sociedad,19000000.0,17800000.0,1200000.0,19.0,17.8,1.2,16,13,3,38,16,12,10,51,39,12,60,1.5789,0.4211,6,409625000,409.625,46,70.0,29.0,0.28125,0.6927083333333334,0.41145833333333337,41.0,Over-performing
2023,2023/24,ES1,La Liga,1050,Villarreal CF,12500000.0,110000000.0,-97500000.0,12.5,110.0,-97.5,16,15,1,38,14,11,13,65,65,0,53,1.3947,0.3684,8,279050000,279.05,48,74.0,37.0,0.23958333333333334,0.6145833333333334,0.375,37.0,Over-performing
2023,2023/24,ES1,La Liga,1049,Valencia CF,10250000.0,28500000.0,-18250000.0,10.25,28.5,-18.25,16,10,6,38,13,10,15,40,45,-5,49,1.2895,0.3421,9,221425000,221.425,46,79.0,45.0,0.1875,0.53125,0.34375,34.0,Over-performing
2023,2023/24,L1,Bundesliga,60,SC Freiburg,8500000.0,42100000.0,-33600000.0,8.5,42.1,-33.6,9,7,2,34,11,9,14,45,58,-13,42,1.2353,0.3235,10,171525000,171.525,36,84.0,53.0,0.13541666666666666,0.4427083333333333,0.30729166666666663,31.0,Over-performing
2023,2023/24,L1,Bundesliga,86,SV Werder Bremen,8750000.0,29300000.0,-20550000.0,8.75,29.3,-20.55,15,14,1,34,11,9,14,48,54,-6,42,1.2353,0.3235,9,100750000,100.75,54,83.0,53.0,0.14583333333333334,0.4427083333333333,0.296875,30.0,Over-performing
2023,2023/24,ES1,La Liga,13,Atlético de Madrid,56500000.0,101100000.0,-44600000.0,56.5,101.1,-44.6,22,20,2,38,24,4,10,70,43,27,76,2.0,0.6316,4,477275000,477.275,54,40.0,12.0,0.59375,0.8854166666666666,0.29166666666666663,28.0,Over-performing
2023,2023/24,FR1,Ligue 1,969,Montpellier HSC,9150000.0,37750000.0,-28600000.0,9.15,37.75,-28.6,12,10,2,34,10,12,12,43,48,-5,42,1.2353,0.2941,12,108875000,108.875,51,82.0,53.0,0.15625,0.4427083333333333,0.2864583333333333,29.0,Over-performing
2023,2023/24,IT1,Serie A,46,Inter Milan,73500000.0,125190000.0,-51690000.0,73.5,125.19,-51.69,32,31,1,38,29,7,2,89,22,67,94,2.4737,0.7632,1,602910000,602.91,65,30.0,3.0,0.6979166666666666,0.9791666666666666,0.28125,27.0,Over-performing
2023,2023/24,L1,Bundesliga,15,Bayer 04 Leverkusen,82900000.0,68500000.0,14400000.0,82.9,68.5,14.4,13,12,1,34,28,6,0,89,24,65,90,2.6471,0.8235,1,481370000,481.37,48,27.0,1.0,0.7291666666666666,1.0,0.27083333333333337,26.0,Over-performing
2023,2023/24,FR1,Ligue 1,1082,LOSC Lille,39450000.0,44600000.0,-5150000.0,39.45,44.6,-5.15,16,14,2,34,16,11,7,52,34,18,59,1.7353,0.4706,4,266625000,266.625,35,50.0,24.0,0.4895833333333333,0.7604166666666666,0.2708333333333333,26.0,Over-performing
2023,2023/24,ES1,La Liga,331,CA Osasuna,7000000.0,4900000.0,2100000.0,7.0,4.9,2.1,10,7,3,38,12,9,17,45,56,-11,45,1.1842,0.3158,11,142625000,142.625,60,85.0,59.0,0.125,0.390625,0.265625,26.0,Over-performing
2023,2023/24,FR1,Ligue 1,415,FC Toulouse,18250000.0,10700000.0,7550000.0,18.25,10.7,7.55,22,18,4,34,11,10,13,42,46,-4,43,1.2647,0.3235,11,101750000,101.75,44,71.0,48.0,0.2708333333333333,0.5104166666666666,0.23958333333333331,23.0,Over-performing
2023,2023/24,ES1,La Liga,472,UD Las Palmas,4800000.0,0.0,4800000.0,4.8,0.0,4.8,12,11,1,38,10,10,18,33,47,-14,40,1.0526,0.2632,16,50725000,50.725,43,89.0,67.0,0.08333333333333333,0.3072916666666667,0.22395833333333337,22.0,Over-performing
2023,2023/24,ES1,La Liga,1108,Deportivo Alavés,10400000.0,2500000.0,7900000.0,10.4,2.5,7.9,17,16,1,38,12,10,16,36,46,-10,46,1.2105,0.3158,10,54850000,54.85,50,78.0,57.0,0.19791666666666666,0.4114583333333333,0.21354166666666666,21.0,Over-performing
2023,2023/24,ES1,La Liga,150,Real Betis Balompié,33200000.0,68500000.0,-35300000.0,33.2,68.5,-35.3,21,17,4,38,14,15,9,48,45,3,57,1.5,0.3684,7,199725000,199.725,64,55.0,34.0,0.4375,0.6510416666666666,0.21354166666666663,21.0,Over-performing
2023,2023/24,IT1,Serie A,398,Società Sportiva Lazio S.p.A.,44080000.0,46500000.0,-2420000.0,44.08,46.5,-2.42,20,19,1,38,18,7,13,49,39,10,61,1.6053,0.4737,7,246660000,246.66,66,48.0,28.0,0.5104166666666666,0.71875,0.20833333333333337,20.0,Over-performing
2023,2023/24,L1,Bundesliga,167,FC Augsburg,9650000.0,28100000.0,-18450000.0,9.65,28.1,-18.45,20,18,2,34,10,9,15,50,60,-10,39,1.1471,0.2941,11,115975000,115.975,56,81.0,61.0,0.16666666666666666,0.3697916666666667,0.20312500000000003,20.0,Over-performing
2023,2023/24,L1,Bundesliga,16,Borussia Dortmund,66250000.0,136000000.0,-69750000.0,66.25,136.0,-69.75,10,9,1,34,18,9,7,68,43,25,63,1.8529,0.5294,5,430125000,430.125,39,35.0,17.0,0.6458333333333334,0.8333333333333334,0.1875,18.0,Over-performing
2023,2023/24,L1,Bundesliga,80,VfL Bochum,2450000.0,0.0,2450000.0,2.45,0.0,2.45,18,15,3,34,7,12,15,42,74,-32,33,0.9706,0.2059,16,51825000,51.825,32,94.0,76.0,0.03125,0.20833333333333334,0.17708333333333334,18.0,Over-performing
2023,2023/24,FR1,Ligue 1,417,OGC Nice,52500000.0,17350000.0,35150000.0,52.5,17.35,35.15,19,17,2,34,15,10,9,40,29,11,55,1.6176,0.4412,5,219050000,219.05,33,43.0,27.0,0.5625,0.7291666666666666,0.16666666666666663,16.0,Over-performing
2023,2023/24,ES1,La Liga,3709,Getafe CF,11000000.0,4540000.0,6460000.0,11.0,4.54,6.46,18,17,1,38,10,13,15,42,54,-12,43,1.1316,0.2632,12,119275000,119.275,54,77.0,63.0,0.20833333333333334,0.3541666666666667,0.14583333333333334,14.0,As expected
2023,2023/24,IT1,Serie A,430,ACF Fiorentina,49100000.0,57580000.0,-8480000.0,49.1,57.58,-8.48,24,19,5,38,17,9,12,61,46,15,60,1.5789,0.4474,7,271125000,271.125,61,44.0,29.0,0.5520833333333334,0.6927083333333334,0.140625,15.0,As expected
2023,2023/24,FR1,Ligue 1,162,AS Monaco,84100000.0,62000000.0,22100000.0,84.1,62.0,22.1,14,11,3,34,20,7,7,68,42,26,67,1.9706,0.5882,2,316320000,316.32,35,25.0,14.0,0.75,0.8645833333333334,0.11458333333333337,11.0,As expected
2023,2023/24,L1,Bundesliga,39,1.FSV Mainz 05,10000000.0,24550000.0,-14550000.0,10.0,24.55,-14.55,12,9,3,34,7,14,13,39,51,-12,35,1.0294,0.2059,13,137350000,137.35,51,80.0,69.0,0.17708333333333334,0.2916666666666667,0.11458333333333334,11.0,As expected
2023,2023/24,FR1,Ligue 1,738,Le Havre AC,2900000.0,0.0,2900000.0,2.9,0.0,2.9,16,13,3,34,7,11,16,34,45,-11,32,0.9412,0.2059,15,37750000,37.75,24,92.0,82.0,0.052083333333333336,0.15625,0.10416666666666666,10.0,As expected
2023,2023/24,IT1,Serie A,800,Atalanta BC,75860000.0,162100000.0,-86240000.0,75.86,162.1,-86.24,20,20,0,38,21,6,11,72,42,30,69,1.8158,0.5526,6,366245000,366.245,100,28.0,18.0,0.71875,0.8229166666666666,0.10416666666666663,10.0,As expected
2023,2023/24,IT1,Serie A,416,Torino FC,44750000.0,18550000.0,26200000.0,44.75,18.55,26.2,25,23,2,38,13,14,11,36,36,0,53,1.3947,0.3421,9,182695000,182.695,79,47.0,37.0,0.5208333333333334,0.6145833333333334,0.09375,10.0,As expected
2023,2023/24,ES1,La Liga,418,Real Madrid,160000000.0,7000000.0,153000000.0,160.0,7.0,153.0,10,9,1,38,29,8,1,87,26,61,95,2.5,0.7632,1,1007800000,1007.8,32,10.0,2.0,0.90625,0.9895833333333334,0.08333333333333337,8.0,As expected
2023,2023/24,IT1,Serie A,506,Juventus FC,91300000.0,63580000.0,27720000.0,91.3,63.58,27.72,19,16,3,38,19,14,5,54,31,23,71,1.8684,0.5,3,450425000,450.425,60,23.0,16.0,0.7708333333333334,0.84375,0.07291666666666663,7.0,As expected
2023,2023/24,L1,Bundesliga,3,1.FC Köln,2500000.0,3100000.0,-600000.0,2.5,3.1,-0.6,16,11,5,34,5,12,17,28,60,-32,27,0.7941,0.1471,17,112650000,112.65,48,93.0,87.0,0.041666666666666664,0.10416666666666667,0.0625,6.0,As expected
2023,2023/24,FR1,Ligue 1,1041,Olympique Lyon,59180000.0,104710000.0,-45530000.0,59.18,104.71,-45.53,27,23,4,34,16,5,13,49,55,-6,53,1.5588,0.4706,6,241300000,241.3,39,39.0,33.0,0.6041666666666666,0.6666666666666666,0.0625,6.0,As expected
2023,2023/24,L1,Bundesliga,533,TSG 1899 Hoffenheim,43300000.0,36000000.0,7300000.0,43.3,36.0,7.3,17,14,3,34,13,7,14,66,66,0,46,1.3529,0.3824,7,162350000,162.35,51,49.0,43.0,0.5,0.5572916666666666,0.05729166666666663,6.0,As expected
2023,2023/24,ES1,La Liga,2687,Cádiz CF,6000000.0,10000000.0,-4000000.0,6.0,10.0,-4.0,15,15,0,38,6,15,17,26,55,-29,33,0.8684,0.1579,18,71300000,71.3,55,88.0,84.0,0.09375,0.13541666666666666,0.04166666666666666,4.0,As expected
2023,2023/24,GB1,Premier League,29,Everton FC,37500000.0,75800000.0,-38300000.0,37.5,75.8,-38.3,9,8,1,38,13,9,16,40,51,-11,48,1.2632,0.3421,15,359125000,359.125,42,52.0,49.0,0.46875,0.4895833333333333,0.020833333333333315,3.0,As expected
2023,2023/24,FR1,Ligue 1,826,RC Lens,64250000.0,69040000.0,-4790000.0,64.25,69.04,-4.79,16,15,1,34,14,9,11,45,37,8,51,1.5,0.4118,7,213400000,213.4,37,36.0,34.0,0.6354166666666666,0.6510416666666666,0.015625,2.0,As expected
2023,2023/24,FR1,Ligue 1,1421,Stade Reims,53850000.0,74550000.0,-20700000.0,53.85,74.55,-20.7,21,17,4,34,13,8,13,42,47,-5,47,1.3824,0.3824,9,150650000,150.65,41,42.0,40.0,0.5729166666666666,0.5885416666666666,0.015625,2.0,As expected
2023,2023/24,FR1,Ligue 1,347,FC Metz,6300000.0,29500000.0,-23200000.0,6.3,29.5,-23.2,22,15,7,34,8,5,21,35,58,-23,29,0.8529,0.2353,16,46250000,46.25,52,87.0,85.0,0.10416666666666667,0.11979166666666667,0.015625,2.0,As expected
2023,2023/24,GB1,Premier League,31,Liverpool FC,172000000.0,60700000.0,111300000.0,172.0,60.7,111.3,16,13,3,38,24,10,4,86,41,45,82,2.1579,0.6316,3,849875000,849.875,47,9.0,8.0,0.9166666666666666,0.9270833333333334,0.01041666666666674,1.0,As expected
2023,2023/24,IT1,Serie A,276,Hellas Verona,13700000.0,101360000.0,-87660000.0,13.7,101.36,-87.66,33,32,1,38,9,11,18,38,51,-13,38,1.0,0.2368,13,86970000,86.97,63,73.0,71.0,0.25,0.2552083333333333,0.005208333333333315,2.0,As expected
2023,2023/24,GB1,Premier League,281,Manchester City,259600000.0,131800000.0,127800000.0,259.6,131.8,127.8,20,16,4,38,28,7,3,96,34,62,91,2.3947,0.7368,1,1327175000,1327.175,37,4.0,4.0,0.96875,0.96875,0.0,0.0,As expected
2023,2023/24,GB1,Premier League,11,Arsenal FC,231600000.0,66350000.0,165250000.0,231.6,66.35,165.25,10,10,0,38,28,5,5,91,29,62,89,2.3421,0.7368,2,1142525000,1142.525,43,5.0,5.0,0.9583333333333334,0.9583333333333334,0.0,0.0,As expected
2023,2023/24,IT1,Serie A,5,AC Milan,131180000.0,68650000.0,62530000.0,131.18,68.65,62.53,29,27,2,38,22,9,7,76,49,27,75,1.9737,0.5789,2,492810000,492.81,59,13.0,13.0,0.875,0.875,0.0,0.0,As expected
2023,2023/24,IT1,Serie A,1025,Bologna Football Club 1909,95490000.0,25500000.0,69990000.0,95.49,25.5,69.99,24,23,1,38,18,14,6,54,32,22,68,1.7895,0.4737,5,190460000,190.46,90,21.0,20.0,0.7916666666666666,0.7916666666666666,0.0,1.0,As expected
2023,2023/24,IT1,Serie A,252,Genoa CFC,45500000.0,36610000.0,8890000.0,45.5,36.61,8.89,38,37,1,38,12,13,13,45,45,0,49,1.2895,0.3158,11,91435000,91.435,79,45.0,45.0,0.5416666666666666,0.53125,-0.01041666666666663,0.0,As expected
2023,2023/24,GB1,Premier League,405,Aston Villa,106500000.0,32550000.0,73950000.0,106.5,32.55,73.95,18,15,3,38,20,8,10,76,61,15,68,1.7895,0.5263,4,574850000,574.85,48,19.0,20.0,0.8125,0.7916666666666666,-0.02083333333333337,-1.0,As expected
2023,2023/24,ES1,La Liga,237,RCD Mallorca,24300000.0,22000000.0,2300000.0,24.3,22.0,2.3,16,15,1,38,8,16,14,33,44,-11,40,1.0526,0.2105,15,101875000,101.875,43,65.0,67.0,0.3333333333333333,0.3072916666666667,-0.02604166666666663,-2.0,As expected
2023,2023/24,L1,Bundesliga,27,Bayern Munich,180000000.0,173920000.0,6080000.0,180.0,173.92,6.08,17,14,3,34,23,3,8,94,45,49,72,2.1176,0.6765,3,1052400000,1052.4,50,8.0,11.0,0.9270833333333334,0.8958333333333334,-0.03125,-3.0,As expected
2023,2023/24,FR1,Ligue 1,3524,Clermont Foot 63,6600000.0,16300000.0,-9700000.0,6.6,16.3,-9.7,12,10,2,34,5,10,19,26,60,-34,25,0.7353,0.1471,18,51750000,51.75,36,86.0,89.0,0.11458333333333333,0.08333333333333333,-0.03125,-3.0,As expected
2023,2023/24,IT1,Serie A,749,FC Empoli,11400000.0,62700000.0,-51300000.0,11.4,62.7,-51.3,30,30,0,38,9,9,20,29,54,-25,36,0.9474,0.2368,17,107260000,107.26,75,76.0,79.0,0.21875,0.17708333333333334,-0.04166666666666666,-3.0,As expected
2023,2023/24,L1,Bundesliga,105,SV Darmstadt 98,3800000.0,2250000.0,1550000.0,3.8,2.25,1.55,12,12,0,34,3,8,23,30,86,-56,17,0.5,0.0882,18,38350000,38.35,33,90.0,94.0,0.07291666666666667,0.03125,-0.04166666666666667,-4.0,As expected
2023,2023/24,FR1,Ligue 1,583,Paris Saint-Germain,454500000.0,137150000.0,317350000.0,454.5,137.15,317.35,30,27,3,34,22,10,2,81,33,48,76,2.2353,0.6471,1,783850000,783.85,31,2.0,7.0,0.9895833333333334,0.9375,-0.05208333333333337,-5.0,As expected
2023,2023/24,ES1,La Liga,367,Rayo Vallecano,22300000.0,5700000.0,16600000.0,22.3,5.7,16.6,12,12,0,38,8,14,16,29,48,-19,38,1.0,0.2105,17,77600000,77.6,46,66.0,71.0,0.3229166666666667,0.2552083333333333,-0.06770833333333337,-5.0,As expected
2023,2023/24,IT1,Serie A,8970,Frosinone Calcio,11760000.0,6500000.0,5260000.0,11.76,6.5,5.26,35,31,4,38,8,11,19,44,69,-25,35,0.9211,0.2105,18,56785000,56.785,53,75.0,83.0,0.22916666666666666,0.14583333333333334,-0.08333333333333331,-8.0,As expected
2023,2023/24,L1,Bundesliga,23826,RB Leipzig,187150000.0,241500000.0,-54350000.0,187.15,241.5,-54.35,18,18,0,34,19,8,7,77,39,38,65,1.9118,0.5588,4,537975000,537.975,39,7.0,15.0,0.9375,0.8541666666666666,-0.08333333333333337,-8.0,As expected
2023,2023/24,ES1,La Liga,940,Celta de Vigo,31200000.0,46200000.0,-15000000.0,31.2,46.2,-15.0,16,15,1,38,10,11,17,46,57,-11,41,1.0789,0.2632,14,158450000,158.45,62,57.0,65.0,0.4166666666666667,0.328125,-0.08854166666666669,-8.0,As expected
2023,2023/24,ES1,La Liga,368,Sevilla FC,32000000.0,24600000.0,7400000.0,32.0,24.6,7.4,18,17,1,38,10,11,17,48,54,-6,41,1.0789,0.2632,13,207375000,207.375,44,56.0,65.0,0.4270833333333333,0.328125,-0.09895833333333331,-9.0,As expected
2023,2023/24,IT1,Serie A,1005,US Lecce,27270000.0,24850000.0,2420000.0,27.27,24.85,2.42,26,23,3,38,8,14,16,32,54,-22,38,1.0,0.2105,14,102580000,102.58,54,62.0,71.0,0.3645833333333333,0.2552083333333333,-0.109375,-9.0,As expected
2023,2023/24,GB1,Premier League,873,Crystal Palace,67800000.0,0.0,67800000.0,67.8,0.0,67.8,9,8,1,38,13,10,15,57,58,-1,49,1.2895,0.3421,10,330810000,330.81,43,33.0,45.0,0.6666666666666666,0.53125,-0.13541666666666663,-12.0,As expected
2023,2023/24,IT1,Serie A,2919,AC Monza,44800000.0,0.0,44800000.0,44.8,0.0,44.8,27,25,2,38,11,12,15,39,51,-12,45,1.1842,0.2895,12,127300000,127.3,34,46.0,59.0,0.53125,0.390625,-0.140625,-13.0,As expected
2023,2023/24,L1,Bundesliga,18,Borussia Mönchengladbach,28780000.0,25000000.0,3780000.0,28.78,25.0,3.78,11,10,1,34,7,13,14,56,67,-11,34,1.0,0.2059,14,212775000,212.775,50,58.0,71.0,0.40625,0.2552083333333333,-0.15104166666666669,-13.0,Under-performing
2023,2023/24,L1,Bundesliga,24,Eintracht Frankfurt,83300000.0,149500000.0,-66200000.0,83.3,149.5,-66.2,35,31,4,34,11,14,9,51,50,1,47,1.3824,0.3235,6,344750000,344.75,59,26.0,40.0,0.7395833333333334,0.5885416666666666,-0.15104166666666674,-14.0,Under-performing
2023,2023/24,FR1,Ligue 1,995,FC Nantes,27550000.0,37800000.0,-10250000.0,27.55,37.8,-10.25,23,19,4,34,9,6,19,30,55,-25,33,0.9706,0.2647,14,118475000,118.475,42,61.0,76.0,0.375,0.20833333333333334,-0.16666666666666666,-15.0,Under-performing
2023,2023/24,IT1,Serie A,1390,Cagliari Calcio,25340000.0,18580000.0,6760000.0,25.34,18.58,6.76,22,21,1,38,8,12,18,42,68,-26,36,0.9474,0.2105,16,70525000,70.525,74,64.0,79.0,0.34375,0.17708333333333334,-0.16666666666666666,-15.0,Under-performing
2023,2023/24,FR1,Ligue 1,244,Olympique Marseille,99600000.0,72100000.0,27500000.0,99.6,72.1,27.5,26,23,3,34,13,11,10,52,41,11,50,1.4706,0.3824,8,190350000,190.35,33,20.0,36.0,0.8020833333333334,0.6354166666666666,-0.16666666666666674,-16.0,Under-performing
2023,2023/24,FR1,Ligue 1,273,Stade Rennais FC,84400000.0,146500000.0,-62100000.0,84.4,146.5,-62.1,18,13,5,34,12,10,12,53,46,7,46,1.3529,0.3529,10,256750000,256.75,34,24.0,43.0,0.7604166666666666,0.5572916666666666,-0.203125,-19.0,Under-performing
2023,2023/24,GB1,Premier League,762,Newcastle United,150000000.0,44600000.0,105400000.0,150.0,44.6,105.4,15,13,2,38,18,6,14,85,62,23,60,1.5789,0.4737,7,620025000,620.025,41,11.0,29.0,0.8958333333333334,0.6927083333333334,-0.203125,-18.0,Under-performing
2023,2023/24,GB1,Premier League,148,Tottenham Hotspur,275100000.0,116100000.0,159000000.0,275.1,116.1,159.0,25,24,1,38,20,6,12,74,61,13,66,1.7368,0.5263,5,719950000,719.95,38,3.0,23.0,0.9791666666666666,0.7708333333333334,-0.20833333333333326,-20.0,Under-performing
2023,2023/24,GB1,Premier League,931,Fulham FC,68470000.0,52600000.0,15870000.0,68.47,52.6,15.87,13,12,1,38,13,8,17,55,61,-6,47,1.2368,0.3421,13,305650000,305.65,38,32.0,52.0,0.6770833333333334,0.46875,-0.20833333333333337,-20.0,Under-performing
2023,2023/24,IT1,Serie A,6195,SSC Napoli,117000000.0,101200000.0,15800000.0,117.0,101.2,15.8,19,19,0,38,13,14,11,55,48,7,53,1.3947,0.3421,10,620010000,620.01,59,16.0,37.0,0.84375,0.6145833333333334,-0.22916666666666663,-21.0,Under-performing
2023,2023/24,IT1,Serie A,410,Udinese Calcio,35450000.0,33310000.0,2140000.0,35.45,33.31,2.14,29,25,4,38,6,19,13,37,53,-16,37,0.9737,0.1579,15,166895000,166.895,84,53.0,75.0,0.4583333333333333,0.22916666666666666,-0.22916666666666666,-22.0,Under-performing
2023,2023/24,ES1,La Liga,16795,Granada CF,19190000.0,6450000.0,12740000.0,19.19,6.45,12.74,26,25,1,38,4,9,25,38,79,-41,21,0.5526,0.1053,20,61075000,61.075,53,69.0,92.0,0.2916666666666667,0.046875,-0.24479166666666669,-23.0,Under-performing
2023,2023/24,FR1,Ligue 1,667,RC Strasbourg Alsace,60700000.0,43000000.0,17700000.0,60.7,43.0,17.7,15,13,2,34,10,9,15,38,50,-12,39,1.1471,0.2941,13,115925000,115.925,38,38.0,61.0,0.6145833333333334,0.3697916666666667,-0.24479166666666669,-23.0,Under-performing
2023,2023/24,GB1,Premier League,985,Manchester United,202700000.0,60770000.0,141930000.0,202.7,60.77,141.93,19,16,3,38,18,6,14,57,58,-1,60,1.5789,0.4737,8,850250000,850.25,48,6.0,29.0,0.9479166666666666,0.6927083333333334,-0.25520833333333326,-23.0,Under-performing
2023,2023/24,GB1,Premier League,631,Chelsea FC,464100000.0,264600000.0,199500000.0,464.1,264.6,199.5,32,27,5,38,18,9,11,77,63,14,63,1.6579,0.4737,6,1167475000,1167.475,50,1.0,25.0,1.0,0.7447916666666666,-0.25520833333333337,-24.0,Under-performing
2023,2023/24,FR1,Ligue 1,1158,FC Lorient,27900000.0,58200000.0,-30300000.0,27.9,58.2,-30.3,25,24,1,34,7,8,19,43,66,-23,29,0.8529,0.2059,17,130725000,130.725,44,60.0,85.0,0.3854166666666667,0.11979166666666667,-0.265625,-25.0,Under-performing
2023,2023/24,L1,Bundesliga,89,1.FC Union Berlin,38250000.0,6150000.0,32100000.0,38.25,6.15,32.1,26,22,4,34,9,6,19,33,58,-25,33,0.9706,0.2647,15,175310000,175.31,47,51.0,76.0,0.4791666666666667,0.20833333333333334,-0.27083333333333337,-25.0,Under-performing
2023,2023/24,GB1,Premier League,1031,Luton Town,25900000.0,0.0,25900000.0,25.9,0.0,25.9,28,25,3,38,6,8,24,52,85,-33,26,0.6842,0.1579,18,61950000,61.95,29,63.0,90.0,0.3541666666666667,0.07291666666666667,-0.28125,-27.0,Under-performing
2023,2023/24,GB1,Premier League,379,West Ham United,137550000.0,166360000.0,-28810000.0,137.55,166.36,-28.81,12,11,1,38,14,10,14,60,74,-14,52,1.3684,0.3684,9,356375000,356.375,38,12.0,42.0,0.8854166666666666,0.5729166666666666,-0.3125,-30.0,Under-performing
2023,2023/24,GB1,Premier League,1237,Brighton & Hove Albion,106850000.0,185650000.0,-78800000.0,106.85,185.65,-78.8,26,21,5,38,12,12,14,55,62,-7,48,1.2632,0.3158,11,492475000,492.475,47,18.0,49.0,0.8229166666666666,0.4895833333333333,-0.3333333333333333,-31.0,Under-performing
2023,2023/24,L1,Bundesliga,82,VfL Wolfsburg,74800000.0,72100000.0,2700000.0,74.8,72.1,2.7,20,18,2,34,10,7,17,41,56,-15,37,1.0882,0.2941,12,227000000,227.0,47,29.0,64.0,0.7083333333333334,0.34375,-0.36458333333333337,-35.0,Under-performing
2023,2023/24,GB1,Premier League,543,Wolverhampton Wanderers,94000000.0,166300000.0,-72300000.0,94.0,166.3,-72.3,28,26,2,38,13,7,18,50,65,-15,46,1.2105,0.3421,14,397925000,397.925,44,22.0,57.0,0.78125,0.4114583333333333,-0.3697916666666667,-35.0,Under-performing
2023,2023/24,IT1,Serie A,380,US Salernitana 1919,28050000.0,3000000.0,25050000.0,28.05,3.0,25.05,34,31,3,38,2,11,25,32,81,-49,17,0.4474,0.0526,20,116325000,116.325,56,59.0,95.0,0.3958333333333333,0.020833333333333332,-0.375,-36.0,Under-performing
2023,2023/24,GB1,Premier League,989,AFC Bournemouth,129890000.0,0.0,129890000.0,129.89,0.0,129.89,22,22,0,38,13,9,16,54,67,-13,48,1.2632,0.3421,12,342250000,342.25,43,14.0,49.0,0.8645833333333334,0.4895833333333333,-0.37500000000000006,-35.0,Under-performing
2023,2023/24,GB1,Premier League,1148,Brentford FC,72350000.0,6750000.0,65600000.0,72.35,6.75,65.6,16,14,2,38,10,9,19,56,65,-9,39,1.0263,0.2632,16,352550000,352.55,32,31.0,70.0,0.6875,0.28125,-0.40625,-39.0,Under-performing
2023,2023/24,IT1,Serie A,6574,US Sassuolo,62300000.0,103320000.0,-41020000.0,62.3,103.32,-41.02,34,31,3,38,7,9,22,43,75,-32,30,0.7895,0.1842,19,158100000,158.1,76,37.0,88.0,0.625,0.09375,-0.53125,-51.0,Under-performing
2023,2023/24,ES1,La Liga,3302,UD Almería,54250000.0,49800000.0,4450000.0,54.25,49.8,4.45,23,21,2,38,3,12,23,43,75,-32,21,0.5526,0.0789,19,98900000,98.9,42,41.0,92.0,0.5833333333333334,0.046875,-0.5364583333333334,-51.0,Under-performing
2023,2023/24,GB1,Premier League,350,Sheffield United,66950000.0,30900000.0,36050000.0,66.95,30.9,36.05,19,16,3,38,3,7,28,35,104,-69,16,0.4211,0.0789,20,163875000,163.875,40,34.0,96.0,0.65625,0.010416666666666666,-0.6458333333333334,-62.0,Under-performing
2023,2023/24,GB1,Premier League,703,Nottingham Forest,129480000.0,70200000.0,59280000.0,129.48,70.2,59.28,37,37,0,38,9,9,20,49,67,-18,36,0.9474,0.2368,17,308300000,308.3,34,15.0,79.0,0.8541666666666666,0.17708333333333334,-0.6770833333333333,-64.0,Under-performing
2023,2023/24,GB1,Premier League,1132,Burnley FC,111050000.0,0.0,111050000.0,111.05,0.0,111.05,31,31,0,38,5,9,24,41,78,-37,24,0.6316,0.1316,19,187550000,187.55,45,17.0,91.0,0.8333333333333334,0.0625,-0.7708333333333334,-74.0,Under-performing
2024,2024/25,ES1,La Liga,621,Athletic Bilbao,18000000.0,8900000.0,9100000.0,18.0,8.9,9.1,16,10,6,38,19,13,6,54,29,25,70,1.8421,0.5,4,322000000,322.0,26,63.0,14.0,0.3541666666666667,0.8541666666666666,0.49999999999999994,49.0,Over-performing
2024,2024/25,ES1,La Liga,367,Rayo Vallecano,0.0,0.0,0.0,0.0,0.0,0.0,5,5,0,38,13,13,12,41,45,-4,52,1.3684,0.3421,8,60900000,60.9,23,91.0,47.0,0.036458333333333336,0.515625,0.4791666666666667,44.0,Over-performing
2024,2024/25,GB1,Premier League,31,Liverpool FC,42000000.0,47000000.0,-5000000.0,42.0,47.0,-5.0,11,8,3,38,25,9,4,86,41,45,84,2.2105,0.6579,1,959900000,959.9,29,50.0,4.0,0.4895833333333333,0.9635416666666666,0.4739583333333333,46.0,Over-performing
2024,2024/25,L1,Bundesliga,86,SV Werder Bremen,6825000.0,5000000.0,1825000.0,6.825,5.0,1.825,10,10,0,34,14,9,11,54,57,-3,51,1.5,0.4118,8,117600000,117.6,28,83.0,38.0,0.14583333333333334,0.609375,0.46354166666666663,45.0,Over-performing
2024,2024/25,ES1,La Liga,418,Real Madrid,49000000.0,16000000.0,33000000.0,49.0,16.0,33.0,9,6,3,38,26,6,6,78,38,40,84,2.2105,0.6842,2,1148000000,1148.0,23,46.0,4.0,0.53125,0.9635416666666666,0.43229166666666663,42.0,Over-performing
2024,2024/25,L1,Bundesliga,39,1.FSV Mainz 05,9150000.0,32000000.0,-22850000.0,9.15,32.0,-22.85,14,14,0,34,14,10,10,55,43,12,52,1.5294,0.4118,6,105650000,105.65,26,77.0,36.0,0.20833333333333334,0.6302083333333334,0.421875,41.0,Over-performing
2024,2024/25,FR1,Ligue 1,417,OGC Nice,20700000.0,24000000.0,-3300000.0,20.7,24.0,-3.3,17,15,2,34,17,9,8,66,41,25,60,1.7647,0.5,4,292550000,292.55,30,58.0,20.0,0.40625,0.7916666666666666,0.38541666666666663,38.0,Over-performing
2024,2024/25,ES1,La Liga,131,FC Barcelona,66500000.0,60800000.0,5700000.0,66.5,60.8,5.7,13,7,6,38,28,4,6,102,39,63,88,2.3158,0.7368,1,953000000,953.0,30,39.0,3.0,0.6041666666666666,0.9791666666666666,0.375,36.0,Over-performing
2024,2024/25,L1,Bundesliga,15,Bayer 04 Leverkusen,53000000.0,26150000.0,26850000.0,53.0,26.15,26.85,13,10,3,34,19,12,3,72,43,29,69,2.0294,0.5588,2,643350000,643.35,26,43.0,8.0,0.5625,0.9270833333333334,0.36458333333333337,35.0,Over-performing
2024,2024/25,FR1,Ligue 1,1082,LOSC Lille,24500000.0,62000000.0,-37500000.0,24.5,62.0,-37.5,22,17,5,34,17,9,8,52,36,16,60,1.7647,0.5,5,258200000,258.2,28,55.0,20.0,0.4375,0.7916666666666666,0.35416666666666663,35.0,Over-performing
2024,2024/25,ES1,La Liga,237,RCD Mallorca,2350000.0,14000000.0,-11650000.0,2.35,14.0,-11.65,11,10,1,38,13,9,16,35,44,-9,48,1.2632,0.3421,10,89100000,89.1,24,87.0,53.0,0.10416666666666667,0.453125,0.3489583333333333,34.0,Over-performing
2024,2024/25,ES1,La Liga,331,CA Osasuna,7800000.0,200000.0,7600000.0,7.8,0.2,7.6,4,4,0,38,12,16,10,48,52,-4,52,1.3684,0.3158,9,108600000,108.6,23,80.0,47.0,0.17708333333333334,0.515625,0.33854166666666663,33.0,Over-performing
2024,2024/25,FR1,Ligue 1,3911,Stade Brestois 29,10200000.0,1800000.0,8400000.0,10.2,1.8,8.4,16,14,2,34,15,5,14,52,59,-7,50,1.4706,0.4412,9,125250000,125.25,26,73.0,42.0,0.25,0.5677083333333334,0.31770833333333337,31.0,Over-performing
2024,2024/25,ES1,La Liga,1049,Valencia CF,1225000.0,30000000.0,-28775000.0,1.225,30.0,-28.775,14,14,0,38,11,13,14,44,54,-10,46,1.2105,0.2895,12,241500000,241.5,24,88.0,57.0,0.09375,0.4114583333333333,0.3177083333333333,31.0,Over-performing
2024,2024/25,L1,Bundesliga,18,Borussia Mönchengladbach,8000000.0,18000000.0,-10000000.0,8.0,18.0,-10.0,8,6,2,34,13,6,15,55,57,-2,45,1.3235,0.3824,10,172700000,172.7,34,79.0,49.0,0.1875,0.5,0.3125,30.0,Over-performing
2024,2024/25,IT1,Serie A,46,Inter Milan,77950000.0,13900000.0,64050000.0,77.95,13.9,64.05,27,24,3,38,24,9,5,79,35,44,81,2.1316,0.6316,2,660800000,660.8,29,36.0,7.0,0.6354166666666666,0.9375,0.30208333333333337,29.0,Over-performing
2024,2024/25,FR1,Ligue 1,290,AJ Auxerre,4400000.0,4900000.0,-500000.0,4.4,4.9,-0.5,13,11,2,34,11,9,14,48,51,-3,42,1.2353,0.3235,11,45600000,45.6,20,84.0,55.0,0.13541666666666666,0.4322916666666667,0.296875,29.0,Over-performing
2024,2024/25,ES1,La Liga,940,Celta de Vigo,11200000.0,17500000.0,-6300000.0,11.2,17.5,-6.3,21,14,7,38,16,7,15,59,57,2,55,1.4474,0.4211,7,112400000,112.4,26,72.0,44.0,0.2604166666666667,0.5520833333333334,0.2916666666666667,28.0,Over-performing
2024,2024/25,L1,Bundesliga,60,SC Freiburg,18800000.0,11500000.0,7300000.0,18.8,11.5,7.3,8,6,2,34,16,7,11,49,53,-4,55,1.6176,0.4706,5,154950000,154.95,27,61.0,33.0,0.375,0.6666666666666666,0.29166666666666663,28.0,Over-performing
2024,2024/25,ES1,La Liga,714,RCD Espanyol Barcelona,0.0,1550000.0,-1550000.0,0.0,1.55,-1.55,13,11,2,38,11,9,18,40,51,-11,42,1.1053,0.2895,14,51400000,51.4,18,91.0,65.0,0.036458333333333336,0.3125,0.2760416666666667,26.0,Over-performing
2024,2024/25,FR1,Ligue 1,415,FC Toulouse,7500000.0,55500000.0,-48000000.0,7.5,55.5,-48.0,15,11,4,34,11,9,14,44,43,1,42,1.2353,0.3235,10,87900000,87.9,25,81.0,55.0,0.16666666666666666,0.4322916666666667,0.265625,26.0,Over-performing
2024,2024/25,ES1,La Liga,1050,Villarreal CF,68000000.0,74500000.0,-6500000.0,68.0,74.5,-6.5,25,18,7,38,20,10,8,71,51,20,70,1.8421,0.5263,5,304100000,304.1,32,38.0,14.0,0.6145833333333334,0.8541666666666666,0.23958333333333326,24.0,Over-performing
2024,2024/25,FR1,Ligue 1,826,RC Lens,20300000.0,94940000.0,-74640000.0,20.3,94.94,-74.64,26,22,4,34,15,7,12,42,39,3,52,1.5294,0.4412,8,169800000,169.8,27,59.0,36.0,0.3958333333333333,0.6302083333333334,0.23437500000000006,23.0,Over-performing
2024,2024/25,FR1,Ligue 1,1420,Angers SCO,0.0,474000.0,-474000.0,0.0,0.474,-0.474,8,7,1,34,10,6,18,32,53,-21,36,1.0588,0.2941,14,18950000,18.95,18,91.0,72.0,0.036458333333333336,0.2552083333333333,0.21874999999999997,19.0,Over-performing
2024,2024/25,ES1,La Liga,150,Real Betis Balompié,40050000.0,55700000.0,-15650000.0,40.05,55.7,-15.65,21,17,4,38,16,12,10,57,50,7,60,1.5789,0.4211,6,194500000,194.5,25,53.0,35.0,0.4583333333333333,0.6458333333333334,0.18750000000000006,18.0,Over-performing
2024,2024/25,FR1,Ligue 1,738,Le Havre AC,0.0,9750000.0,-9750000.0,0.0,9.75,-9.75,19,14,5,34,10,4,20,40,71,-31,34,1.0,0.2941,15,73200000,73.2,26,91.0,75.0,0.036458333333333336,0.22395833333333334,0.1875,16.0,Over-performing
2024,2024/25,IT1,Serie A,430,ACF Fiorentina,51200000.0,22600000.0,28600000.0,51.2,22.6,28.6,34,31,3,38,19,8,11,60,41,19,65,1.7105,0.5,6,295700000,295.7,34,44.0,25.0,0.5520833333333334,0.7395833333333334,0.1875,19.0,Over-performing
2024,2024/25,IT1,Serie A,398,Società Sportiva Lazio S.p.A.,55470000.0,23100000.0,32370000.0,55.47,23.1,32.37,20,19,1,38,18,11,9,61,49,12,65,1.7105,0.4737,7,226600000,226.6,29,41.0,25.0,0.5833333333333334,0.7395833333333334,0.15625,16.0,Over-performing
2024,2024/25,L1,Bundesliga,167,FC Augsburg,14900000.0,42650000.0,-27750000.0,14.9,42.65,-27.75,23,21,2,34,11,10,13,35,51,-16,43,1.2647,0.3235,12,113375000,113.375,29,66.0,51.0,0.3229166666666667,0.4739583333333333,0.15104166666666663,15.0,Over-performing
2024,2024/25,IT1,Serie A,800,Atalanta BC,105400000.0,114350000.0,-8950000.0,105.4,114.35,-8.95,22,21,1,38,22,8,8,78,37,41,74,1.9474,0.5789,3,438800000,438.8,29,25.0,10.0,0.75,0.9010416666666666,0.15104166666666663,15.0,Over-performing
2024,2024/25,GB1,Premier League,762,Newcastle United,68200000.0,85750000.0,-17550000.0,68.2,85.75,-17.55,9,9,0,38,20,6,12,68,47,21,66,1.7368,0.5263,5,632700000,632.7,28,37.0,23.0,0.625,0.765625,0.140625,14.0,As expected
2024,2024/25,FR1,Ligue 1,162,AS Monaco,87750000.0,38600000.0,49150000.0,87.75,38.6,49.15,12,12,0,34,18,7,9,63,41,22,61,1.7941,0.5294,3,393200000,393.2,25,32.0,19.0,0.6770833333333334,0.8125,0.13541666666666663,13.0,As expected
2024,2024/25,ES1,La Liga,1244,CD Leganés,3715000.0,4000000.0,-285000.0,3.715,4.0,-0.285,14,14,0,38,9,13,16,39,56,-17,40,1.0526,0.2368,18,29400000,29.4,16,86.0,74.0,0.11458333333333333,0.23958333333333334,0.125,12.0,As expected
2024,2024/25,GB1,Premier League,11,Arsenal FC,107600000.0,82900000.0,24700000.0,107.6,82.9,24.7,14,12,2,38,20,14,4,69,34,35,74,1.9474,0.5263,2,1102000000,1102.0,23,22.0,10.0,0.78125,0.9010416666666666,0.11979166666666663,12.0,As expected
2024,2024/25,FR1,Ligue 1,667,RC Strasbourg Alsace,61900000.0,0.0,61900000.0,61.9,0.0,61.9,31,26,5,34,16,9,9,56,44,12,57,1.6765,0.4706,7,165800000,165.8,30,40.0,28.0,0.59375,0.7083333333333334,0.11458333333333337,12.0,As expected
2024,2024/25,FR1,Ligue 1,244,Olympique Marseille,106000000.0,100600000.0,5400000.0,106.0,100.6,5.4,26,23,3,34,20,5,9,74,47,27,65,1.9118,0.5882,2,308800000,308.8,28,23.0,12.0,0.7708333333333334,0.8854166666666666,0.11458333333333326,11.0,As expected
2024,2024/25,L1,Bundesliga,27,Bayern Munich,149000000.0,72000000.0,77000000.0,149.0,72.0,77.0,20,17,3,34,25,7,2,99,32,67,82,2.4118,0.7353,1,916700000,916.7,26,12.0,2.0,0.8854166666666666,0.9895833333333334,0.10416666666666674,10.0,As expected
2024,2024/25,IT1,Serie A,1025,Bologna Football Club 1909,54830000.0,100900000.0,-46070000.0,54.83,100.9,-46.07,23,23,0,38,16,14,8,57,47,10,62,1.6316,0.4211,9,359100000,359.1,31,42.0,32.0,0.5729166666666666,0.6770833333333334,0.10416666666666674,10.0,As expected
2024,2024/25,ES1,La Liga,3709,Getafe CF,9200000.0,30800000.0,-21600000.0,9.2,30.8,-21.6,16,13,3,38,11,9,18,34,39,-5,42,1.1053,0.2895,13,84200000,84.2,23,76.0,65.0,0.21875,0.3125,0.09375,11.0,As expected
2024,2024/25,L1,Bundesliga,24,Eintracht Frankfurt,91850000.0,125150000.0,-33300000.0,91.85,125.15,-33.3,20,20,0,34,17,9,8,68,46,22,60,1.7647,0.5,3,242050000,242.05,32,29.0,20.0,0.7083333333333334,0.7916666666666666,0.08333333333333326,9.0,As expected
2024,2024/25,L1,Bundesliga,35,FC St. Pauli,1150000.0,1500000.0,-350000.0,1.15,1.5,-0.35,9,7,2,34,8,8,18,28,41,-13,32,0.9412,0.2353,14,33950000,33.95,22,89.0,81.0,0.08333333333333333,0.16145833333333334,0.07812500000000001,8.0,As expected
2024,2024/25,ES1,La Liga,1108,Deportivo Alavés,10000000.0,16700000.0,-6700000.0,10.0,16.7,-6.7,24,18,6,38,10,12,16,38,48,-10,42,1.1053,0.2632,15,117700000,117.7,24,74.0,65.0,0.234375,0.3125,0.078125,9.0,As expected
2024,2024/25,IT1,Serie A,749,FC Empoli,0.0,10600000.0,-10600000.0,0.0,10.6,-10.6,21,16,5,38,6,13,19,33,59,-26,31,0.8158,0.1579,18,69900000,69.9,27,91.0,87.0,0.036458333333333336,0.10416666666666667,0.06770833333333334,4.0,As expected
2024,2024/25,L1,Bundesliga,16,Borussia Dortmund,81000000.0,58600000.0,22400000.0,81.0,58.6,22.4,18,13,5,34,17,6,11,71,51,20,57,1.6765,0.5,4,478700000,478.7,27,34.0,28.0,0.65625,0.7083333333333334,0.05208333333333337,6.0,As expected
2024,2024/25,L1,Bundesliga,89,1.FC Union Berlin,16800000.0,25350000.0,-8550000.0,16.8,25.35,-8.55,17,16,1,34,10,10,14,35,51,-16,40,1.1765,0.2941,13,96575000,96.575,21,64.0,60.0,0.34375,0.3854166666666667,0.041666666666666685,4.0,As expected
2024,2024/25,IT1,Serie A,6195,SSC Napoli,152950000.0,87370000.0,65580000.0,152.95,87.37,65.58,29,26,3,38,24,10,4,59,27,32,82,2.1579,0.6316,1,379350000,379.35,26,10.0,6.0,0.90625,0.9479166666666666,0.04166666666666663,4.0,As expected
2024,2024/25,FR1,Ligue 1,995,FC Nantes,10000000.0,7500000.0,2500000.0,10.0,7.5,2.5,16,12,4,34,8,12,14,39,52,-13,36,1.0588,0.2353,13,101150000,101.15,29,74.0,72.0,0.234375,0.2552083333333333,0.020833333333333315,2.0,As expected
2024,2024/25,FR1,Ligue 1,583,Paris Saint-Germain,255920000.0,141500000.0,114420000.0,255.92,141.5,114.42,18,16,2,34,26,6,2,92,35,57,84,2.4706,0.7647,1,1083750000,1083.75,28,2.0,1.0,0.9895833333333334,1.0,0.01041666666666663,1.0,As expected
2024,2024/25,L1,Bundesliga,80,VfL Bochum,400000.0,4800000.0,-4400000.0,0.4,4.8,-4.4,18,17,1,34,6,7,21,33,67,-34,25,0.7353,0.1765,18,66700000,66.7,32,90.0,89.0,0.07291666666666667,0.078125,0.005208333333333329,1.0,As expected
2024,2024/25,FR1,Ligue 1,969,Montpellier HSC,0.0,27000000.0,-27000000.0,0.0,27.0,-27.0,7,5,2,34,4,4,26,23,79,-56,16,0.4706,0.1176,18,96500000,96.5,25,91.0,94.0,0.036458333333333336,0.03125,-0.005208333333333336,-3.0,As expected
2024,2024/25,L1,Bundesliga,82,VfL Wolfsburg,40750000.0,23500000.0,17250000.0,40.75,23.5,17.25,19,17,2,34,11,10,13,56,54,2,43,1.2647,0.3235,11,218200000,218.2,29,51.0,51.0,0.4791666666666667,0.4739583333333333,-0.00520833333333337,0.0,As expected
2024,2024/25,ES1,La Liga,472,UD Las Palmas,4000000.0,8230000.0,-4230000.0,4.0,8.23,-4.23,15,15,0,38,8,8,22,40,61,-21,32,0.8421,0.2105,19,96400000,96.4,24,85.0,86.0,0.125,0.11458333333333333,-0.010416666666666671,-1.0,As expected
2024,2024/25,IT1,Serie A,12,Associazione Sportiva Roma,141750000.0,25150000.0,116600000.0,141.75,25.15,116.6,31,24,7,38,20,9,9,56,35,21,69,1.8158,0.5263,5,297650000,297.65,26,16.0,17.0,0.84375,0.828125,-0.015625,-1.0,As expected
2024,2024/25,GB1,Premier League,703,Nottingham Forest,105500000.0,86700000.0,18800000.0,105.5,86.7,18.8,25,23,2,38,19,8,11,58,46,12,65,1.7105,0.5,7,399200000,399.2,28,24.0,25.0,0.7604166666666666,0.7395833333333334,-0.02083333333333326,-1.0,As expected
2024,2024/25,ES1,La Liga,13,Atlético de Madrid,183500000.0,111725000.0,71775000.0,183.5,111.725,71.775,11,11,0,38,22,10,6,68,30,38,76,2.0,0.5789,3,436100000,436.1,22,7.0,9.0,0.9375,0.9166666666666666,-0.02083333333333337,-2.0,As expected
2024,2024/25,IT1,Serie A,410,Udinese Calcio,23950000.0,20500000.0,3450000.0,23.95,20.5,3.45,24,21,3,38,12,8,18,41,56,-15,44,1.1579,0.3158,12,155850000,155.85,30,56.0,61.0,0.4270833333333333,0.3697916666666667,-0.05729166666666663,-5.0,As expected
2024,2024/25,IT1,Serie A,506,Juventus FC,164300000.0,117400000.0,46900000.0,164.3,117.4,46.9,25,22,3,38,18,16,4,58,35,23,70,1.8421,0.4737,4,529200000,529.2,29,9.0,14.0,0.9166666666666666,0.8541666666666666,-0.0625,-5.0,As expected
2024,2024/25,GB1,Premier League,29,Everton FC,48200000.0,83650000.0,-35450000.0,48.2,83.65,-35.45,12,11,1,38,11,15,12,42,44,-2,48,1.2632,0.2895,13,331900000,331.9,26,47.0,53.0,0.5208333333333334,0.453125,-0.06770833333333337,-6.0,As expected
2024,2024/25,L1,Bundesliga,2036,1. Fußballclub Heidenheim 1846,8050000.0,15500000.0,-7450000.0,8.05,15.5,-7.45,13,12,1,34,8,5,21,37,64,-27,29,0.8529,0.2353,16,87100000,87.1,32,78.0,85.0,0.19791666666666666,0.125,-0.07291666666666666,-7.0,As expected
2024,2024/25,L1,Bundesliga,269,Holstein Kiel,7200000.0,1000000.0,6200000.0,7.2,1.0,6.2,9,8,1,34,6,7,21,49,80,-31,25,0.7353,0.1765,17,35075000,35.075,20,82.0,89.0,0.15625,0.078125,-0.078125,-7.0,As expected
2024,2024/25,GB1,Premier League,1148,Brentford FC,85900000.0,74500000.0,11400000.0,85.9,74.5,11.4,16,14,2,38,16,8,14,66,57,9,56,1.4737,0.4211,10,456175000,456.175,32,33.0,40.0,0.6666666666666666,0.5885416666666666,-0.078125,-7.0,As expected
2024,2024/25,GB1,Premier League,281,Manchester City,243000000.0,136700000.0,106300000.0,243.0,136.7,106.3,17,16,1,38,21,8,9,72,44,28,71,1.8684,0.5526,3,1207200000,1207.2,22,5.0,13.0,0.9583333333333334,0.875,-0.08333333333333337,-8.0,As expected
2024,2024/25,IT1,Serie A,1390,Cagliari Calcio,11260000.0,18790000.0,-7530000.0,11.26,18.79,-7.53,16,15,1,38,9,9,20,40,56,-16,36,0.9474,0.2368,15,80375000,80.375,28,71.0,79.0,0.2708333333333333,0.18229166666666666,-0.08854166666666666,-8.0,As expected
2024,2024/25,ES1,La Liga,681,Real Sociedad,45200000.0,69850000.0,-24650000.0,45.2,69.85,-24.65,15,10,5,38,13,7,18,35,46,-11,46,1.2105,0.3421,11,469800000,469.8,26,49.0,57.0,0.5,0.4114583333333333,-0.08854166666666669,-8.0,As expected
2024,2024/25,IT1,Serie A,416,Torino FC,40130000.0,65150000.0,-25020000.0,40.13,65.15,-25.02,25,20,5,38,10,14,14,39,45,-6,44,1.1579,0.2632,11,195300000,195.3,27,52.0,61.0,0.46875,0.3697916666666667,-0.09895833333333331,-9.0,As expected
2024,2024/25,IT1,Serie A,252,Genoa CFC,32650000.0,43150000.0,-10500000.0,32.65,43.15,-10.5,33,28,5,38,10,13,15,37,49,-12,43,1.1316,0.2632,13,138250000,138.25,29,54.0,63.0,0.4479166666666667,0.3489583333333333,-0.09895833333333337,-9.0,As expected
2024,2024/25,ES1,La Liga,368,Sevilla FC,20000000.0,32250000.0,-12250000.0,20.0,32.25,-12.25,15,13,2,38,10,11,17,42,55,-13,41,1.0789,0.2632,17,215800000,215.8,30,60.0,70.0,0.3854166666666667,0.2760416666666667,-0.109375,-10.0,As expected
2024,2024/25,FR1,Ligue 1,1421,Stade Reims,13850000.0,53000000.0,-39150000.0,13.85,53.0,-39.15,17,12,5,34,8,9,17,33,47,-14,33,0.9706,0.2353,16,107600000,107.6,23,67.0,78.0,0.3125,0.19791666666666666,-0.11458333333333334,-11.0,As expected
2024,2024/25,IT1,Serie A,5,AC Milan,133150000.0,39510000.0,93640000.0,133.15,39.51,93.64,26,24,2,38,18,9,11,61,43,18,63,1.6579,0.4737,8,526050000,526.05,28,18.0,31.0,0.8229166666666666,0.6875,-0.13541666666666663,-13.0,As expected
2024,2024/25,FR1,Ligue 1,1041,Olympique Lyon,144290000.0,62750000.0,81540000.0,144.29,62.75,81.54,24,24,0,34,17,6,11,65,46,19,57,1.6765,0.5,6,251300000,251.3,29,15.0,28.0,0.8541666666666666,0.7083333333333334,-0.14583333333333326,-13.0,As expected
2024,2024/25,IT1,Serie A,276,Hellas Verona,18200000.0,44380000.0,-26180000.0,18.2,44.38,-26.18,40,36,4,38,10,7,21,34,66,-32,37,0.9737,0.2632,14,97475000,97.475,30,62.0,77.0,0.3645833333333333,0.20833333333333334,-0.15624999999999997,-15.0,Under-performing
2024,2024/25,IT1,Serie A,1005,US Lecce,12700000.0,61280000.0,-48580000.0,12.7,61.28,-48.58,25,22,3,38,8,10,20,27,58,-31,34,0.8947,0.2105,17,87275000,87.275,31,68.0,83.0,0.3020833333333333,0.14583333333333334,-0.15624999999999997,-15.0,Under-performing
2024,2024/25,GB1,Premier League,931,Fulham FC,91550000.0,68800000.0,22750000.0,91.55,68.8,22.75,11,7,4,38,15,9,14,54,54,0,54,1.4211,0.3947,11,287200000,287.2,22,30.0,45.0,0.6979166666666666,0.5416666666666666,-0.15625,-15.0,Under-performing
2024,2024/25,L1,Bundesliga,79,VfB Stuttgart,92400000.0,77920000.0,14480000.0,92.4,77.92,14.48,25,23,2,34,14,8,12,64,53,11,50,1.4706,0.4118,9,320600000,320.6,27,27.0,42.0,0.7291666666666666,0.5677083333333334,-0.16145833333333326,-15.0,Under-performing
2024,2024/25,GB1,Premier League,631,Chelsea FC,276000000.0,218200000.0,57800000.0,276.0,218.2,57.8,34,30,4,38,20,9,9,64,43,21,69,1.8158,0.5263,4,927500000,927.5,32,1.0,17.0,1.0,0.828125,-0.171875,-16.0,Under-performing
2024,2024/25,GB1,Premier League,405,Aston Villa,208200000.0,257170000.0,-48970000.0,208.2,257.17,-48.97,25,24,1,38,19,9,10,58,51,7,66,1.7368,0.5,6,638750000,638.75,27,6.0,23.0,0.9479166666666666,0.765625,-0.18229166666666663,-17.0,Under-performing
2024,2024/25,GB1,Premier League,873,Crystal Palace,91900000.0,100300000.0,-8400000.0,91.9,100.3,-8.4,20,18,2,38,13,14,11,51,51,0,53,1.3947,0.3421,12,405700000,405.7,27,28.0,46.0,0.71875,0.53125,-0.1875,-18.0,Under-performing
2024,2024/25,IT1,Serie A,607,Venezia FC,12500000.0,10500000.0,2000000.0,12.5,10.5,2.0,20,19,1,38,5,14,19,32,56,-24,29,0.7632,0.1316,19,26500000,26.5,12,70.0,88.0,0.28125,0.09375,-0.1875,-18.0,Under-performing
2024,2024/25,L1,Bundesliga,23826,RB Leipzig,116500000.0,67900000.0,48600000.0,116.5,67.9,48.6,20,18,2,34,13,12,9,53,48,5,51,1.5,0.3824,7,541400000,541.4,23,20.0,38.0,0.8020833333333334,0.609375,-0.19270833333333337,-18.0,Under-performing
2024,2024/25,GB1,Premier League,989,AFC Bournemouth,133770000.0,66090000.0,67680000.0,133.77,66.09,67.68,24,23,1,38,15,11,12,58,46,12,56,1.4737,0.3947,9,319300000,319.3,24,17.0,40.0,0.8333333333333334,0.5885416666666666,-0.24479166666666674,-23.0,Under-performing
2024,2024/25,IT1,Serie A,2919,AC Monza,12675000.0,42950000.0,-30275000.0,12.675,42.95,-30.275,22,19,3,38,3,9,26,28,69,-41,18,0.4737,0.0789,20,117200000,117.2,27,69.0,93.0,0.2916666666666667,0.041666666666666664,-0.25,-24.0,Under-performing
2024,2024/25,IT1,Serie A,1047,Como 1907,98670000.0,2855000.0,95815000.0,98.67,2.855,95.815,45,43,2,38,13,10,15,49,52,-3,49,1.2895,0.3421,10,73200000,73.2,23,26.0,50.0,0.7395833333333334,0.4895833333333333,-0.25000000000000006,-24.0,Under-performing
2024,2024/25,ES1,La Liga,12321,Girona FC,49500000.0,70400000.0,-20900000.0,49.5,70.4,-20.9,20,17,3,38,11,8,19,44,60,-16,41,1.0789,0.2895,16,289100000,289.1,23,45.0,70.0,0.5416666666666666,0.2760416666666667,-0.26562499999999994,-25.0,Under-performing
2024,2024/25,FR1,Ligue 1,618,AS Saint-Étienne,23100000.0,15000000.0,8100000.0,23.1,15.0,8.1,15,11,4,34,8,6,20,39,77,-38,30,0.8824,0.2353,17,52900000,52.9,25,57.0,84.0,0.4166666666666667,0.13541666666666666,-0.28125,-27.0,Under-performing
2024,2024/25,ES1,La Liga,366,Real Valladolid CF,16675000.0,18600000.0,-1925000.0,16.675,18.6,-1.925,21,20,1,38,4,4,30,26,90,-64,16,0.4211,0.1053,20,43200000,43.2,24,65.0,95.0,0.3333333333333333,0.020833333333333332,-0.3125,-30.0,Under-performing
2024,2024/25,GB1,Premier League,1237,Brighton & Hove Albion,254950000.0,50740000.0,204210000.0,254.95,50.74,204.21,27,26,1,38,16,13,9,66,59,7,61,1.6053,0.4211,8,540100000,540.1,29,3.0,34.0,0.9791666666666666,0.65625,-0.32291666666666663,-31.0,Under-performing
2024,2024/25,IT1,Serie A,130,Parma Calcio 1913,46220000.0,5600000.0,40620000.0,46.22,5.6,40.62,16,16,0,38,7,15,16,44,58,-14,36,0.9474,0.1842,16,92850000,92.85,23,48.0,79.0,0.5104166666666666,0.18229166666666666,-0.328125,-31.0,Under-performing
2024,2024/25,GB1,Premier League,543,Wolverhampton Wanderers,113900000.0,116200000.0,-2300000.0,113.9,116.2,-2.3,19,19,0,38,12,6,20,54,69,-15,42,1.1053,0.3158,16,339875000,339.875,24,21.0,65.0,0.7916666666666666,0.3125,-0.47916666666666663,-44.0,Under-performing
2024,2024/25,L1,Bundesliga,533,TSG 1899 Hoffenheim,79500000.0,31200000.0,48300000.0,79.5,31.2,48.3,26,21,5,34,7,11,16,46,68,-22,32,0.9412,0.2059,15,191200000,191.2,35,35.0,81.0,0.6458333333333334,0.16145833333333334,-0.484375,-46.0,Under-performing
2024,2024/25,FR1,Ligue 1,273,Stade Rennais FC,151220000.0,176000000.0,-24780000.0,151.22,176.0,-24.78,39,33,6,34,13,2,19,51,50,1,41,1.2059,0.3824,12,241150000,241.15,25,11.0,59.0,0.8958333333333334,0.3958333333333333,-0.5,-48.0,Under-performing
2024,2024/25,GB1,Premier League,379,West Ham United,144400000.0,46150000.0,98250000.0,144.4,46.15,98.25,15,14,1,38,11,10,17,46,62,-16,43,1.1316,0.2895,14,422300000,422.3,21,14.0,63.0,0.8645833333333334,0.3489583333333333,-0.515625,-49.0,Under-performing
2024,2024/25,GB1,Premier League,1003,Leicester City,90050000.0,47250000.0,42800000.0,90.05,47.25,42.8,14,14,0,38,6,7,25,33,80,-47,25,0.6579,0.1579,18,176600000,176.6,20,31.0,91.0,0.6875,0.0625,-0.625,-60.0,Under-performing
2024,2024/25,GB1,Premier League,985,Manchester United,246300000.0,111300000.0,135000000.0,246.3,111.3,135.0,13,11,2,38,11,9,18,44,54,-10,42,1.1053,0.2895,15,862250000,862.25,30,4.0,65.0,0.96875,0.3125,-0.65625,-61.0,Under-performing
2024,2024/25,GB1,Premier League,148,Tottenham Hotspur,175350000.0,56300000.0,119050000.0,175.35,56.3,119.05,17,15,2,38,11,5,22,64,65,-1,38,1.0,0.2895,17,810300000,810.3,27,8.0,75.0,0.9270833333333334,0.22395833333333334,-0.703125,-67.0,Under-performing
2024,2024/25,GB1,Premier League,180,Southampton FC,123050000.0,41590000.0,81460000.0,123.05,41.59,81.46,28,26,2,38,2,6,30,26,86,-60,12,0.3158,0.0526,20,225100000,225.1,27,19.0,96.0,0.8125,0.010416666666666666,-0.8020833333333334,-77.0,Under-performing
2024,2024/25,GB1,Premier League,677,Ipswich Town,148690000.0,710000.0,147980000.0,148.69,0.71,147.98,19,19,0,38,4,10,24,36,82,-46,22,0.5789,0.1053,19,147050000,147.05,23,13.0,92.0,0.875,0.052083333333333336,-0.8229166666666666,-79.0,Under-performing
2025,2025/26,ES1,La Liga,131,FC Barcelona,27500000.0,31200000.0,-3700000.0,27.5,31.2,-3.7,9,8,1,38,31,1,6,95,36,59,94,2.4737,0.8158,1,1112000000,1112.0,26,57.0,2.0,0.4166666666666667,0.9895833333333334,0.5729166666666667,55.0,Over-performing
2025,2025/26,ES1,La Liga,3709,Getafe CF,1800000.0,12600000.0,-10800000.0,1.8,12.6,-10.8,22,20,2,38,15,6,17,32,38,-6,51,1.3421,0.3947,7,77200000,77.2,23,92.0,42.0,0.052083333333333336,0.5729166666666666,0.5208333333333333,50.0,Over-performing
2025,2025/26,FR1,Ligue 1,162,AS Monaco,13000000.0,149570000.0,-136570000.0,13.0,149.57,-136.57,14,9,5,34,16,6,12,60,54,6,54,1.5882,0.4706,7,382900000,382.9,27,77.0,27.0,0.20833333333333334,0.7291666666666666,0.5208333333333333,50.0,Over-performing
2025,2025/26,FR1,Ligue 1,1158,FC Lorient,2200000.0,2800000.0,-600000.0,2.2,2.8,-0.6,9,9,0,34,11,12,11,48,51,-3,45,1.3235,0.3235,10,71250000,71.25,23,91.0,43.0,0.0625,0.5572916666666666,0.49479166666666663,48.0,Over-performing
2025,2025/26,FR1,Ligue 1,826,RC Lens,54450000.0,98500000.0,-44050000.0,54.45,98.5,-44.05,39,29,10,34,22,4,8,66,35,31,70,2.0588,0.6471,2,132600000,132.6,27,47.0,8.0,0.5208333333333334,0.9270833333333334,0.40625,39.0,Over-performing
2025,2025/26,ES1,La Liga,367,Rayo Vallecano,7100000.0,0.0,7100000.0,7.1,0.0,7.1,13,12,1,38,12,14,12,41,44,-3,50,1.3158,0.3158,8,75600000,75.6,23,84.0,45.0,0.13541666666666666,0.5364583333333334,0.40104166666666674,39.0,Over-performing
2025,2025/26,ES1,La Liga,940,Celta de Vigo,14000000.0,56700000.0,-42700000.0,14.0,56.7,-42.7,18,14,4,38,14,12,12,53,48,5,54,1.4211,0.3684,6,123900000,123.9,25,73.0,34.0,0.25,0.6458333333333334,0.39583333333333337,39.0,Over-performing
2025,2025/26,L1,Bundesliga,27,Bayern Munich,72300000.0,88700000.0,-16400000.0,72.3,88.7,-16.4,19,17,2,34,28,5,1,122,36,86,89,2.6176,0.8235,1,849500000,849.5,26,38.0,1.0,0.609375,1.0,0.390625,37.0,Over-performing
2025,2025/26,L1,Bundesliga,533,TSG 1899 Hoffenheim,28350000.0,25050000.0,3300000.0,28.35,25.05,3.3,28,24,4,34,18,7,9,65,52,13,61,1.7941,0.5294,5,200400000,200.4,37,56.0,20.0,0.4270833333333333,0.796875,0.3697916666666667,36.0,Over-performing
2025,2025/26,FR1,Ligue 1,415,FC Toulouse,13150000.0,42500000.0,-29350000.0,13.15,42.5,-29.35,20,13,7,34,12,9,13,47,46,1,45,1.3235,0.3529,9,106700000,106.7,25,76.0,43.0,0.21875,0.5572916666666666,0.33854166666666663,33.0,Over-performing
2025,2025/26,IT1,Serie A,46,Inter Milan,88400000.0,44250000.0,44150000.0,88.4,44.25,44.15,14,14,0,38,27,6,5,89,35,54,87,2.2895,0.7105,1,705300000,705.3,28,33.0,3.0,0.6666666666666666,0.9791666666666666,0.3125,30.0,Over-performing
2025,2025/26,L1,Bundesliga,79,VfB Stuttgart,56500000.0,115550000.0,-59050000.0,56.5,115.55,-59.05,15,13,2,34,18,8,8,71,49,22,62,1.8235,0.5294,4,373100000,373.1,36,45.0,17.0,0.5364583333333334,0.8333333333333334,0.296875,28.0,Over-performing
2025,2025/26,ES1,La Liga,368,Sevilla FC,0.0,55000000.0,-55000000.0,0.0,55.0,-55.0,16,12,4,38,12,7,19,46,60,-14,43,1.1316,0.3158,13,135400000,135.4,17,94.0,65.0,0.020833333333333332,0.3177083333333333,0.296875,29.0,Over-performing
2025,2025/26,FR1,Ligue 1,1082,LOSC Lille,48000000.0,109600000.0,-61600000.0,48.0,109.6,-61.6,21,19,2,34,18,7,9,52,37,15,61,1.7941,0.5294,3,290100000,290.1,24,48.0,20.0,0.5104166666666666,0.796875,0.28645833333333337,28.0,Over-performing
2025,2025/26,FR1,Ligue 1,1041,Olympique Lyon,47780000.0,110942000.0,-63162000.0,47.78,110.942,-63.162,28,21,7,34,18,6,10,53,40,13,60,1.7647,0.5294,4,242600000,242.6,25,49.0,22.0,0.5,0.78125,0.28125,27.0,Over-performing
2025,2025/26,IT1,Serie A,12,Associazione Sportiva Roma,77100000.0,59250000.0,17850000.0,77.1,59.25,17.85,22,22,0,38,23,4,11,59,31,28,73,1.9211,0.6053,3,374500000,374.5,30,36.0,11.0,0.6354166666666666,0.8958333333333334,0.26041666666666674,25.0,Over-performing
2025,2025/26,L1,Bundesliga,16,Borussia Dortmund,99700000.0,74500000.0,25200000.0,99.7,74.5,25.2,12,11,1,34,22,7,5,70,34,36,73,2.1471,0.6471,2,502300000,502.3,29,30.0,7.0,0.6979166666666666,0.9375,0.23958333333333337,23.0,Over-performing
2025,2025/26,FR1,Ligue 1,3911,Stade Brestois 29,6100000.0,26300000.0,-20200000.0,6.1,26.3,-20.2,13,10,3,34,10,9,15,43,55,-12,39,1.1471,0.2941,12,92600000,92.6,20,86.0,63.0,0.11458333333333333,0.3489583333333333,0.234375,23.0,Over-performing
2025,2025/26,FR1,Ligue 1,583,Paris Saint-Germain,111200000.0,64000000.0,47200000.0,111.2,64.0,47.2,14,11,3,34,24,4,6,74,29,45,76,2.2353,0.7059,1,1191800000,1191.8,26,27.0,6.0,0.7291666666666666,0.9479166666666666,0.21875,21.0,Over-performing
2025,2025/26,ES1,La Liga,1049,Valencia CF,14600000.0,25900000.0,-11300000.0,14.6,25.9,-11.3,14,12,2,38,13,10,15,46,55,-9,49,1.2895,0.3421,9,144400000,144.4,21,71.0,49.0,0.2708333333333333,0.484375,0.21354166666666669,22.0,Over-performing
2025,2025/26,ES1,La Liga,714,RCD Espanyol Barcelona,13200000.0,25000000.0,-11800000.0,13.2,25.0,-11.8,16,15,1,38,12,10,16,43,55,-12,46,1.2105,0.3158,11,125500000,125.5,24,75.0,55.0,0.22916666666666666,0.4322916666666667,0.20312500000000003,20.0,Over-performing
2025,2025/26,FR1,Ligue 1,1420,Angers SCO,0.0,16250000.0,-16250000.0,0.0,16.25,-16.25,13,7,6,34,9,9,16,29,48,-19,36,1.0588,0.2647,13,30900000,30.9,23,94.0,78.0,0.020833333333333332,0.19791666666666666,0.17708333333333331,16.0,Over-performing
2025,2025/26,ES1,La Liga,3368,Levante UD,4200000.0,5500000.0,-1300000.0,4.2,5.5,-1.3,17,15,2,38,11,9,18,47,61,-14,42,1.1053,0.2895,16,67400000,67.4,17,89.0,71.0,0.08333333333333333,0.2552083333333333,0.171875,18.0,Over-performing
2025,2025/26,GB1,Premier League,405,Aston Villa,68500000.0,45150000.0,23350000.0,68.5,45.15,23.35,21,20,1,38,19,8,11,56,49,7,65,1.7105,0.5,4,520000000,520.0,20,42.0,26.0,0.5729166666666666,0.7395833333333334,0.16666666666666674,16.0,Over-performing
2025,2025/26,FR1,Ligue 1,738,Le Havre AC,0.0,1000000.0,-1000000.0,0.0,1.0,-1.0,22,16,6,34,7,14,13,32,44,-12,35,1.0294,0.2059,14,65000000,65.0,29,94.0,79.0,0.020833333333333332,0.1875,0.16666666666666666,15.0,Over-performing
2025,2025/26,L1,Bundesliga,60,SC Freiburg,32700000.0,28700000.0,4000000.0,32.7,28.7,4.0,10,10,0,34,13,8,13,51,57,-6,47,1.3824,0.3824,7,179900000,179.9,28,55.0,39.0,0.4375,0.6041666666666666,0.16666666666666663,16.0,Over-performing
2025,2025/26,ES1,La Liga,1050,Villarreal CF,104500000.0,107500000.0,-3000000.0,104.5,107.5,-3.0,19,18,1,38,22,6,10,72,46,26,72,1.8947,0.5789,3,304100000,304.1,28,29.0,13.0,0.7083333333333334,0.875,0.16666666666666663,16.0,Over-performing
2025,2025/26,IT1,Serie A,6195,SSC Napoli,112000000.0,120400000.0,-8400000.0,112.0,120.4,-8.4,32,32,0,38,23,7,8,58,36,22,76,2.0,0.6053,2,433050000,433.05,25,26.0,10.0,0.7395833333333334,0.90625,0.16666666666666663,16.0,Over-performing
2025,2025/26,ES1,La Liga,150,Real Betis Balompié,58000000.0,57125000.0,875000.0,58.0,57.125,0.875,16,12,4,38,15,15,8,59,48,11,60,1.5789,0.3947,5,244500000,244.5,26,44.0,28.0,0.5520833333333334,0.7135416666666666,0.16145833333333326,16.0,Over-performing
2025,2025/26,ES1,La Liga,1531,Elche CF,8600000.0,31500000.0,-22900000.0,8.6,31.5,-22.9,20,20,0,38,10,13,15,49,57,-8,43,1.1316,0.2632,15,59400000,59.4,23,81.0,65.0,0.16666666666666666,0.3177083333333333,0.15104166666666666,16.0,Over-performing
2025,2025/26,IT1,Serie A,1025,Bologna Football Club 1909,56500000.0,84700000.0,-28200000.0,56.5,84.7,-28.2,26,25,1,38,16,8,14,49,46,3,56,1.4737,0.4211,8,287500000,287.5,29,45.0,33.0,0.5364583333333334,0.6666666666666666,0.13020833333333326,12.0,As expected
2025,2025/26,IT1,Serie A,416,Torino FC,15860000.0,26600000.0,-10740000.0,15.86,26.6,-10.74,21,20,1,38,12,9,17,44,63,-19,45,1.1842,0.3158,12,119300000,119.3,25,70.0,57.0,0.28125,0.4010416666666667,0.11979166666666669,13.0,As expected
2025,2025/26,ES1,La Liga,1108,Deportivo Alavés,11120000.0,24000000.0,-12880000.0,11.12,24.0,-12.88,23,20,3,38,11,10,17,44,56,-12,43,1.1316,0.2895,14,73200000,73.2,25,78.0,65.0,0.19791666666666666,0.3177083333333333,0.11979166666666666,13.0,As expected
2025,2025/26,ES1,La Liga,418,Real Madrid,167500000.0,2000000.0,165500000.0,167.5,2.0,165.5,8,6,2,38,27,5,6,77,35,42,86,2.2632,0.7105,2,1333000000,1333.0,26,14.0,4.0,0.8645833333333334,0.96875,0.10416666666666663,10.0,As expected
2025,2025/26,FR1,Ligue 1,273,Stade Rennais FC,84500000.0,135900000.0,-51400000.0,84.5,135.9,-51.4,24,21,3,34,17,8,9,59,50,9,59,1.7353,0.5,6,172400000,172.4,27,34.0,23.0,0.65625,0.7604166666666666,0.10416666666666663,11.0,As expected
2025,2025/26,ES1,La Liga,237,RCD Mallorca,8500000.0,9600000.0,-1100000.0,8.5,9.6,-1.1,14,12,2,38,11,9,18,47,57,-10,42,1.1053,0.2895,18,83200000,83.2,23,82.0,71.0,0.15625,0.2552083333333333,0.09895833333333331,11.0,As expected
2025,2025/26,ES1,La Liga,681,Real Sociedad,21000000.0,85000000.0,-64000000.0,21.0,85.0,-64.0,9,8,1,38,11,13,14,59,61,-2,46,1.2105,0.2895,10,257400000,257.4,27,64.0,55.0,0.34375,0.4322916666666667,0.08854166666666669,9.0,As expected
2025,2025/26,IT1,Serie A,1047,Como 1907,123440000.0,10500000.0,112940000.0,123.44,10.5,112.94,36,36,0,38,20,11,7,65,29,36,71,1.8684,0.5263,4,257450000,257.45,35,23.0,14.0,0.7708333333333334,0.859375,0.08854166666666663,9.0,As expected
2025,2025/26,IT1,Serie A,252,Genoa CFC,7700000.0,56000000.0,-48300000.0,7.7,56.0,-48.3,21,20,1,38,10,11,17,41,51,-10,41,1.0789,0.2632,16,171250000,171.25,28,83.0,75.0,0.14583333333333334,0.21875,0.07291666666666666,8.0,As expected
2025,2025/26,FR1,Ligue 1,244,Olympique Marseille,98950000.0,127500000.0,-28550000.0,98.95,127.5,-28.55,27,26,1,34,18,5,11,63,45,18,59,1.7353,0.5294,5,306000000,306.0,26,31.0,23.0,0.6875,0.7604166666666666,0.07291666666666663,8.0,As expected
2025,2025/26,IT1,Serie A,410,Udinese Calcio,35700000.0,84850000.0,-49150000.0,35.7,84.85,-49.15,30,29,1,38,14,8,16,45,48,-3,50,1.3158,0.3684,10,152050000,152.05,29,52.0,45.0,0.46875,0.5364583333333334,0.06770833333333337,7.0,As expected
2025,2025/26,L1,Bundesliga,167,FC Augsburg,26450000.0,18500000.0,7950000.0,26.45,18.5,7.95,24,22,2,34,12,7,15,45,61,-16,43,1.2647,0.3529,9,138825000,138.825,27,59.0,53.0,0.390625,0.4583333333333333,0.06770833333333331,6.0,As expected
2025,2025/26,ES1,La Liga,331,CA Osasuna,10500000.0,12000000.0,-1500000.0,10.5,12.0,-1.5,8,6,2,38,11,9,18,44,50,-6,42,1.1053,0.2895,17,108200000,108.2,20,79.0,71.0,0.1875,0.2552083333333333,0.06770833333333331,8.0,As expected
2025,2025/26,L1,Bundesliga,39,1.FSV Mainz 05,18150000.0,23600000.0,-5450000.0,18.15,23.6,-5.45,18,15,3,34,10,10,14,44,53,-9,40,1.1765,0.2941,10,176950000,176.95,23,67.0,61.0,0.3125,0.375,0.0625,6.0,As expected
2025,2025/26,IT1,Serie A,398,Società Sportiva Lazio S.p.A.,69860000.0,81900000.0,-12040000.0,69.86,81.9,-12.04,18,18,0,38,14,12,12,41,40,1,54,1.4211,0.3684,9,267750000,267.75,30,41.0,34.0,0.5833333333333334,0.6458333333333334,0.0625,7.0,As expected
2025,2025/26,FR1,Ligue 1,290,AJ Auxerre,5850000.0,20500000.0,-14650000.0,5.85,20.5,-14.65,15,13,2,34,8,10,16,34,44,-10,34,1.0,0.2353,15,88950000,88.95,23,87.0,81.0,0.10416666666666667,0.16145833333333334,0.05729166666666667,6.0,As expected
2025,2025/26,L1,Bundesliga,2036,1. Fußballclub Heidenheim 1846,1500000.0,9000000.0,-7500000.0,1.5,9.0,-7.5,13,9,4,34,6,8,20,41,72,-31,26,0.7647,0.1765,17,62875000,62.875,28,93.0,88.0,0.041666666666666664,0.08854166666666667,0.04687500000000001,5.0,As expected
2025,2025/26,L1,Bundesliga,89,1.FC Union Berlin,18000000.0,18300000.0,-300000.0,18.0,18.3,-0.3,14,12,2,34,10,9,15,44,58,-14,39,1.1471,0.2941,11,132500000,132.5,28,68.0,63.0,0.3020833333333333,0.3489583333333333,0.046875,5.0,As expected
2025,2025/26,ES1,La Liga,621,Athletic Bilbao,22000000.0,0.0,22000000.0,22.0,0.0,22.0,9,7,2,38,13,6,19,43,58,-15,45,1.1842,0.3421,12,369400000,369.4,25,63.0,57.0,0.3541666666666667,0.4010416666666667,0.046875,6.0,As expected
2025,2025/26,L1,Bundesliga,41,Hamburger SV,13400000.0,6820000.0,6580000.0,13.4,6.82,6.58,20,19,1,34,9,11,14,40,54,-14,38,1.1176,0.2647,13,110550000,110.55,30,74.0,69.0,0.23958333333333334,0.2864583333333333,0.04687499999999997,5.0,As expected
2025,2025/26,L1,Bundesliga,23826,RB Leipzig,158500000.0,189000000.0,-30500000.0,158.5,189.0,-30.5,25,21,4,34,20,5,9,66,47,19,65,1.9118,0.5882,3,472400000,472.4,26,15.0,12.0,0.8541666666666666,0.8854166666666666,0.03125,3.0,As expected
2025,2025/26,IT1,Serie A,6574,US Sassuolo,34600000.0,4550000.0,30050000.0,34.6,4.55,30.05,20,20,0,38,14,7,17,46,50,-4,49,1.2895,0.3684,11,97950000,97.95,19,53.0,49.0,0.4583333333333333,0.484375,0.026041666666666685,4.0,As expected
2025,2025/26,IT1,Serie A,506,Juventus FC,133400000.0,80100000.0,53300000.0,133.4,80.1,53.3,19,19,0,38,19,12,7,61,34,27,69,1.8158,0.5,6,618700000,618.7,27,19.0,18.0,0.8125,0.8177083333333334,0.00520833333333337,1.0,As expected
2025,2025/26,ES1,La Liga,2497,Real Oviedo,4000000.0,0.0,4000000.0,4.0,0.0,4.0,19,18,1,38,6,11,21,26,60,-34,29,0.7632,0.1579,20,32900000,32.9,17,90.0,90.0,0.07291666666666667,0.07291666666666667,0.0,0.0,As expected
2025,2025/26,IT1,Serie A,5,AC Milan,157000000.0,168500000.0,-11500000.0,157.0,168.5,-11.5,25,23,2,38,20,10,8,53,35,18,70,1.8421,0.5263,5,520200000,520.2,28,16.0,16.0,0.84375,0.84375,0.0,0.0,As expected
2025,2025/26,L1,Bundesliga,18,Borussia Mönchengladbach,16500000.0,27200000.0,-10700000.0,16.5,27.2,-10.7,18,16,2,34,9,11,14,42,53,-11,38,1.1176,0.2647,12,148750000,148.75,28,69.0,69.0,0.2916666666666667,0.2864583333333333,-0.00520833333333337,0.0,As expected
2025,2025/26,GB1,Premier League,931,Fulham FC,71700000.0,19300000.0,52400000.0,71.7,19.3,52.4,9,9,0,38,15,7,16,47,51,-4,52,1.3684,0.3947,11,400750000,400.75,26,40.0,40.0,0.59375,0.5885416666666666,-0.00520833333333337,0.0,As expected
2025,2025/26,GB1,Premier League,11,Arsenal FC,294600000.0,10380000.0,284220000.0,294.6,10.38,284.22,15,14,1,38,26,7,5,71,27,44,85,2.2368,0.6842,1,1185500000,1185.5,23,4.0,5.0,0.96875,0.9583333333333334,-0.01041666666666663,-1.0,As expected
2025,2025/26,GB1,Premier League,1237,Brighton & Hove Albion,80000000.0,136850000.0,-56850000.0,80.0,136.85,-56.85,27,25,2,38,14,11,13,52,46,6,53,1.3947,0.3684,8,523600000,523.6,26,35.0,37.0,0.6458333333333334,0.6197916666666666,-0.02604166666666674,-2.0,As expected
2025,2025/26,L1,Bundesliga,86,SV Werder Bremen,10000000.0,8000000.0,2000000.0,10.0,8.0,2.0,15,10,5,34,8,8,18,37,60,-23,32,0.9412,0.2353,15,151400000,151.4,29,80.0,83.0,0.17708333333333334,0.13541666666666666,-0.041666666666666685,-3.0,As expected
2025,2025/26,FR1,Ligue 1,667,RC Strasbourg Alsace,118500000.0,92200000.0,26300000.0,118.5,92.2,26.3,38,36,2,34,15,8,11,58,47,11,53,1.5588,0.4412,8,212600000,212.6,27,24.0,30.0,0.7604166666666666,0.6979166666666666,-0.0625,-6.0,As expected
2025,2025/26,FR1,Ligue 1,995,FC Nantes,6600000.0,39500000.0,-32900000.0,6.6,39.5,-32.9,25,21,4,34,5,9,20,29,52,-23,24,0.7059,0.1471,17,94600000,94.6,24,85.0,91.0,0.125,0.0625,-0.0625,-6.0,As expected
2025,2025/26,GB1,Premier League,281,Manchester City,301800000.0,106280000.0,195520000.0,301.8,106.28,195.52,20,19,1,38,23,9,6,77,35,42,78,2.0526,0.6053,2,1223100000,1223.1,28,3.0,9.0,0.9791666666666666,0.9166666666666666,-0.0625,-6.0,As expected
2025,2025/26,FR1,Ligue 1,347,FC Metz,5750000.0,26600000.0,-20850000.0,5.75,26.6,-20.85,24,14,10,34,3,8,23,32,76,-44,17,0.5,0.0882,18,44400000,44.4,22,88.0,95.0,0.09375,0.020833333333333332,-0.07291666666666667,-7.0,As expected
2025,2025/26,GB1,Premier League,985,Manchester United,250700000.0,68200000.0,182500000.0,250.7,68.2,182.5,18,15,3,38,20,11,7,69,50,19,71,1.8684,0.5263,3,701200000,701.2,25,7.0,14.0,0.9375,0.859375,-0.078125,-7.0,As expected
2025,2025/26,IT1,Serie A,130,Parma Calcio 1913,47320000.0,84550000.0,-37230000.0,47.32,84.55,-37.23,18,17,1,38,11,12,15,28,46,-18,45,1.1842,0.2895,13,140550000,140.55,27,50.0,57.0,0.4895833333333333,0.4010416666666667,-0.08854166666666663,-7.0,As expected
2025,2025/26,FR1,Ligue 1,10004,Paris FC,72300000.0,0.0,72300000.0,72.3,0.0,72.3,14,14,0,34,11,11,12,47,50,-3,44,1.2941,0.3235,11,81450000,81.45,23,38.0,47.0,0.609375,0.515625,-0.09375,-9.0,As expected
2025,2025/26,ES1,La Liga,13,Atlético de Madrid,229000000.0,145500000.0,83500000.0,229.0,145.5,83.5,18,18,0,38,21,6,11,62,44,18,69,1.8158,0.5526,4,460800000,460.8,20,9.0,18.0,0.9166666666666666,0.8177083333333334,-0.09895833333333326,-9.0,As expected
2025,2025/26,GB1,Premier League,1148,Brentford FC,108700000.0,158760000.0,-50060000.0,108.7,158.76,-50.06,18,15,3,38,14,11,13,55,52,3,53,1.3947,0.3684,9,395575000,395.575,24,28.0,37.0,0.71875,0.6197916666666666,-0.09895833333333337,-9.0,As expected
2025,2025/26,L1,Bundesliga,24,Eintracht Frankfurt,73300000.0,126200000.0,-52900000.0,73.3,126.2,-52.9,19,17,2,34,11,11,12,61,65,-4,44,1.2941,0.3235,8,334050000,334.05,25,37.0,47.0,0.625,0.515625,-0.109375,-10.0,As expected
2025,2025/26,IT1,Serie A,800,Atalanta BC,144700000.0,133050000.0,11650000.0,144.7,133.05,11.65,19,18,1,38,15,14,9,51,36,15,59,1.5526,0.3947,7,512000000,512.0,30,18.0,31.0,0.8229166666666666,0.6875,-0.13541666666666663,-13.0,As expected
2025,2025/26,L1,Bundesliga,15,Bayer 04 Leverkusen,198350000.0,228800000.0,-30450000.0,198.35,228.8,-30.45,32,29,3,34,17,8,9,68,47,21,59,1.7353,0.5,6,462050000,462.05,28,11.0,23.0,0.8958333333333334,0.7604166666666666,-0.13541666666666674,-12.0,As expected
2025,2025/26,IT1,Serie A,1390,Cagliari Calcio,39800000.0,42900000.0,-3100000.0,39.8,42.9,-3.1,31,26,5,38,11,10,17,40,53,-13,43,1.1316,0.2895,14,75300000,75.3,23,51.0,65.0,0.4791666666666667,0.3177083333333333,-0.16145833333333337,-14.0,Under-performing
2025,2025/26,IT1,Serie A,1005,US Lecce,20055000.0,29200000.0,-9145000.0,20.055,29.2,-9.145,19,19,0,38,10,8,20,28,50,-22,38,1.0,0.2632,17,66475000,66.475,31,65.0,81.0,0.3333333333333333,0.16145833333333334,-0.17187499999999997,-16.0,Under-performing
2025,2025/26,L1,Bundesliga,35,FC St. Pauli,14100000.0,10050000.0,4050000.0,14.1,10.05,4.05,16,14,2,34,6,8,20,29,60,-31,26,0.7647,0.1765,18,62125000,62.125,27,72.0,88.0,0.2604166666666667,0.08854166666666667,-0.171875,-16.0,Under-performing
2025,2025/26,ES1,La Liga,12321,Girona FC,27150000.0,33500000.0,-6350000.0,27.15,33.5,-6.35,26,21,5,38,9,14,15,39,55,-16,41,1.0789,0.2368,19,129800000,129.8,27,58.0,75.0,0.40625,0.21875,-0.1875,-17.0,Under-performing
2025,2025/26,GB1,Premier League,989,AFC Bournemouth,177100000.0,307450000.0,-130350000.0,177.1,307.45,-130.35,21,20,1,38,13,18,7,58,54,4,57,1.5,0.3421,6,463100000,463.1,24,13.0,32.0,0.875,0.6770833333333334,-0.19791666666666663,-19.0,Under-performing
2025,2025/26,IT1,Serie A,2239,US Cremonese,19700000.0,1600000.0,18100000.0,19.7,1.6,18.1,22,22,0,38,8,10,20,32,57,-25,34,0.8947,0.2105,18,28950000,28.95,14,66.0,86.0,0.3229166666666667,0.11458333333333333,-0.20833333333333337,-20.0,Under-performing
2025,2025/26,L1,Bundesliga,3,1.FC Köln,23700000.0,12000000.0,11700000.0,23.7,12.0,11.7,21,18,3,34,7,11,16,49,63,-14,32,0.9412,0.2059,14,95875000,95.875,25,62.0,83.0,0.3645833333333333,0.13541666666666666,-0.22916666666666666,-21.0,Under-performing
2025,2025/26,GB1,Premier League,289,Sunderland AFC,213440000.0,45000000.0,168440000.0,213.44,45.0,168.44,26,25,1,38,14,12,12,42,48,-6,54,1.4211,0.3684,7,265050000,265.05,23,10.0,34.0,0.90625,0.6458333333333334,-0.26041666666666663,-24.0,Under-performing
2025,2025/26,GB1,Premier League,31,Liverpool FC,481350000.0,216000000.0,265350000.0,481.35,216.0,265.35,14,11,3,38,17,9,12,63,53,10,60,1.5789,0.4474,5,1359700000,1359.7,29,1.0,28.0,1.0,0.7135416666666666,-0.28645833333333337,-27.0,Under-performing
2025,2025/26,GB1,Premier League,399,Leeds United,113700000.0,6000000.0,107700000.0,113.7,6.0,107.7,17,17,0,38,11,14,13,49,56,-7,47,1.2368,0.2895,14,298450000,298.45,27,25.0,54.0,0.75,0.4479166666666667,-0.3020833333333333,-29.0,Under-performing
2025,2025/26,GB1,Premier League,29,Everton FC,127750000.0,12600000.0,115150000.0,127.75,12.6,115.15,13,11,2,38,13,10,15,47,50,-3,49,1.2895,0.3421,13,413000000,413.0,23,21.0,49.0,0.7916666666666666,0.484375,-0.30729166666666663,-28.0,Under-performing
2025,2025/26,FR1,Ligue 1,417,OGC Nice,33680000.0,104000000.0,-70320000.0,33.68,104.0,-70.32,23,17,6,34,7,11,16,37,60,-23,32,0.9412,0.2059,16,192900000,192.9,26,54.0,83.0,0.4479166666666667,0.13541666666666666,-0.3125,-29.0,Under-performing
2025,2025/26,IT1,Serie A,276,Hellas Verona,26450000.0,27000000.0,-550000.0,26.45,27.0,-0.55,36,33,3,38,3,12,23,25,61,-36,21,0.5526,0.0789,19,91250000,91.25,31,59.0,93.0,0.390625,0.041666666666666664,-0.3489583333333333,-34.0,Under-performing
2025,2025/26,IT1,Serie A,4172,Pisa Sporting Club,26400000.0,0.0,26400000.0,26.4,0.0,26.4,18,17,1,38,2,12,24,26,71,-45,18,0.4737,0.0526,20,76700000,76.7,23,61.0,96.0,0.375,0.010416666666666666,-0.3645833333333333,-35.0,Under-performing
2025,2025/26,GB1,Premier League,631,Chelsea FC,336850000.0,318450000.0,18400000.0,336.85,318.45,18.4,24,23,1,38,14,10,14,58,52,6,52,1.3684,0.3684,10,1110800000,1110.8,34,2.0,40.0,0.9895833333333334,0.5885416666666666,-0.40104166666666674,-38.0,Under-performing
2025,2025/26,IT1,Serie A,430,ACF Fiorentina,89885000.0,61860000.0,28025000.0,89.885,61.86,28.025,34,31,3,38,9,15,14,41,50,-9,42,1.1053,0.2368,15,282500000,282.5,29,32.0,71.0,0.6770833333333334,0.2552083333333333,-0.42187500000000006,-39.0,Under-performing
2025,2025/26,GB1,Premier League,873,Crystal Palace,145000000.0,97150000.0,47850000.0,145.0,97.15,47.85,17,15,2,38,11,12,15,41,51,-10,45,1.1842,0.2895,15,458750000,458.75,26,17.0,57.0,0.8333333333333334,0.4010416666666667,-0.4322916666666667,-40.0,Under-performing
2025,2025/26,L1,Bundesliga,82,VfL Wolfsburg,62150000.0,36000000.0,26150000.0,62.15,36.0,26.15,23,20,3,34,7,8,19,45,69,-24,29,0.8529,0.2059,16,227000000,227.0,25,43.0,87.0,0.5625,0.10416666666666667,-0.4583333333333333,-44.0,Under-performing
2025,2025/26,GB1,Premier League,762,Newcastle United,274250000.0,176000000.0,98250000.0,274.25,176.0,98.25,13,11,2,38,14,7,17,53,55,-2,49,1.2895,0.3684,12,756125000,756.125,29,5.0,49.0,0.9583333333333334,0.484375,-0.47395833333333337,-44.0,Under-performing
2025,2025/26,GB1,Premier League,703,Nottingham Forest,236980000.0,126400000.0,110580000.0,236.98,126.4,110.58,24,23,1,38,11,11,16,48,51,-3,44,1.1579,0.2895,16,639350000,639.35,28,8.0,62.0,0.9270833333333334,0.3645833333333333,-0.5625,-54.0,Under-performing
2025,2025/26,GB1,Premier League,379,West Ham United,198100000.0,145000000.0,53100000.0,198.1,145.0,53.1,25,20,5,38,10,9,19,46,65,-19,39,1.0263,0.2632,18,417000000,417.0,25,12.0,80.0,0.8854166666666666,0.17708333333333334,-0.7083333333333333,-68.0,Under-performing
2025,2025/26,GB1,Premier League,148,Tottenham Hotspur,260600000.0,81500000.0,179100000.0,260.6,81.5,179.1,21,21,0,38,10,11,17,48,57,-9,41,1.0789,0.2632,17,810600000,810.6,27,6.0,75.0,0.9479166666666666,0.21875,-0.7291666666666666,-69.0,Under-performing
2025,2025/26,GB1,Premier League,1132,Burnley FC,129500000.0,34200000.0,95300000.0,129.5,34.2,95.3,24,23,1,38,4,10,24,38,75,-37,22,0.5789,0.1053,19,212550000,212.55,27,20.0,92.0,0.8020833333333334,0.052083333333333336,-0.75,-72.0,Under-performing
2025,2025/26,GB1,Premier League,543,Wolverhampton Wanderers,125600000.0,230200000.0,-104600000.0,125.6,230.2,-104.6,19,18,1,38,3,11,24,27,68,-41,20,0.5263,0.0789,20,367700000,367.7,30,22.0,94.0,0.78125,0.03125,-0.75,-72.0,Under-performing
