season,season_label,competition_id,league_name,club_id,club_name,node_id,parent_id,treemap_value_eur,spending_eur,income_eur,net_spending_eur,spending_million_eur,income_million_eur,net_spending_million_eur,league_spending_eur,top_five_spending_eur,league_spending_share,top_five_spending_share,incoming_transfer_count,incoming_known_fee_count,incoming_unknown_fee_count,outgoing_transfer_count
2016,2016/17,L1,Bundesliga,16,Borussia Dortmund,2016-L1-16,2016-L1,111100000.0,111100000.0,104000000.0,7100000.0,111.1,104.0,7.1,604218000.0,2934198000.0,0.18387403222015894,0.03786383877297987,11,10,1,4
2016,2016/17,L1,Bundesliga,23826,RB Leipzig,2016-L1-23826,2016-L1,94950000.0,94950000.0,0.0,94950000.0,94.95,0.0,94.95,604218000.0,2934198000.0,0.15714526876061288,0.03235977940139009,10,9,1,5
2016,2016/17,L1,Bundesliga,27,Bayern Munich,2016-L1-27,2016-L1,70000000.0,70000000.0,49000000.0,21000000.0,70.0,49.0,21.0,604218000.0,2934198000.0,0.11585222552125227,0.02385660408738606,3,2,1,4
2016,2016/17,L1,Bundesliga,82,VfL Wolfsburg,2016-L1-82,2016-L1,65500000.0,65500000.0,18350000.0,47150000.0,65.5,18.35,47.15,604218000.0,2934198000.0,0.1084045824520289,0.022322965253196957,11,9,2,7
2016,2016/17,L1,Bundesliga,15,Bayer 04 Leverkusen,2016-L1-15,2016-L1,58200000.0,58200000.0,15000000.0,43200000.0,58.2,15.0,43.2,604218000.0,2934198000.0,0.09632285036195545,0.01983506225551241,11,8,3,5
2016,2016/17,L1,Bundesliga,18,Borussia Mönchengladbach,2016-L1-18,2016-L1,40000000.0,40000000.0,45000000.0,-5000000.0,40.0,45.0,-5.0,604218000.0,2934198000.0,0.06620127172642987,0.013632345192792035,7,5,2,2
2016,2016/17,L1,Bundesliga,41,Hamburger SV,2016-L1-41,2016-L1,36850000.0,36850000.0,4700000.0,32150000.0,36.85,4.7,32.15,604218000.0,2934198000.0,0.06098792157797351,0.01255879800885966,11,8,3,4
2016,2016/17,L1,Bundesliga,33,FC Schalke 04,2016-L1-33,2016-L1,34500000.0,34500000.0,53500000.0,-19000000.0,34.5,53.5,-19.0,604218000.0,2934198000.0,0.05709859686404576,0.011757897728783129,4,4,0,7
2016,2016/17,L1,Bundesliga,533,TSG 1899 Hoffenheim,2016-L1-533,2016-L1,23838000.0,23838000.0,29400000.0,-5562000.0,23.838,29.4,-5.562,604218000.0,2934198000.0,0.03945264788536588,0.008124196117644412,12,10,2,11
2016,2016/17,L1,Bundesliga,39,1.FSV Mainz 05,2016-L1-39,2016-L1,21650000.0,21650000.0,18700000.0,2950000.0,21.65,18.7,2.95,604218000.0,2934198000.0,0.03583143832193016,0.007378506835598688,10,9,1,5
2016,2016/17,L1,Bundesliga,60,SC Freiburg,2016-L1-60,2016-L1,14830000.0,14830000.0,4300000.0,10530000.0,14.83,4.3,10.53,604218000.0,2934198000.0,0.024544121492573873,0.005054191980227647,10,9,1,9
2016,2016/17,L1,Bundesliga,86,SV Werder Bremen,2016-L1-86,2016-L1,10500000.0,10500000.0,12500000.0,-2000000.0,10.5,12.5,-2.0,604218000.0,2934198000.0,0.01737783382818784,0.0035784906131079088,9,8,1,5
2016,2016/17,L1,Bundesliga,167,FC Augsburg,2016-L1-167,2016-L1,6500000.0,6500000.0,0.0,6500000.0,6.5,0.0,6.5,604218000.0,2934198000.0,0.010757706655544853,0.0022152560938287053,7,6,1,2
2016,2016/17,L1,Bundesliga,4795,FC Ingolstadt 04,2016-L1-4795,2016-L1,6450000.0,6450000.0,500000.0,5950000.0,6.45,0.5,5.95,604218000.0,2934198000.0,0.010674955065886815,0.0021982156623377154,7,7,0,4
2016,2016/17,L1,Bundesliga,44,Hertha BSC,2016-L1-44,2016-L1,4200000.0,4200000.0,3000000.0,1200000.0,4.2,3.0,1.2,604218000.0,2934198000.0,0.006951133531275136,0.0014313962452431636,3,2,1,3
2016,2016/17,L1,Bundesliga,3,1.FC Köln,2016-L1-3,2016-L1,3800000.0,3800000.0,17200000.0,-13400000.0,3.8,17.2,-13.4,604218000.0,2934198000.0,0.0062891208140108375,0.0012950727933152431,3,1,2,3
2016,2016/17,L1,Bundesliga,24,Eintracht Frankfurt,2016-L1-24,2016-L1,1000000.0,1000000.0,4800000.0,-3800000.0,1.0,4.8,-3.8,604218000.0,2934198000.0,0.0016550317931607467,0.00034080862981980087,6,5,1,5
2016,2016/17,L1,Bundesliga,105,SV Darmstadt 98,2016-L1-105,2016-L1,350000.0,350000.0,0.0,350000.0,0.35,0.0,0.35,604218000.0,2934198000.0,0.0005792611276062614,0.0001192830204369303,5,5,0,3
2016,2016/17,ES1,La Liga,131,FC Barcelona,2016-ES1-131,2016-ES1,94750000.0,94750000.0,31000000.0,63750000.0,94.75,31.0,63.75,338260000.0,2934198000.0,0.28010997457577014,0.03229161767542613,8,7,1,7
2016,2016/17,ES1,La Liga,368,Sevilla FC,2016-ES1-368,2016-ES1,64700000.0,64700000.0,48950000.0,15750000.0,64.7,48.95,15.75,338260000.0,2934198000.0,0.19127298527759712,0.022050318349341114,12,12,0,8
2016,2016/17,ES1,La Liga,13,Atlético de Madrid,2016-ES1-13,2016-ES1,39800000.0,39800000.0,10000000.0,29800000.0,39.8,10.0,29.8,338260000.0,2934198000.0,0.1176609708508248,0.013564183466828073,16,14,2,14
2016,2016/17,ES1,La Liga,418,Real Madrid,2016-ES1-418,2016-ES1,30000000.0,30000000.0,2500000.0,27500000.0,30.0,2.5,27.5,338260000.0,2934198000.0,0.0886891740081594,0.010224258894594026,9,5,4,8
2016,2016/17,ES1,La Liga,681,Real Sociedad,2016-ES1-681,2016-ES1,21630000.0,21630000.0,4000000.0,17630000.0,21.63,4.0,17.63,338260000.0,2934198000.0,0.06394489445988293,0.007371690663002292,7,6,1,3
2016,2016/17,ES1,La Liga,1050,Villarreal CF,2016-ES1-1050,2016-ES1,20200000.0,20200000.0,41250000.0,-21050000.0,20.2,41.25,-21.05,338260000.0,2934198000.0,0.059717377165493996,0.006884334322359977,13,9,4,11
2016,2016/17,ES1,La Liga,150,Real Betis Balompié,2016-ES1-150,2016-ES1,15400000.0,15400000.0,0.0,15400000.0,15.4,0.0,15.4,338260000.0,2934198000.0,0.04552710932418849,0.005248452899224933,10,9,1,3
2016,2016/17,ES1,La Liga,714,RCD Espanyol Barcelona,2016-ES1-714,2016-ES1,11000000.0,11000000.0,0.0,11000000.0,11.0,0.0,11.0,338260000.0,2934198000.0,0.03251936380299178,0.0037488949280178093,9,6,3,7
2016,2016/17,ES1,La Liga,1049,Valencia CF,2016-ES1-1049,2016-ES1,10000000.0,10000000.0,47000000.0,-37000000.0,10.0,47.0,-37.0,338260000.0,2934198000.0,0.0295630580027198,0.0034080862981980087,9,8,1,8
2016,2016/17,ES1,La Liga,940,Celta de Vigo,2016-ES1-940,2016-ES1,7400000.0,7400000.0,0.0,7400000.0,7.4,0.0,7.4,338260000.0,2934198000.0,0.021876662922012652,0.002521983860666526,4,4,0,1
2016,2016/17,ES1,La Liga,1084,Málaga CF,2016-ES1-1084,2016-ES1,6800000.0,6800000.0,0.0,6800000.0,6.8,0.0,6.8,338260000.0,2934198000.0,0.020102879441849464,0.0023174986827746457,10,9,1,7
2016,2016/17,ES1,La Liga,1108,Deportivo Alavés,2016-ES1-1108,2016-ES1,5180000.0,5180000.0,0.0,5180000.0,5.18,0.0,5.18,338260000.0,2934198000.0,0.015313664045408857,0.0017653887024665683,7,7,0,4
2016,2016/17,ES1,La Liga,1244,CD Leganés,2016-ES1-1244,2016-ES1,3500000.0,3500000.0,200000.0,3300000.0,3.5,0.2,3.3,338260000.0,2934198000.0,0.01034707030095193,0.001192830204369303,10,10,0,8
2016,2016/17,ES1,La Liga,1533,SD Eibar,2016-ES1-1533,2016-ES1,3200000.0,3200000.0,0.0,3200000.0,3.2,0.0,3.2,338260000.0,2934198000.0,0.009460178560870336,0.0010905876154233627,7,7,0,2
2016,2016/17,ES1,La Liga,16795,Granada CF,2016-ES1-16795,2016-ES1,2800000.0,2800000.0,21500000.0,-18700000.0,2.8,21.5,-18.7,338260000.0,2934198000.0,0.008277656240761544,0.0009542641634954424,14,13,1,18
2016,2016/17,ES1,La Liga,897,Deportivo de La Coruña,2016-ES1-897,2016-ES1,1300000.0,1300000.0,20000000.0,-18700000.0,1.3,20.0,-18.7,338260000.0,2934198000.0,0.003843197540353574,0.0004430512187657411,10,9,1,8
2016,2016/17,ES1,La Liga,472,UD Las Palmas,2016-ES1-472,2016-ES1,400000.0,400000.0,0.0,400000.0,0.4,0.0,0.4,338260000.0,2934198000.0,0.001182522320108792,0.00013632345192792034,4,4,0,1
2016,2016/17,ES1,La Liga,2448,Sporting Gijón,2016-ES1-2448,2016-ES1,200000.0,200000.0,0.0,200000.0,0.2,0.0,0.2,338260000.0,2934198000.0,0.000591261160054396,6.816172596396017e-05,6,6,0,5
2016,2016/17,ES1,La Liga,331,CA Osasuna,2016-ES1-331,2016-ES1,0.0,0.0,3750000.0,-3750000.0,0.0,3.75,-3.75,338260000.0,2934198000.0,0.0,0.0,1,1,0,2
2016,2016/17,ES1,La Liga,621,Athletic Bilbao,2016-ES1-621,2016-ES1,0.0,0.0,0.0,0.0,0.0,0.0,0.0,338260000.0,2934198000.0,0.0,0.0,9,4,5,4
2016,2016/17,FR1,Ligue 1,583,Paris Saint-Germain,2016-FR1-583,2016-FR1,46000000.0,46000000.0,24800000.0,21200000.0,46.0,24.8,21.2,190700000.0,2934198000.0,0.2412165705296277,0.015677196971710838,11,9,2,9
2016,2016/17,FR1,Ligue 1,162,AS Monaco,2016-FR1-162,2016-FR1,42000000.0,42000000.0,11500000.0,30500000.0,42.0,11.5,30.5,190700000.0,2934198000.0,0.22024121657052964,0.014313962452431635,11,9,2,8
2016,2016/17,FR1,Ligue 1,1041,Olympique Lyon,2016-FR1-1041,2016-FR1,28600000.0,28600000.0,26500000.0,2100000.0,28.6,26.5,2.1,190700000.0,2934198000.0,0.14997378080755114,0.009747126812846304,11,7,4,4
2016,2016/17,FR1,Ligue 1,244,Olympique Marseille,2016-FR1-244,2016-FR1,20000000.0,20000000.0,61800000.0,-41800000.0,20.0,61.8,-41.8,190700000.0,2934198000.0,0.1048767697954903,0.006816172596396017,10,9,1,12
2016,2016/17,FR1,Ligue 1,1082,LOSC Lille,2016-FR1-1082,2016-FR1,12500000.0,12500000.0,43000000.0,-30500000.0,12.5,43.0,-30.5,190700000.0,2934198000.0,0.06554798112218144,0.0042601078727475105,7,6,1,11
2016,2016/17,FR1,Ligue 1,415,FC Toulouse,2016-FR1-415,2016-FR1,8800000.0,8800000.0,9500000.0,-700000.0,8.8,9.5,-0.7,190700000.0,2934198000.0,0.04614577871001573,0.0029991159424142474,8,4,4,4
2016,2016/17,FR1,Ligue 1,1158,FC Lorient,2016-FR1-1158,2016-FR1,5600000.0,5600000.0,12150000.0,-6550000.0,5.6,12.15,-6.55,190700000.0,2934198000.0,0.029365495542737284,0.0019085283269908847,11,7,4,5
2016,2016/17,FR1,Ligue 1,40,FC Girondins Bordeaux,2016-FR1-40,2016-FR1,5000000.0,5000000.0,0.0,5000000.0,5.0,0.0,5.0,190700000.0,2934198000.0,0.026219192448872573,0.0017040431490990043,7,6,1,4
2016,2016/17,FR1,Ligue 1,417,OGC Nice,2016-FR1-417,2016-FR1,5000000.0,5000000.0,15800000.0,-10800000.0,5.0,15.8,-10.8,190700000.0,2934198000.0,0.026219192448872573,0.0017040431490990043,9,8,1,7
2016,2016/17,FR1,Ligue 1,969,Montpellier HSC,2016-FR1-969,2016-FR1,4900000.0,4900000.0,14600000.0,-9700000.0,4.9,14.6,-9.7,190700000.0,2934198000.0,0.025694808599895123,0.001669962286117024,5,4,1,5
2016,2016/17,FR1,Ligue 1,995,FC Nantes,2016-FR1-995,2016-FR1,4400000.0,4400000.0,1445000.0,2955000.0,4.4,1.445,2.955,190700000.0,2934198000.0,0.023072889355007866,0.0014995579712071237,7,5,2,4
2016,2016/17,FR1,Ligue 1,1420,Angers SCO,2016-FR1-1420,2016-FR1,2400000.0,2400000.0,4000000.0,-1600000.0,2.4,4.0,-1.6,190700000.0,2934198000.0,0.012585212375458836,0.000817940711567522,7,6,1,5
2016,2016/17,FR1,Ligue 1,273,Stade Rennais FC,2016-FR1-273,2016-FR1,2000000.0,2000000.0,45200000.0,-43200000.0,2.0,45.2,-43.2,190700000.0,2934198000.0,0.01048767697954903,0.0006816172596396017,2,2,0,5
2016,2016/17,FR1,Ligue 1,2969,Dijon FCO,2016-FR1-2969,2016-FR1,1750000.0,1750000.0,0.0,1750000.0,1.75,0.0,1.75,190700000.0,2934198000.0,0.009176717357105402,0.0005964151021846515,7,6,1,3
2016,2016/17,FR1,Ligue 1,1159,AS Nancy-Lorraine,2016-FR1-1159,2016-FR1,1500000.0,1500000.0,10900000.0,-9400000.0,1.5,10.9,-9.4,190700000.0,2934198000.0,0.007865757734661772,0.0005112129447297013,3,3,0,5
2016,2016/17,FR1,Ligue 1,595,SC Bastia,2016-FR1-595,2016-FR1,250000.0,250000.0,3000000.0,-2750000.0,0.25,3.0,-2.75,190700000.0,2934198000.0,0.0013109596224436288,8.520215745495022e-05,4,4,0,5
2016,2016/17,FR1,Ligue 1,347,FC Metz,2016-FR1-347,2016-FR1,0.0,0.0,0.0,0.0,0.0,0.0,0.0,190700000.0,2934198000.0,0.0,0.0,7,4,3,5
2016,2016/17,FR1,Ligue 1,618,AS Saint-Étienne,2016-FR1-618,2016-FR1,0.0,0.0,0.0,0.0,0.0,0.0,0.0,190700000.0,2934198000.0,0.0,0.0,8,5,3,5
2016,2016/17,FR1,Ligue 1,855,EA Guingamp,2016-FR1-855,2016-FR1,0.0,0.0,2500000.0,-2500000.0,0.0,2.5,-2.5,190700000.0,2934198000.0,0.0,0.0,4,1,3,2
2016,2016/17,FR1,Ligue 1,1162,SM Caen,2016-FR1-1162,2016-FR1,0.0,0.0,11000000.0,-11000000.0,0.0,11.0,-11.0,190700000.0,2934198000.0,0.0,0.0,3,3,0,4
2016,2016/17,GB1,Premier League,281,Manchester City,2016-GB1-281,2016-GB1,198250000.0,198250000.0,33000000.0,165250000.0,198.25,33.0,165.25,1207260000.0,2934198000.0,0.16421483359011316,0.06756531086177552,28,24,4,18
2016,2016/17,GB1,Premier League,985,Manchester United,2016-GB1-985,2016-GB1,185000000.0,185000000.0,44250000.0,140750000.0,185.0,44.25,140.75,1207260000.0,2934198000.0,0.15323956728459487,0.06304959651666316,8,7,1,7
2016,2016/17,GB1,Premier League,631,Chelsea FC,2016-GB1-631,2016-GB1,97800000.0,97800000.0,29000000.0,68800000.0,97.8,29.0,68.8,1207260000.0,2934198000.0,0.08100989016450474,0.03333108399637652,13,12,1,14
2016,2016/17,GB1,Premier League,1003,Leicester City,2016-GB1-1003,2016-GB1,92100000.0,92100000.0,64900000.0,27200000.0,92.1,64.9,27.2,1207260000.0,2934198000.0,0.07628845484816858,0.03138847480640366,11,10,1,9
2016,2016/17,GB1,Premier League,31,Liverpool FC,2016-GB1-31,2016-GB1,74900000.0,74900000.0,23580000.0,51320000.0,74.9,23.58,51.32,1207260000.0,2934198000.0,0.06204131670062787,0.025526566373503083,11,9,2,9
2016,2016/17,GB1,Premier League,11,Arsenal FC,2016-GB1-11,2016-GB1,72000000.0,72000000.0,5000000.0,67000000.0,72.0,5.0,67.0,1207260000.0,2934198000.0,0.059639182943193675,0.02453822134702566,8,8,0,5
2016,2016/17,GB1,Premier League,29,Everton FC,2016-GB1-29,2016-GB1,71000000.0,71000000.0,55600000.0,15400000.0,71.0,55.6,15.4,1207260000.0,2934198000.0,0.058810860957871545,0.02419741271720586,9,8,1,4
2016,2016/17,GB1,Premier League,379,West Ham United,2016-GB1-379,2016-GB1,58800000.0,58800000.0,11700000.0,47100000.0,58.8,11.7,47.1,1207260000.0,2934198000.0,0.048705332736941505,0.02003954743340429,12,12,0,7
2016,2016/17,GB1,Premier League,148,Tottenham Hotspur,2016-GB1-148,2016-GB1,57000000.0,57000000.0,30500000.0,26500000.0,57.0,30.5,26.5,1207260000.0,2934198000.0,0.047214353163361665,0.01942609189972865,8,6,2,7
2016,2016/17,GB1,Premier League,180,Southampton FC,2016-GB1-180,2016-GB1,51900000.0,51900000.0,55400000.0,-3500000.0,51.9,55.4,-3.5,1207260000.0,2934198000.0,0.042989911038218774,0.017687967887647663,6,5,1,4
2016,2016/17,GB1,Premier League,873,Crystal Palace,2016-GB1-873,2016-GB1,51600000.0,51600000.0,45600000.0,6000000.0,51.6,45.6,6.0,1207260000.0,2934198000.0,0.04274141444262214,0.017585725298701723,6,6,0,4
2016,2016/17,GB1,Premier League,1010,Watford FC,2016-GB1-1010,2016-GB1,44450000.0,44450000.0,14100000.0,30350000.0,44.45,14.1,30.35,1207260000.0,2934198000.0,0.03681891224756888,0.015148943595490148,10,9,1,8
2016,2016/17,GB1,Premier League,1132,Burnley FC,2016-GB1-1132,2016-GB1,37000000.0,37000000.0,0.0,37000000.0,37.0,0.0,37.0,1207260000.0,2934198000.0,0.030647913456918974,0.01260991930333263,10,9,1,4
2016,2016/17,GB1,Premier League,984,West Bromwich Albion,2016-GB1-984,2016-GB1,19900000.0,19900000.0,1200000.0,18700000.0,19.9,1.2,18.7,1207260000.0,2934198000.0,0.016483607507910475,0.006782091733414037,2,2,0,1
2016,2016/17,GB1,Premier League,512,Stoke City,2016-GB1-512,2016-GB1,19120000.0,19120000.0,0.0,19120000.0,19.12,0.0,19.12,1207260000.0,2934198000.0,0.01583751635935921,0.006516261002154592,5,5,0,3
2016,2016/17,GB1,Premier League,641,Middlesbrough FC,2016-GB1-641,2016-GB1,18750000.0,18750000.0,0.0,18750000.0,18.75,0.0,18.75,1207260000.0,2934198000.0,0.015531037224790021,0.006390161809121266,6,6,0,3
2016,2016/17,GB1,Premier League,289,Sunderland AFC,2016-GB1-289,2016-GB1,16250000.0,16250000.0,15220000.0,1030000.0,16.25,15.22,1.03,1207260000.0,2934198000.0,0.013460232261484684,0.0055381402345717635,7,6,1,6
2016,2016/17,GB1,Premier League,989,AFC Bournemouth,2016-GB1-989,2016-GB1,14440000.0,14440000.0,12000000.0,2440000.0,14.44,12.0,2.44,1207260000.0,2934198000.0,0.011960969468051622,0.004921276614597924,4,4,0,2
2016,2016/17,GB1,Premier League,2288,Swansea City,2016-GB1-2288,2016-GB1,13900000.0,13900000.0,24100000.0,-10200000.0,13.9,24.1,-10.2,1207260000.0,2934198000.0,0.01151367559597767,0.004737239954495232,5,5,0,2
2016,2016/17,GB1,Premier League,3008,Hull City,2016-GB1-3008,2016-GB1,13100000.0,13100000.0,0.0,13100000.0,13.1,0.0,13.1,1207260000.0,2934198000.0,0.01085101800771996,0.004464593050639391,4,3,1,1
2016,2016/17,IT1,Serie A,46,Inter Milan,2016-IT1-46,2016-IT1,123530000.0,123530000.0,10800000.0,112730000.0,123.53,10.8,112.73,593760000.0,2934198000.0,0.2080470223659391,0.04210009004164,26,23,3,16
2016,2016/17,IT1,Serie A,506,Juventus FC,2016-IT1-506,2016-IT1,104200000.0,104200000.0,155100000.0,-50900000.0,104.2,155.1,-50.9,593760000.0,2934198000.0,0.17549178119105363,0.03551225922722325,27,25,2,23
2016,2016/17,IT1,Serie A,6195,SSC Napoli,2016-IT1-6195,2016-IT1,90500000.0,90500000.0,4000000.0,86500000.0,90.5,4.0,86.5,593760000.0,2934198000.0,0.1524184855834007,0.030843180998691978,15,15,0,11
2016,2016/17,IT1,Serie A,12,Associazione Sportiva Roma,2016-IT1-12,2016-IT1,83300000.0,83300000.0,56600000.0,26700000.0,83.3,56.6,26.7,593760000.0,2934198000.0,0.14029237402317435,0.02838935886398941,31,31,0,20
2016,2016/17,IT1,Serie A,5,AC Milan,2016-IT1-5,2016-IT1,26560000.0,26560000.0,19400000.0,7160000.0,26.56,19.4,7.16,593760000.0,2934198000.0,0.044731878199946104,0.00905187720801391,11,10,1,8
2016,2016/17,IT1,Serie A,410,Udinese Calcio,2016-IT1-410,2016-IT1,23500000.0,23500000.0,16000500.0,7499500.0,23.5,16.0005,7.4995,593760000.0,2934198000.0,0.039578280786849905,0.00800900280076532,16,15,1,19
2016,2016/17,IT1,Serie A,398,Società Sportiva Lazio S.p.A.,2016-IT1-398,2016-IT1,22800000.0,22800000.0,22000000.0,800000.0,22.8,22.0,0.8,593760000.0,2934198000.0,0.03839935327405012,0.007770436759891459,10,10,0,9
2016,2016/17,IT1,Serie A,1038,UC Sampdoria,2016-IT1-1038,2016-IT1,18700000.0,18700000.0,35660000.0,-16960000.0,18.7,35.66,-16.96,593760000.0,2934198000.0,0.03149420641336567,0.006373121377630276,12,12,0,13
2016,2016/17,IT1,Serie A,6574,US Sassuolo,2016-IT1-6574,2016-IT1,18100000.0,18100000.0,13000000.0,5100000.0,18.1,13.0,5.1,593760000.0,2934198000.0,0.030483697116680142,0.006168636199738395,5,5,0,2
2016,2016/17,IT1,Serie A,416,Torino FC,2016-IT1-416,2016-IT1,16100000.0,16100000.0,15500000.0,600000.0,16.1,15.5,0.6,593760000.0,2934198000.0,0.027115332794395042,0.005487018940098794,18,18,0,14
2016,2016/17,IT1,Serie A,1025,Bologna Football Club 1909,2016-IT1-1025,2016-IT1,12900000.0,12900000.0,14500000.0,-1600000.0,12.9,14.5,-1.6,593760000.0,2934198000.0,0.021725949878738885,0.004396431324675431,8,8,0,6
2016,2016/17,IT1,Serie A,252,Genoa CFC,2016-IT1-252,2016-IT1,12500000.0,12500000.0,27300000.0,-14800000.0,12.5,27.3,-14.8,593760000.0,2934198000.0,0.021052277014281865,0.0042601078727475105,11,10,1,11
2016,2016/17,IT1,Serie A,862,Chievo Verona,2016-IT1-862,2016-IT1,7450000.0,7450000.0,0.0,7450000.0,7.45,0.0,7.45,593760000.0,2934198000.0,0.01254715710051199,0.0025390242921575165,8,8,0,6
2016,2016/17,IT1,Serie A,430,ACF Fiorentina,2016-IT1-430,2016-IT1,7400000.0,7400000.0,24550000.0,-17150000.0,7.4,24.55,-17.15,593760000.0,2934198000.0,0.012462947992454863,0.002521983860666526,13,11,2,13
2016,2016/17,IT1,Serie A,2921,Delfino Pescara 1936,2016-IT1-2921,2016-IT1,7000000.0,7000000.0,17750000.0,-10750000.0,7.0,17.75,-10.75,593760000.0,2934198000.0,0.011789275127997845,0.002385660408738606,13,11,2,13
2016,2016/17,IT1,Serie A,458,Palermo FC,2016-IT1-458,2016-IT1,5180000.0,5180000.0,22800000.0,-17620000.0,5.18,22.8,-17.62,593760000.0,2934198000.0,0.008724063594718405,0.0017653887024665683,5,5,0,6
2016,2016/17,IT1,Serie A,1390,Cagliari Calcio,2016-IT1-1390,2016-IT1,4500000.0,4500000.0,0.0,4500000.0,4.5,0.0,4.5,593760000.0,2934198000.0,0.007578819725141472,0.0015336388341891038,11,11,0,8
2016,2016/17,IT1,Serie A,749,FC Empoli,2016-IT1-749,2016-IT1,4300000.0,4300000.0,10000000.0,-5700000.0,4.3,10.0,-5.7,593760000.0,2934198000.0,0.007241983292912962,0.0014654771082251437,8,8,0,8
2016,2016/17,IT1,Serie A,4083,FC Crotone,2016-IT1-4083,2016-IT1,4200000.0,4200000.0,5800000.0,-1600000.0,4.2,5.8,-1.6,593760000.0,2934198000.0,0.007073565076798707,0.0014313962452431636,9,9,0,6
2016,2016/17,IT1,Serie A,800,Atalanta BC,2016-IT1-800,2016-IT1,1040000.0,1040000.0,29500000.0,-28460000.0,1.04,29.5,-28.46,593760000.0,2934198000.0,0.0017515494475882512,0.0003544409750125929,13,12,1,11
2017,2017/18,L1,Bundesliga,16,Borussia Dortmund,2017-L1-16,2017-L1,121090000.0,121090000.0,268250000.0,-147160000.0,121.09,268.25,-147.16,534570000.0,4349026000.0,0.2265185102044634,0.027843015884476203,15,14,1,12
2017,2017/18,L1,Bundesliga,27,Bayern Munich,2017-L1-27,2017-L1,90500000.0,90500000.0,0.0,90500000.0,90.5,0.0,90.5,534570000.0,4349026000.0,0.1692949473408534,0.02080925706123624,9,7,2,3
2017,2017/18,L1,Bundesliga,23826,RB Leipzig,2017-L1-23826,2017-L1,47000000.0,47000000.0,23200000.0,23800000.0,47.0,23.2,23.8,534570000.0,4349026000.0,0.08792113287315038,0.010807017479316058,11,11,0,6
2017,2017/18,L1,Bundesliga,15,Bayer 04 Leverkusen,2017-L1-15,2017-L1,38500000.0,38500000.0,62800000.0,-24300000.0,38.5,62.8,-24.3,534570000.0,4349026000.0,0.07202050245992106,0.008852556871354644,4,4,0,9
2017,2017/18,L1,Bundesliga,82,VfL Wolfsburg,2017-L1-82,2017-L1,36250000.0,36250000.0,33000000.0,3250000.0,36.25,33.0,3.25,534570000.0,4349026000.0,0.06781151205641918,0.008335199651600152,10,9,1,8
2017,2017/18,L1,Bundesliga,18,Borussia Mönchengladbach,2017-L1-18,2017-L1,35000000.0,35000000.0,19000000.0,16000000.0,35.0,19.0,16.0,534570000.0,4349026000.0,0.0654731840544737,0.008047778973958766,8,8,0,7
2017,2017/18,L1,Bundesliga,3,1.FC Köln,2017-L1-3,2017-L1,34000000.0,34000000.0,250000.0,33750000.0,34.0,0.25,33.75,534570000.0,4349026000.0,0.0636025216529173,0.007817842431845658,7,6,1,1
2017,2017/18,L1,Bundesliga,33,FC Schalke 04,2017-L1-33,2017-L1,28000000.0,28000000.0,0.0,28000000.0,28.0,0.0,28.0,534570000.0,4349026000.0,0.05237854724357895,0.0064382231791670136,9,7,2,6
2017,2017/18,L1,Bundesliga,24,Eintracht Frankfurt,2017-L1-24,2017-L1,20100000.0,20100000.0,0.0,20100000.0,20.1,0.0,20.1,534570000.0,4349026000.0,0.037600314271283464,0.004621724496473463,9,8,1,5
2017,2017/18,L1,Bundesliga,79,VfB Stuttgart,2017-L1-79,2017-L1,16700000.0,16700000.0,3000000.0,13700000.0,16.7,3.0,13.7,534570000.0,4349026000.0,0.031240062105991732,0.0038399402532888973,10,10,0,10
2017,2017/18,L1,Bundesliga,86,SV Werder Bremen,2017-L1-86,2017-L1,15600000.0,15600000.0,8100000.0,7500000.0,15.6,8.1,7.5,534570000.0,4349026000.0,0.029182333464279703,0.003587010056964479,9,8,1,8
2017,2017/18,L1,Bundesliga,44,Hertha BSC,2017-L1-44,2017-L1,11000000.0,11000000.0,17000000.0,-6000000.0,11.0,17.0,-6.0,534570000.0,4349026000.0,0.020577286417120304,0.002529301963244184,6,5,1,3
2017,2017/18,L1,Bundesliga,41,Hamburger SV,2017-L1-41,2017-L1,9500000.0,9500000.0,5500000.0,4000000.0,9.5,5.5,4.0,534570000.0,4349026000.0,0.017771292814785716,0.0021843971500745225,7,4,3,4
2017,2017/18,L1,Bundesliga,60,SC Freiburg,2017-L1-60,2017-L1,9500000.0,9500000.0,27400000.0,-17900000.0,9.5,27.4,-17.9,534570000.0,4349026000.0,0.017771292814785716,0.0021843971500745225,8,8,0,8
2017,2017/18,L1,Bundesliga,42,Hannover 96,2017-L1-42,2017-L1,7880000.0,7880000.0,0.0,7880000.0,7.88,0.0,7.88,534570000.0,4349026000.0,0.014740819724264363,0.0018118999518512882,5,5,0,3
2017,2017/18,L1,Bundesliga,167,FC Augsburg,2017-L1-167,2017-L1,6500000.0,6500000.0,3800000.0,2700000.0,6.5,3.8,2.7,534570000.0,4349026000.0,0.012159305610116543,0.0014945875237351997,6,5,1,6
2017,2017/18,L1,Bundesliga,39,1.FSV Mainz 05,2017-L1-39,2017-L1,4750000.0,4750000.0,17000000.0,-12250000.0,4.75,17.0,-12.25,534570000.0,4349026000.0,0.008885646407392858,0.0010921985750372613,7,6,1,6
2017,2017/18,L1,Bundesliga,533,TSG 1899 Hoffenheim,2017-L1-533,2017-L1,2700000.0,2700000.0,30050000.0,-27350000.0,2.7,30.05,-27.35,534570000.0,4349026000.0,0.005050788484202256,0.0006208286637053906,11,9,2,10
2017,2017/18,ES1,La Liga,131,FC Barcelona,2017-ES1-131,2017-ES1,348100000.0,348100000.0,222000000.0,126100000.0,348.1,222.0,126.1,710700000.0,4349026000.0,0.48979878992542564,0.08004091030957276,10,10,0,5
2017,2017/18,ES1,La Liga,368,Sevilla FC,2017-ES1-368,2017-ES1,55000000.0,55000000.0,50600000.0,4400000.0,55.0,50.6,4.4,710700000.0,4349026000.0,0.07738849022090896,0.01264650981622092,7,7,0,4
2017,2017/18,ES1,La Liga,418,Real Madrid,2017-ES1-418,2017-ES1,40500000.0,40500000.0,115000000.0,-74500000.0,40.5,115.0,-74.5,710700000.0,4349026000.0,0.056986070071760236,0.009312429955580858,6,4,2,7
2017,2017/18,ES1,La Liga,1050,Villarreal CF,2017-ES1-1050,2017-ES1,40000000.0,40000000.0,45000000.0,-5000000.0,40.0,45.0,-5.0,710700000.0,4349026000.0,0.056282538342479246,0.009197461684524306,11,11,0,11
2017,2017/18,ES1,La Liga,13,Atlético de Madrid,2017-ES1-13,2017-ES1,35600000.0,35600000.0,94000000.0,-58400000.0,35.6,94.0,-58.4,710700000.0,4349026000.0,0.05009145912480653,0.008185740899226631,7,7,0,13
2017,2017/18,ES1,La Liga,621,Athletic Bilbao,2017-ES1-621,2017-ES1,32000000.0,32000000.0,65000000.0,-33000000.0,32.0,65.0,-33.0,710700000.0,4349026000.0,0.0450260306739834,0.007357969347619444,5,3,2,3
2017,2017/18,ES1,La Liga,1049,Valencia CF,2017-ES1-1049,2017-ES1,32000000.0,32000000.0,11000000.0,21000000.0,32.0,11.0,21.0,710700000.0,4349026000.0,0.0450260306739834,0.007357969347619444,18,14,4,14
2017,2017/18,ES1,La Liga,940,Celta de Vigo,2017-ES1-940,2017-ES1,22300000.0,22300000.0,0.0,22300000.0,22.3,0.0,22.3,710700000.0,4349026000.0,0.03137751512593218,0.0051275848891223,12,11,1,9
2017,2017/18,ES1,La Liga,681,Real Sociedad,2017-ES1-681,2017-ES1,19500000.0,19500000.0,48000000.0,-28500000.0,19.5,48.0,-28.5,710700000.0,4349026000.0,0.027437737441958633,0.004483762571205599,7,4,3,4
2017,2017/18,ES1,La Liga,714,RCD Espanyol Barcelona,2017-ES1-714,2017-ES1,15000000.0,15000000.0,6500000.0,8500000.0,15.0,6.5,8.5,710700000.0,4349026000.0,0.021105951878429716,0.0034490481316966142,4,3,1,4
2017,2017/18,ES1,La Liga,150,Real Betis Balompié,2017-ES1-150,2017-ES1,13000000.0,13000000.0,19000000.0,-6000000.0,13.0,19.0,-6.0,710700000.0,4349026000.0,0.018291824961305755,0.0029891750474703993,9,7,2,9
2017,2017/18,ES1,La Liga,1533,SD Eibar,2017-ES1-1533,2017-ES1,9100000.0,9100000.0,10000000.0,-900000.0,9.1,10.0,-0.9,710700000.0,4349026000.0,0.012804277472914028,0.0020924225332292793,8,8,0,6
2017,2017/18,ES1,La Liga,12321,Girona FC,2017-ES1-12321,2017-ES1,8750000.0,8750000.0,0.0,8750000.0,8.75,0.0,8.75,710700000.0,4349026000.0,0.012311805262417335,0.0020119447434896916,12,11,1,7
2017,2017/18,ES1,La Liga,3709,Getafe CF,2017-ES1-3709,2017-ES1,8600000.0,8600000.0,0.0,8600000.0,8.6,0.0,8.6,710700000.0,4349026000.0,0.012100745743633038,0.0019774542621727254,10,10,0,4
2017,2017/18,ES1,La Liga,897,Deportivo de La Coruña,2017-ES1-897,2017-ES1,7500000.0,7500000.0,0.0,7500000.0,7.5,0.0,7.5,710700000.0,4349026000.0,0.010552975939214858,0.0017245240658483071,6,6,0,5
2017,2017/18,ES1,La Liga,3368,Levante UD,2017-ES1-3368,2017-ES1,7200000.0,7200000.0,0.0,7200000.0,7.2,0.0,7.2,710700000.0,4349026000.0,0.010130856901646263,0.001655543103214375,11,11,0,6
2017,2017/18,ES1,La Liga,1108,Deportivo Alavés,2017-ES1-1108,2017-ES1,6900000.0,6900000.0,0.0,6900000.0,6.9,0.0,6.9,710700000.0,4349026000.0,0.009708737864077669,0.0015865621405804426,7,7,0,6
2017,2017/18,ES1,La Liga,1244,CD Leganés,2017-ES1-1244,2017-ES1,5950000.0,5950000.0,0.0,5950000.0,5.95,0.0,5.95,710700000.0,4349026000.0,0.008372027578443788,0.0013681224255729903,12,12,0,9
2017,2017/18,ES1,La Liga,1084,Málaga CF,2017-ES1-1084,2017-ES1,3700000.0,3700000.0,18000000.0,-14300000.0,3.7,18.0,-14.3,710700000.0,4349026000.0,0.00520613479667933,0.0008507652058184982,8,7,1,8
2017,2017/18,ES1,La Liga,472,UD Las Palmas,2017-ES1-472,2017-ES1,0.0,0.0,11000000.0,-11000000.0,0.0,11.0,-11.0,710700000.0,4349026000.0,0.0,0.0,10,10,0,12
2017,2017/18,FR1,Ligue 1,583,Paris Saint-Germain,2017-FR1-583,2017-FR1,238000000.0,238000000.0,57400000.0,180600000.0,238.0,57.4,180.6,584275000.0,4349026000.0,0.4073424329296992,0.05472489702291961,8,7,1,9
2017,2017/18,FR1,Ligue 1,162,AS Monaco,2017-FR1-162,2017-FR1,97400000.0,97400000.0,179500000.0,-82100000.0,97.4,179.5,-82.1,584275000.0,4349026000.0,0.16670232339223826,0.022395819201816682,13,12,1,11
2017,2017/18,FR1,Ligue 1,1082,LOSC Lille,2017-FR1-1082,2017-FR1,61000000.0,61000000.0,18100000.0,42900000.0,61.0,18.1,42.9,584275000.0,4349026000.0,0.10440289247357837,0.014026129068899565,20,16,4,10
2017,2017/18,FR1,Ligue 1,273,Stade Rennais FC,2017-FR1-273,2017-FR1,43900000.0,43900000.0,2500000.0,41400000.0,43.9,2.5,41.4,584275000.0,4349026000.0,0.07513585212442771,0.010094214198765425,10,9,1,5
2017,2017/18,FR1,Ligue 1,1041,Olympique Lyon,2017-FR1-1041,2017-FR1,42500000.0,42500000.0,118750000.0,-76250000.0,42.5,118.75,-76.25,584275000.0,4349026000.0,0.07273972016601772,0.009772303039807074,21,16,5,18
2017,2017/18,FR1,Ligue 1,244,Olympique Marseille,2017-FR1-244,2017-FR1,31000000.0,31000000.0,0.0,31000000.0,31.0,0.0,31.0,584275000.0,4349026000.0,0.05305720765050704,0.007128032805506336,9,7,2,6
2017,2017/18,FR1,Ligue 1,417,OGC Nice,2017-FR1-417,2017-FR1,24300000.0,24300000.0,3500000.0,20800000.0,24.3,3.5,20.8,584275000.0,4349026000.0,0.04159000470668778,0.005587457973348515,11,10,1,7
2017,2017/18,FR1,Ligue 1,40,FC Girondins Bordeaux,2017-FR1-40,2017-FR1,15500000.0,15500000.0,19250000.0,-3750000.0,15.5,19.25,-3.75,584275000.0,4349026000.0,0.02652860382525352,0.003564016402753168,14,12,2,11
2017,2017/18,FR1,Ligue 1,618,AS Saint-Étienne,2017-FR1-618,2017-FR1,5800000.0,5800000.0,2000000.0,3800000.0,5.8,2.0,3.8,584275000.0,4349026000.0,0.009926832399127124,0.0013336319442560241,8,7,1,7
2017,2017/18,FR1,Ligue 1,1420,Angers SCO,2017-FR1-1420,2017-FR1,5400000.0,5400000.0,26000000.0,-20600000.0,5.4,26.0,-20.6,584275000.0,4349026000.0,0.00924222326815284,0.0012416573274107812,8,7,1,7
2017,2017/18,FR1,Ligue 1,995,FC Nantes,2017-FR1-995,2017-FR1,4300000.0,4300000.0,9000000.0,-4700000.0,4.3,9.0,-4.7,584275000.0,4349026000.0,0.007359548157973557,0.0009887271310863627,8,5,3,5
2017,2017/18,FR1,Ligue 1,1162,SM Caen,2017-FR1-1162,2017-FR1,4100000.0,4100000.0,6000000.0,-1900000.0,4.1,6.0,-1.9,584275000.0,4349026000.0,0.007017243592486414,0.0009427398226637412,8,6,2,3
2017,2017/18,FR1,Ligue 1,667,RC Strasbourg Alsace,2017-FR1-667,2017-FR1,3700000.0,3700000.0,0.0,3700000.0,3.7,0.0,3.7,584275000.0,4349026000.0,0.006332634461512131,0.0008507652058184982,8,7,1,3
2017,2017/18,FR1,Ligue 1,969,Montpellier HSC,2017-FR1-969,2017-FR1,3500000.0,3500000.0,13000000.0,-9500000.0,3.5,13.0,-9.5,584275000.0,4349026000.0,0.0059903298960249885,0.0008047778973958767,7,5,2,3
2017,2017/18,FR1,Ligue 1,2969,Dijon FCO,2017-FR1-2969,2017-FR1,1500000.0,1500000.0,5000000.0,-3500000.0,1.5,5.0,-3.5,584275000.0,4349026000.0,0.0025672842411535663,0.0003449048131696614,4,4,0,7
2017,2017/18,FR1,Ligue 1,855,EA Guingamp,2017-FR1-855,2017-FR1,1375000.0,1375000.0,0.0,1375000.0,1.375,0.0,1.375,584275000.0,4349026000.0,0.0023533438877241025,0.000316162745405523,7,5,2,1
2017,2017/18,FR1,Ligue 1,1416,Amiens SC,2017-FR1-1416,2017-FR1,1000000.0,1000000.0,0.0,1000000.0,1.0,0.0,1.0,584275000.0,4349026000.0,0.001711522827435711,0.00022993654211310763,7,7,0,5
2017,2017/18,FR1,Ligue 1,347,FC Metz,2017-FR1-347,2017-FR1,0.0,0.0,18600000.0,-18600000.0,0.0,18.6,-18.6,584275000.0,4349026000.0,0.0,0.0,7,4,3,6
2017,2017/18,FR1,Ligue 1,415,FC Toulouse,2017-FR1-415,2017-FR1,0.0,0.0,11300000.0,-11300000.0,0.0,11.3,-11.3,584275000.0,4349026000.0,0.0,0.0,2,2,0,5
2017,2017/18,FR1,Ligue 1,1095,ESTAC Troyes,2017-FR1-1095,2017-FR1,0.0,0.0,0.0,0.0,0.0,0.0,0.0,584275000.0,4349026000.0,0.0,0.0,1,1,0,1
2017,2017/18,GB1,Premier League,281,Manchester City,2017-GB1-281,2017-GB1,313700000.0,313700000.0,50950000.0,262750000.0,313.7,50.95,262.75,1856200000.0,4349026000.0,0.16900118521711022,0.07213109326088187,21,19,2,19
2017,2017/18,GB1,Premier League,631,Chelsea FC,2017-GB1-631,2017-GB1,222600000.0,222600000.0,109000000.0,113600000.0,222.6,109.0,113.6,1856200000.0,4349026000.0,0.11992242215278526,0.051183874274377754,21,19,2,16
2017,2017/18,GB1,Premier League,985,Manchester United,2017-GB1-985,2017-GB1,198400000.0,198400000.0,42500000.0,155900000.0,198.4,42.5,155.9,1856200000.0,4349026000.0,0.10688503394030816,0.04561940995524055,9,8,1,7
2017,2017/18,GB1,Premier League,29,Everton FC,2017-GB1-29,2017-GB1,180700000.0,180700000.0,113500000.0,67200000.0,180.7,113.5,67.2,1856200000.0,4349026000.0,0.09734942355349639,0.041549533159838545,18,15,3,10
2017,2017/18,GB1,Premier League,31,Liverpool FC,2017-GB1-31,2017-GB1,173650000.0,173650000.0,163200000.0,10450000.0,173.65,163.2,10.45,1856200000.0,4349026000.0,0.09355134145027476,0.03992848053794114,12,12,0,9
2017,2017/18,GB1,Premier League,11,Arsenal FC,2017-GB1-11,2017-GB1,152850000.0,152850000.0,132400000.0,20450000.0,152.85,132.4,20.45,1856200000.0,4349026000.0,0.08234565240814568,0.0351458004619885,11,10,1,10
2017,2017/18,GB1,Premier League,148,Tottenham Hotspur,2017-GB1-148,2017-GB1,105900000.0,105900000.0,81900000.0,24000000.0,105.9,81.9,24.0,1856200000.0,4349026000.0,0.057052041805839886,0.024350279809778098,9,7,2,7
2017,2017/18,GB1,Premier League,1003,Leicester City,2017-GB1-1003,2017-GB1,78900000.0,78900000.0,9500000.0,69400000.0,78.9,9.5,69.4,1856200000.0,4349026000.0,0.04250619545307618,0.01814199317272419,12,11,1,8
2017,2017/18,GB1,Premier League,180,Southampton FC,2017-GB1-180,2017-GB1,61250000.0,61250000.0,98350000.0,-37100000.0,61.25,98.35,-37.1,1856200000.0,4349026000.0,0.032997521818769526,0.014083613204427843,7,7,0,6
2017,2017/18,GB1,Premier League,873,Crystal Palace,2017-GB1-873,2017-GB1,53200000.0,53200000.0,3000000.0,50200000.0,53.2,3.0,50.2,1856200000.0,4349026000.0,0.028660704665445534,0.012232624040417325,7,6,1,4
2017,2017/18,GB1,Premier League,1010,Watford FC,2017-GB1-1010,2017-GB1,52800000.0,52800000.0,13000000.0,39800000.0,52.8,13.0,39.8,1856200000.0,4349026000.0,0.02844521064540459,0.012140649423572082,20,18,2,13
2017,2017/18,GB1,Premier League,984,West Bromwich Albion,2017-GB1-984,2017-GB1,41100000.0,41100000.0,0.0,41100000.0,41.1,0.0,41.1,1856200000.0,4349026000.0,0.022142010559206983,0.009450391880848723,6,6,0,2
2017,2017/18,GB1,Premier League,989,AFC Bournemouth,2017-GB1-989,2017-GB1,34300000.0,34300000.0,0.0,34300000.0,34.3,0.0,34.3,1856200000.0,4349026000.0,0.018478612218510937,0.00788682339447959,4,4,0,2
2017,2017/18,GB1,Premier League,1110,Huddersfield Town,2017-GB1-1110,2017-GB1,33350000.0,33350000.0,600000.0,32750000.0,33.35,0.6,32.75,1856200000.0,4349026000.0,0.017966813920913694,0.007668383679472139,9,9,0,6
2017,2017/18,GB1,Premier League,762,Newcastle United,2017-GB1-762,2017-GB1,31800000.0,31800000.0,14920000.0,16880000.0,31.8,14.92,16.88,1856200000.0,4349026000.0,0.017131774593255038,0.007311982039196823,18,18,0,18
2017,2017/18,GB1,Premier League,1132,Burnley FC,2017-GB1-1132,2017-GB1,25500000.0,25500000.0,48900000.0,-23400000.0,25.5,48.9,-23.4,1856200000.0,4349026000.0,0.013737743777610171,0.005863381823884245,6,5,1,5
2017,2017/18,GB1,Premier League,379,West Ham United,2017-GB1-379,2017-GB1,25300000.0,25300000.0,43720000.0,-18420000.0,25.3,43.72,-18.42,1856200000.0,4349026000.0,0.013629996767589699,0.005817394515461623,10,9,1,12
2017,2017/18,GB1,Premier League,1237,Brighton & Hove Albion,2017-GB1-1237,2017-GB1,24400000.0,24400000.0,0.0,24400000.0,24.4,0.0,24.4,1856200000.0,4349026000.0,0.013145135222497576,0.005610451627559826,9,9,0,3
2017,2017/18,GB1,Premier League,512,Stoke City,2017-GB1-512,2017-GB1,23700000.0,23700000.0,27800000.0,-4100000.0,23.7,27.8,-4.1,1856200000.0,4349026000.0,0.012768020687425923,0.00544949604808065,7,7,0,6
2017,2017/18,GB1,Premier League,2288,Swansea City,2017-GB1-2288,2017-GB1,22800000.0,22800000.0,63500000.0,-40700000.0,22.8,63.5,-40.7,1856200000.0,4349026000.0,0.012283159142333801,0.005242553160178854,8,7,1,10
2017,2017/18,IT1,Serie A,5,AC Milan,2017-IT1-5,2017-IT1,118300000.0,118300000.0,22700000.0,95600000.0,118.3,22.7,95.6,663281000.0,4349026000.0,0.17835577982785578,0.027201492931980632,11,10,1,10
2017,2017/18,IT1,Serie A,506,Juventus FC,2017-IT1-506,2017-IT1,115900000.0,115900000.0,105750000.0,10150000.0,115.9,105.75,10.15,663281000.0,4349026000.0,0.17473740390573528,0.026649645230909173,24,23,1,25
2017,2017/18,IT1,Serie A,46,Inter Milan,2017-IT1-46,2017-IT1,78500000.0,78500000.0,52360000.0,26140000.0,78.5,52.36,26.14,663281000.0,4349026000.0,0.11835104578602433,0.018050018555878948,23,22,1,26
2017,2017/18,IT1,Serie A,12,Associazione Sportiva Roma,2017-IT1-12,2017-IT1,62450000.0,62450000.0,149350000.0,-86900000.0,62.45,149.35,-86.9,663281000.0,4349026000.0,0.09415315680684355,0.01435953705496357,23,23,0,27
2017,2017/18,IT1,Serie A,6195,SSC Napoli,2017-IT1-6195,2017-IT1,52250000.0,52250000.0,12300000.0,39950000.0,52.25,12.3,39.95,663281000.0,4349026000.0,0.07877505913783148,0.012014184325409873,11,11,0,9
2017,2017/18,IT1,Serie A,800,Atalanta BC,2017-IT1-800,2017-IT1,47790000.0,47790000.0,20500000.0,27290000.0,47.79,20.5,27.29,663281000.0,4349026000.0,0.07205091054922423,0.010988667347585414,21,19,2,13
2017,2017/18,IT1,Serie A,430,ACF Fiorentina,2017-IT1-430,2017-IT1,46900000.0,46900000.0,67250000.0,-20350000.0,46.9,67.25,-20.35,663281000.0,4349026000.0,0.07070909614477122,0.010784023825104747,19,18,1,17
2017,2017/18,IT1,Serie A,6574,US Sassuolo,2017-IT1-6574,2017-IT1,31600000.0,31600000.0,10000000.0,21600000.0,31.6,10.0,21.6,663281000.0,4349026000.0,0.0476419496412531,0.007265994730774201,13,12,1,7
2017,2017/18,IT1,Serie A,1038,UC Sampdoria,2017-IT1-1038,2017-IT1,26750000.0,26750000.0,68700000.0,-41950000.0,26.75,68.7,-41.95,663281000.0,4349026000.0,0.04032981496530128,0.006150802501525629,12,12,0,13
2017,2017/18,IT1,Serie A,1390,Cagliari Calcio,2017-IT1-1390,2017-IT1,21200000.0,21200000.0,3100000.0,18100000.0,21.2,3.1,18.1,663281000.0,4349026000.0,0.031962320645397654,0.0048746546927978815,7,7,0,3
2017,2017/18,IT1,Serie A,410,Udinese Calcio,2017-IT1-410,2017-IT1,19166000.0,19166000.0,10500000.0,8666000.0,19.166,10.5,8.666,663281000.0,4349026000.0,0.028895747051400536,0.004406963766139821,15,14,1,12
2017,2017/18,IT1,Serie A,416,Torino FC,2017-IT1-416,2017-IT1,18850000.0,18850000.0,50700000.0,-31850000.0,18.85,50.7,-31.85,663281000.0,4349026000.0,0.028419327554988008,0.004334303818832079,16,16,0,16
2017,2017/18,IT1,Serie A,4171,Benevento Calcio,2017-IT1-4171,2017-IT1,8500000.0,8500000.0,3500000.0,5000000.0,8.5,3.5,5.0,663281000.0,4349026000.0,0.012815081390843398,0.0019544606079614146,11,11,0,11
2017,2017/18,IT1,Serie A,398,Società Sportiva Lazio S.p.A.,2017-IT1-398,2017-IT1,5500000.0,5500000.0,52220000.0,-46720000.0,5.5,52.22,-46.72,663281000.0,4349026000.0,0.008292111488192788,0.001264650981622092,12,11,1,11
2017,2017/18,IT1,Serie A,1025,Bologna Football Club 1909,2017-IT1-1025,2017-IT1,3000000.0,3000000.0,0.0,3000000.0,3.0,0.0,3.0,663281000.0,4349026000.0,0.004522969902650611,0.0006898096263393228,11,10,1,7
2017,2017/18,IT1,Serie A,276,Hellas Verona,2017-IT1-276,2017-IT1,2750000.0,2750000.0,5250000.0,-2500000.0,2.75,5.25,-2.5,663281000.0,4349026000.0,0.004146055744096394,0.000632325490811046,10,9,1,7
2017,2017/18,IT1,Serie A,252,Genoa CFC,2017-IT1-252,2017-IT1,1850000.0,1850000.0,40400000.0,-38550000.0,1.85,40.4,-38.55,663281000.0,4349026000.0,0.00278916477330121,0.0004253826029092491,12,10,2,8
2017,2017/18,IT1,Serie A,862,Chievo Verona,2017-IT1-862,2017-IT1,1500000.0,1500000.0,1760000.0,-260000.0,1.5,1.76,-0.26,663281000.0,4349026000.0,0.0022614849513253057,0.0003449048131696614,12,9,3,9
2017,2017/18,IT1,Serie A,4083,FC Crotone,2017-IT1-4083,2017-IT1,300000.0,300000.0,0.0,300000.0,0.3,0.0,0.3,663281000.0,4349026000.0,0.0004522969902650611,6.898096263393229e-05,9,9,0,6
2017,2017/18,IT1,Serie A,2722,SPAL,2017-IT1-2722,2017-IT1,225000.0,225000.0,0.0,225000.0,0.225,0.0,0.225,663281000.0,4349026000.0,0.00033922274269879583,5.173572197544922e-05,6,6,0,6
2018,2018/19,L1,Bundesliga,23826,RB Leipzig,2018-L1-23826,2018-L1,64630000.0,64630000.0,72050000.0,-7420000.0,64.63,72.05,-7.42,444690000.0,4318105000.0,0.14533720119633903,0.014967213627274,6,6,0,8
2018,2018/19,L1,Bundesliga,16,Borussia Dortmund,2018-L1-16,2018-L1,60500000.0,60500000.0,107000000.0,-46500000.0,60.5,107.0,-46.5,444690000.0,4318105000.0,0.13604983246756167,0.014010775560112597,13,13,0,11
2018,2018/19,L1,Bundesliga,79,VfB Stuttgart,2018-L1-79,2018-L1,39760000.0,39760000.0,2000000.0,37760000.0,39.76,2.0,37.76,444690000.0,4318105000.0,0.08941060064314467,0.009207742748265732,12,12,0,7
2018,2018/19,L1,Bundesliga,33,FC Schalke 04,2018-L1-33,2018-L1,36000000.0,36000000.0,37000000.0,-1000000.0,36.0,37.0,-1.0,444690000.0,4318105000.0,0.08095527221210282,0.008336990415934768,7,6,1,6
2018,2018/19,L1,Bundesliga,15,Bayer 04 Leverkusen,2018-L1-15,2018-L1,30500000.0,30500000.0,45000000.0,-14500000.0,30.5,45.0,-14.5,444690000.0,4318105000.0,0.06858710562414266,0.007063283546833623,5,5,0,5
2018,2018/19,L1,Bundesliga,24,Eintracht Frankfurt,2018-L1-24,2018-L1,28600000.0,28600000.0,17800000.0,10800000.0,28.6,17.8,10.8,444690000.0,4318105000.0,0.06431446625739279,0.006623275719325954,13,13,0,12
2018,2018/19,L1,Bundesliga,18,Borussia Mönchengladbach,2018-L1-18,2018-L1,27500000.0,27500000.0,30500000.0,-3000000.0,27.5,30.5,-3.0,444690000.0,4318105000.0,0.06184083293980076,0.006368534345505725,4,3,1,4
2018,2018/19,L1,Bundesliga,39,1.FSV Mainz 05,2018-L1-39,2018-L1,23500000.0,23500000.0,25800000.0,-2300000.0,23.5,25.8,-2.3,444690000.0,4318105000.0,0.05284580269401156,0.005442202077068529,12,8,4,7
2018,2018/19,L1,Bundesliga,82,VfL Wolfsburg,2018-L1-82,2018-L1,23000000.0,23000000.0,200000.0,22800000.0,23.0,0.2,22.8,444690000.0,4318105000.0,0.051721423913287906,0.005326410543513879,10,9,1,7
2018,2018/19,L1,Bundesliga,533,TSG 1899 Hoffenheim,2018-L1-533,2018-L1,23000000.0,23000000.0,1700000.0,21300000.0,23.0,1.7,21.3,444690000.0,4318105000.0,0.051721423913287906,0.005326410543513879,12,11,1,10
2018,2018/19,L1,Bundesliga,86,SV Werder Bremen,2018-L1-86,2018-L1,22550000.0,22550000.0,24550000.0,-2000000.0,22.55,24.55,-2.0,444690000.0,4318105000.0,0.05070948301063662,0.005222198163314695,12,9,3,10
2018,2018/19,L1,Bundesliga,60,SC Freiburg,2018-L1-60,2018-L1,16500000.0,16500000.0,22050000.0,-5550000.0,16.5,22.05,-5.55,444690000.0,4318105000.0,0.03710449976388046,0.0038211206073034353,11,9,2,8
2018,2018/19,L1,Bundesliga,42,Hannover 96,2018-L1-42,2018-L1,14400000.0,14400000.0,500000.0,13900000.0,14.4,0.5,13.9,444690000.0,4318105000.0,0.032382108884841124,0.003334796166373907,9,8,1,4
2018,2018/19,L1,Bundesliga,27,Bayern Munich,2018-L1-27,2018-L1,14000000.0,14000000.0,23000000.0,-9000000.0,14.0,23.0,-9.0,444690000.0,4318105000.0,0.031482605860262206,0.0032421629395301874,3,3,0,4
2018,2018/19,L1,Bundesliga,44,Hertha BSC,2018-L1-44,2018-L1,10500000.0,10500000.0,16500000.0,-6000000.0,10.5,16.5,-6.0,444690000.0,4318105000.0,0.023611954395196654,0.0024316222046476405,3,3,0,3
2018,2018/19,L1,Bundesliga,38,Fortuna Düsseldorf,2018-L1-38,2018-L1,3750000.0,3750000.0,0.0,3750000.0,3.75,0.0,3.75,444690000.0,4318105000.0,0.008432840855427377,0.0008684365016598716,8,8,0,4
2018,2018/19,L1,Bundesliga,4,1.FC Nuremberg,2018-L1-4,2018-L1,3000000.0,3000000.0,0.0,3000000.0,3.0,0.0,3.0,444690000.0,4318105000.0,0.006746272684341901,0.0006947492013278973,3,3,0,3
2018,2018/19,L1,Bundesliga,167,FC Augsburg,2018-L1-167,2018-L1,3000000.0,3000000.0,0.0,3000000.0,3.0,0.0,3.0,444690000.0,4318105000.0,0.006746272684341901,0.0006947492013278973,5,4,1,5
2018,2018/19,ES1,La Liga,418,Real Madrid,2018-ES1-418,2018-ES1,164750000.0,164750000.0,132500000.0,32250000.0,164.75,132.5,32.25,843400000.0,4318105000.0,0.19534028930519326,0.03815331030625703,21,16,5,12
2018,2018/19,ES1,La Liga,131,FC Barcelona,2018-ES1-131,2018-ES1,138900000.0,138900000.0,82500000.0,56400000.0,138.9,82.5,56.4,843400000.0,4318105000.0,0.1646905382973678,0.03216688802148165,15,11,4,12
2018,2018/19,ES1,La Liga,13,Atlético de Madrid,2018-ES1-13,2018-ES1,135500000.0,135500000.0,51000000.0,84500000.0,135.5,51.0,84.5,843400000.0,4318105000.0,0.1606592364239981,0.03137950559331003,20,18,2,14
2018,2018/19,ES1,La Liga,1049,Valencia CF,2018-ES1-1049,2018-ES1,106200000.0,106200000.0,63600000.0,42600000.0,106.2,63.6,42.6,843400000.0,4318105000.0,0.12591889969172398,0.024594121727007565,16,14,2,13
2018,2018/19,ES1,La Liga,1050,Villarreal CF,2018-ES1-1050,2018-ES1,60900000.0,60900000.0,49800000.0,11100000.0,60.9,49.8,11.1,843400000.0,4318105000.0,0.0722077306141807,0.014103408786956316,20,14,6,14
2018,2018/19,ES1,La Liga,150,Real Betis Balompié,2018-ES1-150,2018-ES1,38500000.0,38500000.0,41250000.0,-2750000.0,38.5,41.25,-2.75,843400000.0,4318105000.0,0.045648565330803886,0.008915948083708016,12,11,1,8
2018,2018/19,ES1,La Liga,368,Sevilla FC,2018-ES1-368,2018-ES1,33550000.0,33550000.0,83400000.0,-49850000.0,33.55,83.4,-49.85,843400000.0,4318105000.0,0.03977946407398625,0.007769611901516985,20,15,5,16
2018,2018/19,ES1,La Liga,940,Celta de Vigo,2018-ES1-940,2018-ES1,29500000.0,29500000.0,30400000.0,-900000.0,29.5,30.4,-0.9,843400000.0,4318105000.0,0.03497747213658999,0.006831700479724323,15,11,4,12
2018,2018/19,ES1,La Liga,621,Athletic Bilbao,2018-ES1-621,2018-ES1,26650000.0,26650000.0,80000000.0,-53350000.0,26.65,80.0,-53.35,843400000.0,4318105000.0,0.031598292625088925,0.006171688738462821,7,6,1,3
2018,2018/19,ES1,La Liga,3709,Getafe CF,2018-ES1-3709,2018-ES1,24750000.0,24750000.0,1500000.0,23250000.0,24.75,1.5,23.25,843400000.0,4318105000.0,0.029345506284088215,0.005731680910955153,16,15,1,11
2018,2018/19,ES1,La Liga,714,RCD Espanyol Barcelona,2018-ES1-714,2018-ES1,18000000.0,18000000.0,27800000.0,-9800000.0,18.0,27.8,-9.8,843400000.0,4318105000.0,0.021342186388427793,0.004168495207967384,6,5,1,7
2018,2018/19,ES1,La Liga,1244,CD Leganés,2018-ES1-1244,2018-ES1,13950000.0,13950000.0,24600000.0,-10650000.0,13.95,24.6,-10.65,843400000.0,4318105000.0,0.01654019445103154,0.0032305837861747225,18,18,0,14
2018,2018/19,ES1,La Liga,681,Real Sociedad,2018-ES1-681,2018-ES1,12000000.0,12000000.0,32800000.0,-20800000.0,12.0,32.8,-20.8,843400000.0,4318105000.0,0.014228124258951862,0.0027789968053115893,7,4,3,7
2018,2018/19,ES1,La Liga,367,Rayo Vallecano,2018-ES1-367,2018-ES1,10450000.0,10450000.0,13000000.0,-2550000.0,10.45,13.0,-2.55,843400000.0,4318105000.0,0.012390324875503914,0.0024200430512921756,13,13,0,8
2018,2018/19,ES1,La Liga,12321,Girona FC,2018-ES1-12321,2018-ES1,10000000.0,10000000.0,1800000.0,8200000.0,10.0,1.8,8.2,843400000.0,4318105000.0,0.011856770215793217,0.002315830671092991,4,2,2,4
2018,2018/19,ES1,La Liga,3368,Levante UD,2018-ES1-3368,2018-ES1,6700000.0,6700000.0,41500000.0,-34800000.0,6.7,41.5,-34.8,843400000.0,4318105000.0,0.007944036044581456,0.001551606549632304,11,11,0,10
2018,2018/19,ES1,La Liga,366,Real Valladolid CF,2018-ES1-366,2018-ES1,5600000.0,5600000.0,0.0,5600000.0,5.6,0.0,5.6,843400000.0,4318105000.0,0.006639791320844202,0.0012968651758120749,11,11,0,8
2018,2018/19,ES1,La Liga,5358,SD Huesca,2018-ES1-5358,2018-ES1,4500000.0,4500000.0,0.0,4500000.0,4.5,0.0,4.5,843400000.0,4318105000.0,0.005335546597106948,0.001042123801991846,9,9,0,11
2018,2018/19,ES1,La Liga,1108,Deportivo Alavés,2018-ES1-1108,2018-ES1,3000000.0,3000000.0,5000000.0,-2000000.0,3.0,5.0,-2.0,843400000.0,4318105000.0,0.0035570310647379654,0.0006947492013278973,15,12,3,10
2018,2018/19,ES1,La Liga,1533,SD Eibar,2018-ES1-1533,2018-ES1,0.0,0.0,4750000.0,-4750000.0,0.0,4.75,-4.75,843400000.0,4318105000.0,0.0,0.0,4,4,0,8
2018,2018/19,FR1,Ligue 1,583,Paris Saint-Germain,2018-FR1-583,2018-FR1,262000000.0,262000000.0,85550000.0,176450000.0,262.0,85.55,176.45,638720000.0,4318105000.0,0.41019539078156314,0.06067476358263636,14,9,5,10
2018,2018/19,FR1,Ligue 1,162,AS Monaco,2018-FR1-162,2018-FR1,117200000.0,117200000.0,330350000.0,-213150000.0,117.2,330.35,-213.15,638720000.0,4318105000.0,0.18349198396793587,0.027141535465209855,24,21,3,15
2018,2018/19,FR1,Ligue 1,244,Olympique Marseille,2018-FR1-244,2018-FR1,66000000.0,66000000.0,32850000.0,33150000.0,66.0,32.85,33.15,638720000.0,4318105000.0,0.1033316633266533,0.015284482429213741,7,6,1,4
2018,2018/19,FR1,Ligue 1,1041,Olympique Lyon,2018-FR1-1041,2018-FR1,36450000.0,36450000.0,88000000.0,-51550000.0,36.45,88.0,-51.55,638720000.0,4318105000.0,0.05706725951903808,0.008441202796133952,12,9,3,12
2018,2018/19,FR1,Ligue 1,1082,LOSC Lille,2018-FR1-1082,2018-FR1,27700000.0,27700000.0,38000000.0,-10300000.0,27.7,38.0,-10.3,638720000.0,4318105000.0,0.04336798597194389,0.0064148509589275855,11,11,0,12
2018,2018/19,FR1,Ligue 1,417,OGC Nice,2018-FR1-417,2018-FR1,18000000.0,18000000.0,24700000.0,-6700000.0,18.0,24.7,-6.7,638720000.0,4318105000.0,0.028181362725450902,0.004168495207967384,6,5,1,5
2018,2018/19,FR1,Ligue 1,667,RC Strasbourg Alsace,2018-FR1-667,2018-FR1,15750000.0,15750000.0,14000000.0,1750000.0,15.75,14.0,1.75,638720000.0,4318105000.0,0.02465869238476954,0.0036474333069714607,12,10,2,6
2018,2018/19,FR1,Ligue 1,618,AS Saint-Étienne,2018-FR1-618,2018-FR1,15000000.0,15000000.0,13700000.0,1300000.0,15.0,13.7,1.3,638720000.0,4318105000.0,0.02348446893787575,0.0034737460066394865,16,12,4,14
2018,2018/19,FR1,Ligue 1,273,Stade Rennais FC,2018-FR1-273,2018-FR1,14000000.0,14000000.0,0.0,14000000.0,14.0,0.0,14.0,638720000.0,4318105000.0,0.021918837675350702,0.0032421629395301874,10,7,3,4
2018,2018/19,FR1,Ligue 1,1421,Stade Reims,2018-FR1-1421,2018-FR1,11500000.0,11500000.0,11000000.0,500000.0,11.5,11.0,0.5,638720000.0,4318105000.0,0.018004759519038075,0.0026632052717569395,12,10,2,8
2018,2018/19,FR1,Ligue 1,995,FC Nantes,2018-FR1-995,2018-FR1,11250000.0,11250000.0,1300000.0,9950000.0,11.25,1.3,9.95,638720000.0,4318105000.0,0.017613351703406815,0.002605309504979615,6,6,0,7
2018,2018/19,FR1,Ligue 1,40,FC Girondins Bordeaux,2018-FR1-40,2018-FR1,10070000.0,10070000.0,44000000.0,-33930000.0,10.07,44.0,-33.93,638720000.0,4318105000.0,0.015765906813627256,0.002332041485790642,11,10,1,12
2018,2018/19,FR1,Ligue 1,969,Montpellier HSC,2018-FR1-969,2018-FR1,8200000.0,8200000.0,21000000.0,-12800000.0,8.2,21.0,-12.8,638720000.0,4318105000.0,0.012838176352705412,0.0018989811502962525,8,8,0,5
2018,2018/19,FR1,Ligue 1,2969,Dijon FCO,2018-FR1-2969,2018-FR1,7200000.0,7200000.0,0.0,7200000.0,7.2,0.0,7.2,638720000.0,4318105000.0,0.011272545090180362,0.0016673980831869535,4,3,1,2
2018,2018/19,FR1,Ligue 1,415,FC Toulouse,2018-FR1-415,2018-FR1,6250000.0,6250000.0,34000000.0,-27750000.0,6.25,34.0,-27.75,638720000.0,4318105000.0,0.009785195390781563,0.0014473941694331193,10,7,3,7
2018,2018/19,FR1,Ligue 1,1416,Amiens SC,2018-FR1-1416,2018-FR1,4850000.0,4850000.0,8000000.0,-3150000.0,4.85,8.0,-3.15,638720000.0,4318105000.0,0.007593311623246493,0.0011231778754801007,10,10,0,8
2018,2018/19,FR1,Ligue 1,1160,Nîmes Olympique,2018-FR1-1160,2018-FR1,3150000.0,3150000.0,0.0,3150000.0,3.15,0.0,3.15,638720000.0,4318105000.0,0.0049317384769539075,0.0007294866613942922,9,8,1,5
2018,2018/19,FR1,Ligue 1,855,EA Guingamp,2018-FR1-855,2018-FR1,2500000.0,2500000.0,0.0,2500000.0,2.5,0.0,2.5,638720000.0,4318105000.0,0.003914078156312625,0.0005789576677732478,5,4,1,2
2018,2018/19,FR1,Ligue 1,1420,Angers SCO,2018-FR1-1420,2018-FR1,1650000.0,1650000.0,0.0,1650000.0,1.65,0.0,1.65,638720000.0,4318105000.0,0.0025832915831663326,0.00038211206073034354,8,7,1,3
2018,2018/19,FR1,Ligue 1,1162,SM Caen,2018-FR1-1162,2018-FR1,0.0,0.0,11500000.0,-11500000.0,0.0,11.5,-11.5,638720000.0,4318105000.0,0.0,0.0,5,4,1,8
2018,2018/19,GB1,Premier League,631,Chelsea FC,2018-GB1-631,2018-GB1,201000000.0,201000000.0,35000000.0,166000000.0,201.0,35.0,166.0,1433410000.0,4318105000.0,0.14022505772947028,0.04654819648896912,20,19,1,18
2018,2018/19,GB1,Premier League,31,Liverpool FC,2018-GB1-31,2018-GB1,192200000.0,192200000.0,35200000.0,157000000.0,192.2,35.2,157.0,1433410000.0,4318105000.0,0.13408585122191138,0.04451026549840729,17,15,2,17
2018,2018/19,GB1,Premier League,1003,Leicester City,2018-GB1-1003,2018-GB1,114600000.0,114600000.0,94300000.0,20300000.0,114.6,94.3,20.3,1433410000.0,4318105000.0,0.07994921201889202,0.026539419490725677,15,14,1,11
2018,2018/19,GB1,Premier League,379,West Ham United,2018-GB1-379,2018-GB1,99400000.0,99400000.0,12400000.0,87000000.0,99.4,12.4,87.0,1433410000.0,4318105000.0,0.06934512805129028,0.02301935687066433,13,12,1,8
2018,2018/19,GB1,Premier League,543,Wolverhampton Wanderers,2018-GB1-543,2018-GB1,97600000.0,97600000.0,3400000.0,94200000.0,97.6,3.4,94.2,1433410000.0,4318105000.0,0.06808938126565323,0.022602507349867594,17,16,1,12
2018,2018/19,GB1,Premier League,989,AFC Bournemouth,2018-GB1-989,2018-GB1,91600000.0,91600000.0,2000000.0,89600000.0,91.6,2.0,89.6,1433410000.0,4318105000.0,0.06390355864686308,0.021213008947211797,9,9,0,5
2018,2018/19,GB1,Premier League,29,Everton FC,2018-GB1-29,2018-GB1,89650000.0,89650000.0,27100000.0,62550000.0,89.65,27.1,62.55,1433410000.0,4318105000.0,0.06254316629575628,0.020761421966348663,15,15,0,15
2018,2018/19,GB1,Premier League,985,Manchester United,2018-GB1-985,2018-GB1,81000000.0,81000000.0,23350000.0,57650000.0,81.0,23.35,57.65,1433410000.0,4318105000.0,0.05650860535366713,0.018758228435853227,6,5,1,5
2018,2018/19,GB1,Premier League,281,Manchester City,2018-GB1-281,2018-GB1,78590000.0,78590000.0,44600000.0,33990000.0,78.59,44.6,33.99,1433410000.0,4318105000.0,0.05482729993511975,0.018200113244119815,19,17,2,17
2018,2018/19,GB1,Premier League,11,Arsenal FC,2018-GB1-11,2018-GB1,77650000.0,77650000.0,8100000.0,69550000.0,77.65,8.1,69.55,1433410000.0,4318105000.0,0.05417152105817596,0.017982425161037076,11,9,2,9
2018,2018/19,GB1,Premier League,1237,Brighton & Hove Albion,2018-GB1-1237,2018-GB1,77120000.0,77120000.0,7300000.0,69820000.0,77.12,7.3,69.82,1433410000.0,4318105000.0,0.05380177339351616,0.017859686135469146,23,22,1,14
2018,2018/19,GB1,Premier League,180,Southampton FC,2018-GB1-180,2018-GB1,62250000.0,62250000.0,13700000.0,48550000.0,62.25,13.7,48.55,1433410000.0,4318105000.0,0.04342790966994789,0.01441604592755387,15,13,2,10
2018,2018/19,GB1,Premier League,762,Newcastle United,2018-GB1-762,2018-GB1,49700000.0,49700000.0,47650000.0,2050000.0,49.7,47.65,2.05,1433410000.0,4318105000.0,0.03467256402564514,0.011509678435332165,11,10,1,13
2018,2018/19,GB1,Premier League,931,Fulham FC,2018-GB1-931,2018-GB1,49550000.0,49550000.0,850000.0,48700000.0,49.55,0.85,48.7,1433410000.0,4318105000.0,0.03456791846017539,0.01147494097526577,8,8,0,7
2018,2018/19,GB1,Premier League,1010,Watford FC,2018-GB1-1010,2018-GB1,23350000.0,23350000.0,47700000.0,-24350000.0,23.35,47.7,-24.35,1433410000.0,4318105000.0,0.01628982635812503,0.005407464617002134,13,13,0,9
2018,2018/19,GB1,Premier League,1132,Burnley FC,2018-GB1-1132,2018-GB1,16100000.0,16100000.0,0.0,16100000.0,16.1,0.0,16.1,1433410000.0,4318105000.0,0.011231957360420257,0.0037284873804597158,4,3,1,3
2018,2018/19,GB1,Premier League,603,Cardiff City,2018-GB1-603,2018-GB1,11350000.0,11350000.0,0.0,11350000.0,11.35,0.0,11.35,1433410000.0,4318105000.0,0.007918181120544715,0.002628467811690545,3,3,0,3
2018,2018/19,GB1,Premier League,873,Crystal Palace,2018-GB1-873,2018-GB1,10700000.0,10700000.0,0.0,10700000.0,10.7,0.0,10.7,1433410000.0,4318105000.0,0.007464717003509115,0.0024779388180695004,6,6,0,5
2018,2018/19,GB1,Premier League,1110,Huddersfield Town,2018-GB1-1110,2018-GB1,10000000.0,10000000.0,0.0,10000000.0,10.0,0.0,10.0,1433410000.0,4318105000.0,0.006976371031316929,0.002315830671092991,5,5,0,3
2018,2018/19,GB1,Premier League,148,Tottenham Hotspur,2018-GB1-148,2018-GB1,0.0,0.0,0.0,0.0,0.0,0.0,0.0,1433410000.0,4318105000.0,0.0,0.0,2,1,1,1
2018,2018/19,IT1,Serie A,506,Juventus FC,2018-IT1-506,2018-IT1,213700000.0,213700000.0,73940000.0,139760000.0,213.7,73.94,139.76,957885000.0,4318105000.0,0.22309567432416208,0.04948930144125722,14,14,0,14
2018,2018/19,IT1,Serie A,5,AC Milan,2018-IT1-5,2018-IT1,151440000.0,151440000.0,65000000.0,86440000.0,151.44,65.0,86.44,957885000.0,4318105000.0,0.15809831033996774,0.03507093968303226,15,14,1,13
2018,2018/19,IT1,Serie A,12,Associazione Sportiva Roma,2018-IT1-12,2018-IT1,121150000.0,121150000.0,110500000.0,10650000.0,121.15,110.5,10.65,957885000.0,4318105000.0,0.12647656033866278,0.028056288580291588,21,20,1,18
2018,2018/19,IT1,Serie A,6195,SSC Napoli,2018-IT1-6195,2018-IT1,58500000.0,58500000.0,75500000.0,-17000000.0,58.5,75.5,-17.0,957885000.0,4318105000.0,0.06107204935874348,0.013547609425893998,12,11,1,14
2018,2018/19,IT1,Serie A,430,ACF Fiorentina,2018-IT1-430,2018-IT1,55350000.0,55350000.0,17300000.0,38050000.0,55.35,17.3,38.05,957885000.0,4318105000.0,0.05778355439327268,0.012818122764499706,29,27,2,23
2018,2018/19,IT1,Serie A,416,Torino FC,2018-IT1-416,2018-IT1,49550000.0,49550000.0,1500000.0,48050000.0,49.55,1.5,48.05,957885000.0,4318105000.0,0.051728547790183585,0.01147494097526577,19,18,1,14
2018,2018/19,IT1,Serie A,6574,US Sassuolo,2018-IT1-6574,2018-IT1,49470000.0,49470000.0,27000000.0,22470000.0,49.47,27.0,22.47,957885000.0,4318105000.0,0.05164503045772718,0.011456414329897026,20,18,2,13
2018,2018/19,IT1,Serie A,46,Inter Milan,2018-IT1-46,2018-IT1,42600000.0,42600000.0,48570000.0,-5970000.0,42.6,48.57,-5.97,957885000.0,4318105000.0,0.04447297953303372,0.009865438658856142,27,25,2,25
2018,2018/19,IT1,Serie A,410,Udinese Calcio,2018-IT1-410,2018-IT1,39300000.0,39300000.0,10960000.0,28340000.0,39.3,10.96,28.34,957885000.0,4318105000.0,0.04102788956920716,0.009101214537395454,24,23,1,16
2018,2018/19,IT1,Serie A,398,Società Sportiva Lazio S.p.A.,2018-IT1-398,2018-IT1,37450000.0,37450000.0,38000000.0,-550000.0,37.45,38.0,-0.55,957885000.0,4318105000.0,0.03909655125615288,0.008672785863243252,8,7,1,11
2018,2018/19,IT1,Serie A,1038,UC Sampdoria,2018-IT1-1038,2018-IT1,35100000.0,35100000.0,72350000.0,-37250000.0,35.1,72.35,-37.25,957885000.0,4318105000.0,0.03664322961524609,0.008128565655536399,11,11,0,13
2018,2018/19,IT1,Serie A,252,Genoa CFC,2018-IT1-252,2018-IT1,34200000.0,34200000.0,81450000.0,-47250000.0,34.2,81.45,-47.25,957885000.0,4318105000.0,0.03570365962511157,0.007920140895138029,27,27,0,25
2018,2018/19,IT1,Serie A,800,Atalanta BC,2018-IT1-800,2018-IT1,20750000.0,20750000.0,0.0,20750000.0,20.75,0.0,20.75,957885000.0,4318105000.0,0.0216623081058791,0.0048053486425179565,20,19,1,14
2018,2018/19,IT1,Serie A,1025,Bologna Football Club 1909,2018-IT1-1025,2018-IT1,16200000.0,16200000.0,42650000.0,-26450000.0,16.2,42.65,-26.45,957885000.0,4318105000.0,0.016912259822421272,0.0037516456871706455,12,12,0,15
2018,2018/19,IT1,Serie A,1390,Cagliari Calcio,2018-IT1-1390,2018-IT1,13675000.0,13675000.0,0.0,13675000.0,13.675,0.0,13.675,957885000.0,4318105000.0,0.014276244016766105,0.003166898442719665,11,11,0,9
2018,2018/19,IT1,Serie A,130,Parma Calcio 1913,2018-IT1-130,2018-IT1,7550000.0,7550000.0,280000.0,7270000.0,7.55,0.28,7.27,957885000.0,4318105000.0,0.007881948250572876,0.0017484521566752081,9,9,0,7
2018,2018/19,IT1,Serie A,862,Chievo Verona,2018-IT1-862,2018-IT1,4600000.0,4600000.0,9400000.0,-4800000.0,4.6,9.4,-4.8,957885000.0,4318105000.0,0.004802246616243077,0.0010652821087027758,10,10,0,8
2018,2018/19,IT1,Serie A,2722,SPAL,2018-IT1-2722,2018-IT1,3300000.0,3300000.0,0.0,3300000.0,3.3,0.0,3.3,957885000.0,4318105000.0,0.0034450899638265556,0.0007642241214606871,9,9,0,8
2018,2018/19,IT1,Serie A,749,FC Empoli,2018-IT1-749,2018-IT1,2500000.0,2500000.0,19500000.0,-17000000.0,2.5,19.5,-17.0,957885000.0,4318105000.0,0.002609916639262542,0.0005789576677732478,14,14,0,12
2018,2018/19,IT1,Serie A,8970,Frosinone Calcio,2018-IT1-8970,2018-IT1,1500000.0,1500000.0,500000.0,1000000.0,1.5,0.5,1.0,957885000.0,4318105000.0,0.0015659499835575252,0.00034737460066394866,7,6,1,8
2019,2019/20,L1,Bundesliga,27,Bayern Munich,2019-L1-27,2019-L1,118000000.0,118000000.0,54000000.0,64000000.0,118.0,54.0,64.0,840740000.0,5839646000.0,0.1403525465661203,0.020206704310501013,9,7,2,7
2019,2019/20,L1,Bundesliga,44,Hertha BSC,2019-L1-44,2019-L1,104000000.0,104000000.0,22400000.0,81600000.0,104.0,22.4,81.6,840740000.0,5839646000.0,0.12370054951590266,0.017809298714339877,11,11,0,8
2019,2019/20,L1,Bundesliga,16,Borussia Dortmund,2019-L1-16,2019-L1,101000000.0,101000000.0,71000000.0,30000000.0,101.0,71.0,30.0,840740000.0,5839646000.0,0.12013226443371315,0.017295568943733918,11,10,1,13
2019,2019/20,L1,Bundesliga,15,Bayer 04 Leverkusen,2019-L1-15,2019-L1,99700000.0,99700000.0,33500000.0,66200000.0,99.7,33.5,66.2,840740000.0,5839646000.0,0.11858600756476437,0.01707295270980467,8,8,0,4
2019,2019/20,L1,Bundesliga,23826,RB Leipzig,2019-L1-23826,2019-L1,91700000.0,91700000.0,40250000.0,51450000.0,91.7,40.25,51.45,840740000.0,5839646000.0,0.10907058067892571,0.01570300665485545,9,8,1,8
2019,2019/20,L1,Bundesliga,24,Eintracht Frankfurt,2019-L1-24,2019-L1,73140000.0,73140000.0,113000000.0,-39860000.0,73.14,113.0,-39.86,840740000.0,5839646000.0,0.08699479030378,0.012524731807373256,15,15,0,7
2019,2019/20,L1,Bundesliga,533,TSG 1899 Hoffenheim,2019-L1-533,2019-L1,42000000.0,42000000.0,94850000.0,-52850000.0,42.0,94.85,-52.85,840740000.0,5839646000.0,0.049955991150652995,0.007192216788483412,15,15,0,15
2019,2019/20,L1,Bundesliga,18,Borussia Mönchengladbach,2019-L1-18,2019-L1,40500000.0,40500000.0,25500000.0,15000000.0,40.5,25.5,15.0,840740000.0,5839646000.0,0.04817184860955825,0.0069353519031804325,6,6,0,4
2019,2019/20,L1,Bundesliga,82,VfL Wolfsburg,2019-L1-82,2019-L1,33700000.0,33700000.0,10000000.0,23700000.0,33.7,10.0,23.7,840740000.0,5839646000.0,0.04008373575659538,0.005770897756473594,9,8,1,8
2019,2019/20,L1,Bundesliga,39,1.FSV Mainz 05,2019-L1-39,2019-L1,29000000.0,29000000.0,25000000.0,4000000.0,29.0,25.0,4.0,840740000.0,5839646000.0,0.034493422461165164,0.004966054449190927,13,11,2,10
2019,2019/20,L1,Bundesliga,167,FC Augsburg,2019-L1-167,2019-L1,27300000.0,27300000.0,2500000.0,24800000.0,27.3,2.5,24.8,840740000.0,5839646000.0,0.032471394247924446,0.004674940912514218,14,13,1,8
2019,2019/20,L1,Bundesliga,33,FC Schalke 04,2019-L1-33,2019-L1,25000000.0,25000000.0,11000000.0,14000000.0,25.0,11.0,14.0,840740000.0,5839646000.0,0.02973570901824583,0.004281081421716316,12,11,1,9
2019,2019/20,L1,Bundesliga,3,1.FC Köln,2019-L1-3,2019-L1,20250000.0,20250000.0,6750000.0,13500000.0,20.25,6.75,13.5,840740000.0,5839646000.0,0.024085924304779124,0.0034676759515902163,19,14,5,13
2019,2019/20,L1,Bundesliga,60,SC Freiburg,2019-L1-60,2019-L1,11000000.0,11000000.0,5000000.0,6000000.0,11.0,5.0,6.0,840740000.0,5839646000.0,0.013083711968028166,0.0018836758255551791,9,7,2,7
2019,2019/20,L1,Bundesliga,86,SV Werder Bremen,2019-L1-86,2019-L1,10000000.0,10000000.0,0.0,10000000.0,10.0,0.0,10.0,840740000.0,5839646000.0,0.011894283607298332,0.0017124325686865265,12,11,1,9
2019,2019/20,L1,Bundesliga,89,1.FC Union Berlin,2019-L1-89,2019-L1,7150000.0,7150000.0,1250000.0,5900000.0,7.15,1.25,5.9,840740000.0,5839646000.0,0.008504412779218307,0.0012243892866108665,14,13,1,9
2019,2019/20,L1,Bundesliga,38,Fortuna Düsseldorf,2019-L1-38,2019-L1,6750000.0,6750000.0,11500000.0,-4750000.0,6.75,11.5,-4.75,840740000.0,5839646000.0,0.008028641434926374,0.0011558919838634055,7,7,0,9
2019,2019/20,L1,Bundesliga,127,SC Paderborn 07,2019-L1-127,2019-L1,550000.0,550000.0,800000.0,-250000.0,0.55,0.8,-0.25,840740000.0,5839646000.0,0.0006541855984014082,9.418379127775896e-05,8,7,1,6
2019,2019/20,ES1,La Liga,131,FC Barcelona,2019-ES1-131,2019-ES1,304000000.0,304000000.0,120900000.0,183100000.0,304.0,120.9,183.1,1307980000.0,5839646000.0,0.23241945595498403,0.052057950088070404,20,17,3,16
2019,2019/20,ES1,La Liga,13,Atlético de Madrid,2019-ES1-13,2019-ES1,246850000.0,246850000.0,311000000.0,-64150000.0,246.85,311.0,-64.15,1307980000.0,5839646000.0,0.18872612731081514,0.04227139795802691,15,14,1,15
2019,2019/20,ES1,La Liga,418,Real Madrid,2019-ES1-418,2019-ES1,238500000.0,238500000.0,132800000.0,105700000.0,238.5,132.8,105.7,1307980000.0,5839646000.0,0.1823422376488937,0.04084151676317366,23,21,2,22
2019,2019/20,ES1,La Liga,368,Sevilla FC,2019-ES1-368,2019-ES1,162500000.0,162500000.0,105400000.0,57100000.0,162.5,105.4,57.1,1307980000.0,5839646000.0,0.12423737366014771,0.027827029241156057,24,24,0,19
2019,2019/20,ES1,La Liga,150,Real Betis Balompié,2019-ES1-150,2019-ES1,91450000.0,91450000.0,46500000.0,44950000.0,91.45,46.5,44.95,1307980000.0,5839646000.0,0.06991697120751082,0.015660195840638286,13,12,1,10
2019,2019/20,ES1,La Liga,1049,Valencia CF,2019-ES1-1049,2019-ES1,67000000.0,67000000.0,31000000.0,36000000.0,67.0,31.0,36.0,1307980000.0,5839646000.0,0.05122402483218398,0.011473298210199727,15,14,1,13
2019,2019/20,ES1,La Liga,714,RCD Espanyol Barcelona,2019-ES1-714,2019-ES1,60000000.0,60000000.0,61000000.0,-1000000.0,60.0,61.0,-1.0,1307980000.0,5839646000.0,0.045872261043746844,0.01027459541211916,11,8,3,5
2019,2019/20,ES1,La Liga,681,Real Sociedad,2019-ES1-681,2019-ES1,29500000.0,29500000.0,8000000.0,21500000.0,29.5,8.0,21.5,1307980000.0,5839646000.0,0.022553861679842198,0.005051676077625253,14,10,4,7
2019,2019/20,ES1,La Liga,940,Celta de Vigo,2019-ES1-940,2019-ES1,20900000.0,20900000.0,42800000.0,-21900000.0,20.9,42.8,-21.9,1307980000.0,5839646000.0,0.015978837596905153,0.0035789840685548405,7,6,1,9
2019,2019/20,ES1,La Liga,1050,Villarreal CF,2019-ES1-1050,2019-ES1,13300000.0,13300000.0,42800000.0,-29500000.0,13.3,42.8,-29.5,1307980000.0,5839646000.0,0.010168351198030551,0.0022775353163530803,11,11,0,10
2019,2019/20,ES1,La Liga,331,CA Osasuna,2019-ES1-331,2019-ES1,11700000.0,11700000.0,0.0,11700000.0,11.7,0.0,11.7,1307980000.0,5839646000.0,0.008945090903530635,0.002003546105363236,15,13,2,7
2019,2019/20,ES1,La Liga,1244,CD Leganés,2019-ES1-1244,2019-ES1,11200000.0,11200000.0,39750000.0,-28550000.0,11.2,39.75,-28.55,1307980000.0,5839646000.0,0.008562822061499411,0.0019179244769289097,14,14,0,17
2019,2019/20,ES1,La Liga,1533,SD Eibar,2019-ES1-1533,2019-ES1,11000000.0,11000000.0,26000000.0,-15000000.0,11.0,26.0,-15.0,1307980000.0,5839646000.0,0.008409914524686922,0.0018836758255551791,6,6,0,5
2019,2019/20,ES1,La Liga,3709,Getafe CF,2019-ES1-3709,2019-ES1,11000000.0,11000000.0,9000000.0,2000000.0,11.0,9.0,2.0,1307980000.0,5839646000.0,0.008409914524686922,0.0018836758255551791,9,9,0,8
2019,2019/20,ES1,La Liga,16795,Granada CF,2019-ES1-16795,2019-ES1,10240000.0,10240000.0,0.0,10240000.0,10.24,0.0,10.24,1307980000.0,5839646000.0,0.007828865884799462,0.0017535309503350033,12,11,1,7
2019,2019/20,ES1,La Liga,3368,Levante UD,2019-ES1-3368,2019-ES1,8600000.0,8600000.0,12500000.0,-3900000.0,8.6,12.5,-3.9,1307980000.0,5839646000.0,0.006575024082937048,0.0014726920090704129,12,11,1,11
2019,2019/20,ES1,La Liga,1108,Deportivo Alavés,2019-ES1-1108,2019-ES1,6540000.0,6540000.0,18000000.0,-11460000.0,6.54,18.0,-11.46,1307980000.0,5839646000.0,0.0050000764537684065,0.0011199308999209883,11,10,1,9
2019,2019/20,ES1,La Liga,237,RCD Mallorca,2019-ES1-237,2019-ES1,3700000.0,3700000.0,0.0,3700000.0,3.7,0.0,3.7,1307980000.0,5839646000.0,0.0028287894310310554,0.0006336000504140149,20,19,1,12
2019,2019/20,ES1,La Liga,366,Real Valladolid CF,2019-ES1-366,2019-ES1,0.0,0.0,8000000.0,-8000000.0,0.0,8.0,-8.0,1307980000.0,5839646000.0,0.0,0.0,12,10,2,12
2019,2019/20,ES1,La Liga,621,Athletic Bilbao,2019-ES1-621,2019-ES1,0.0,0.0,0.0,0.0,0.0,0.0,0.0,1307980000.0,5839646000.0,0.0,0.0,5,2,3,3
2019,2019/20,FR1,Ligue 1,162,AS Monaco,2019-FR1-162,2019-FR1,193000000.0,193000000.0,78500000.0,114500000.0,193.0,78.5,114.5,736315000.0,5839646000.0,0.26211607803725306,0.03304994857564996,30,29,1,26
2019,2019/20,FR1,Ligue 1,1041,Olympique Lyon,2019-FR1-1041,2019-FR1,122000000.0,122000000.0,159820000.0,-37820000.0,122.0,159.82,-37.82,736315000.0,5839646000.0,0.16568995606499937,0.020891677337975624,12,11,1,13
2019,2019/20,FR1,Ligue 1,1082,LOSC Lille,2019-FR1-1082,2019-FR1,99400000.0,99400000.0,171000000.0,-71600000.0,99.4,171.0,-71.6,736315000.0,5839646000.0,0.1349965707611552,0.017021579732744072,18,17,1,15
2019,2019/20,FR1,Ligue 1,583,Paris Saint-Germain,2019-FR1-583,2019-FR1,63000000.0,63000000.0,96400000.0,-33400000.0,63.0,96.4,-33.4,736315000.0,5839646000.0,0.08556120682045049,0.010788325182725118,16,11,5,14
2019,2019/20,FR1,Ligue 1,273,Stade Rennais FC,2019-FR1-273,2019-FR1,56600000.0,56600000.0,54550000.0,2050000.0,56.6,54.55,2.05,736315000.0,5839646000.0,0.0768692746990079,0.009692368338765741,12,8,4,11
2019,2019/20,FR1,Ligue 1,417,OGC Nice,2019-FR1-417,2019-FR1,50000000.0,50000000.0,22000000.0,28000000.0,50.0,22.0,28.0,736315000.0,5839646000.0,0.06790571969877023,0.008562162843432633,15,11,4,10
2019,2019/20,FR1,Ligue 1,1421,Stade Reims,2019-FR1-1421,2019-FR1,20700000.0,20700000.0,25600000.0,-4900000.0,20.7,25.6,-4.9,736315000.0,5839646000.0,0.028112967955290873,0.0035447354171811098,13,11,2,8
2019,2019/20,FR1,Ligue 1,969,Montpellier HSC,2019-FR1-969,2019-FR1,16000000.0,16000000.0,40000000.0,-24000000.0,16.0,40.0,-24.0,736315000.0,5839646000.0,0.021729830303606472,0.0027398921098984426,5,4,1,6
2019,2019/20,FR1,Ligue 1,995,FC Nantes,2019-FR1-995,2019-FR1,15750000.0,15750000.0,37000000.0,-21250000.0,15.75,37.0,-21.25,736315000.0,5839646000.0,0.02139030170511262,0.0026970812956812794,17,12,5,11
2019,2019/20,FR1,Ligue 1,1416,Amiens SC,2019-FR1-1416,2019-FR1,15150000.0,15150000.0,5435000.0,9715000.0,15.15,5.435,9.715,736315000.0,5839646000.0,0.02057543306872738,0.0025943353415600876,15,14,1,10
2019,2019/20,FR1,Ligue 1,347,FC Metz,2019-FR1-347,2019-FR1,14350000.0,14350000.0,2600000.0,11750000.0,14.35,2.6,11.75,736315000.0,5839646000.0,0.019488941553547055,0.0024573407360651655,15,14,1,11
2019,2019/20,FR1,Ligue 1,244,Olympique Marseille,2019-FR1-244,2019-FR1,13000000.0,13000000.0,27250000.0,-14250000.0,13.0,27.25,-14.25,736315000.0,5839646000.0,0.01765548712168026,0.0022261623392924846,3,1,2,5
2019,2019/20,FR1,Ligue 1,40,FC Girondins Bordeaux,2019-FR1-40,2019-FR1,12000000.0,12000000.0,62250000.0,-50250000.0,12.0,62.25,-50.25,736315000.0,5839646000.0,0.016297372727704856,0.0020549190824238318,7,7,0,9
2019,2019/20,FR1,Ligue 1,618,AS Saint-Étienne,2019-FR1-618,2019-FR1,9950000.0,9950000.0,43000000.0,-33050000.0,9.95,43.0,-33.05,736315000.0,5839646000.0,0.013513238220055275,0.0017038704058430938,14,12,2,9
2019,2019/20,FR1,Ligue 1,415,FC Toulouse,2019-FR1-415,2019-FR1,8000000.0,8000000.0,16150000.0,-8150000.0,8.0,16.15,-8.15,736315000.0,5839646000.0,0.010864915151803236,0.0013699460549492213,9,4,5,6
2019,2019/20,FR1,Ligue 1,2969,Dijon FCO,2019-FR1-2969,2019-FR1,7665000.0,7665000.0,18000000.0,-10335000.0,7.665,18.0,-10.335,736315000.0,5839646000.0,0.010409946829821475,0.0013125795638982225,13,12,1,11
2019,2019/20,FR1,Ligue 1,667,RC Strasbourg Alsace,2019-FR1-667,2019-FR1,7500000.0,7500000.0,21500000.0,-14000000.0,7.5,21.5,-14.0,736315000.0,5839646000.0,0.010185857954815533,0.001284324426514895,4,3,1,5
2019,2019/20,FR1,Ligue 1,3911,Stade Brestois 29,2019-FR1-3911,2019-FR1,5500000.0,5500000.0,0.0,5500000.0,5.5,0.0,5.5,736315000.0,5839646000.0,0.007469629166864725,0.0009418379127775896,5,4,1,1
2019,2019/20,FR1,Ligue 1,1160,Nîmes Olympique,2019-FR1-1160,2019-FR1,5250000.0,5250000.0,15500000.0,-10250000.0,5.25,15.5,-10.25,736315000.0,5839646000.0,0.007130100568370874,0.0008990270985604265,4,3,1,5
2019,2019/20,FR1,Ligue 1,1420,Angers SCO,2019-FR1-1420,2019-FR1,1500000.0,1500000.0,34000000.0,-32500000.0,1.5,34.0,-32.5,736315000.0,5839646000.0,0.002037171590963107,0.00025686488530297897,6,6,0,8
2019,2019/20,GB1,Premier League,985,Manchester United,2019-GB1-985,2019-GB1,224800000.0,224800000.0,78180000.0,146620000.0,224.8,78.18,146.62,1671000000.0,5839646000.0,0.13453022142429683,0.03849548414407312,13,9,4,9
2019,2019/20,GB1,Premier League,281,Manchester City,2019-GB1-281,2019-GB1,169820000.0,169820000.0,59500000.0,110320000.0,169.82,59.5,110.32,1671000000.0,5839646000.0,0.10162776780371036,0.029080529881434593,26,23,3,21
2019,2019/20,GB1,Premier League,11,Arsenal FC,2019-GB1-11,2019-GB1,144100000.0,144100000.0,34900000.0,109200000.0,144.1,34.9,109.2,1671000000.0,5839646000.0,0.08623578695391981,0.024676153314772846,17,14,3,13
2019,2019/20,GB1,Premier League,148,Tottenham Hotspur,2019-GB1-148,2019-GB1,130000000.0,130000000.0,58000000.0,72000000.0,130.0,58.0,72.0,1671000000.0,5839646000.0,0.07779772591262717,0.022261623392924847,13,11,2,9
2019,2019/20,GB1,Premier League,405,Aston Villa,2019-GB1-405,2019-GB1,129600000.0,129600000.0,0.0,129600000.0,129.6,0.0,129.6,1671000000.0,5839646000.0,0.07755834829443448,0.022193126090177383,15,15,0,6
2019,2019/20,GB1,Premier League,543,Wolverhampton Wanderers,2019-GB1-543,2019-GB1,116700000.0,116700000.0,15200000.0,101500000.0,116.7,15.2,101.5,1671000000.0,5839646000.0,0.06983842010771993,0.019984088076571763,19,18,1,13
2019,2019/20,GB1,Premier League,379,West Ham United,2019-GB1-379,2019-GB1,115300000.0,115300000.0,47980000.0,67320000.0,115.3,47.98,67.32,1671000000.0,5839646000.0,0.06900059844404548,0.01974434751695565,9,9,0,11
2019,2019/20,GB1,Premier League,29,Everton FC,2019-GB1-29,2019-GB1,109000000.0,109000000.0,87800000.0,21200000.0,109.0,87.8,21.2,1671000000.0,5839646000.0,0.06523040095751047,0.01866551499868314,16,15,1,14
2019,2019/20,GB1,Premier League,1003,Leicester City,2019-GB1-1003,2019-GB1,104300000.0,104300000.0,88500000.0,15800000.0,104.3,88.5,15.8,1671000000.0,5839646000.0,0.06241771394374626,0.017860671691400473,10,9,1,7
2019,2019/20,GB1,Premier League,762,Newcastle United,2019-GB1-762,2019-GB1,66900000.0,66900000.0,35640000.0,31260000.0,66.9,35.64,31.26,1671000000.0,5839646000.0,0.04003590664272891,0.011456173884512862,10,9,1,9
2019,2019/20,GB1,Premier League,350,Sheffield United,2019-GB1-350,2019-GB1,59100000.0,59100000.0,0.0,59100000.0,59.1,0.0,59.1,1671000000.0,5839646000.0,0.03536804308797128,0.010120476480937371,13,11,2,4
2019,2019/20,GB1,Premier League,180,Southampton FC,2019-GB1-180,2019-GB1,57500000.0,57500000.0,15500000.0,42000000.0,57.5,15.5,42.0,1671000000.0,5839646000.0,0.03441053261520048,0.009846487269947527,14,13,1,14
2019,2019/20,GB1,Premier League,1010,Watford FC,2019-GB1-1010,2019-GB1,56000000.0,56000000.0,20000000.0,36000000.0,56.0,20.0,36.0,1671000000.0,5839646000.0,0.033512866546977854,0.009589622384644548,15,15,0,10
2019,2019/20,GB1,Premier League,1237,Brighton & Hove Albion,2019-GB1-1237,2019-GB1,54540000.0,54540000.0,1000000.0,53540000.0,54.54,1.0,53.54,1671000000.0,5839646000.0,0.0326391382405745,0.009339607229616315,14,13,1,12
2019,2019/20,GB1,Premier League,989,AFC Bournemouth,2019-GB1-989,2019-GB1,47760000.0,47760000.0,33400000.0,14360000.0,47.76,33.4,14.36,1671000000.0,5839646000.0,0.028581687612208258,0.00817857794804685,9,8,1,7
2019,2019/20,GB1,Premier League,631,Chelsea FC,2019-GB1-631,2019-GB1,45000000.0,45000000.0,14800000.0,30200000.0,45.0,14.8,30.2,1671000000.0,5839646000.0,0.026929982046678635,0.007705946559089369,16,12,4,11
2019,2019/20,GB1,Premier League,1132,Burnley FC,2019-GB1-1132,2019-GB1,22750000.0,22750000.0,8800000.0,13950000.0,22.75,8.8,13.95,1671000000.0,5839646000.0,0.013614602034709754,0.003895784093761848,4,4,0,2
2019,2019/20,GB1,Premier League,31,Liverpool FC,2019-GB1-31,2019-GB1,10400000.0,10400000.0,42800000.0,-32400000.0,10.4,42.8,-32.4,1671000000.0,5839646000.0,0.006223818073010173,0.0017809298714339876,16,13,3,13
2019,2019/20,GB1,Premier League,873,Crystal Palace,2019-GB1-873,2019-GB1,6100000.0,6100000.0,55000000.0,-48900000.0,6.1,55.0,-48.9,1671000000.0,5839646000.0,0.0036505086774386596,0.0010445838668987812,3,3,0,4
2019,2019/20,GB1,Premier League,1123,Norwich City,2019-GB1-1123,2019-GB1,1330000.0,1330000.0,1000000.0,330000.0,1.33,1.0,0.33,1671000000.0,5839646000.0,0.0007959305804907241,0.00022775353163530804,10,8,2,8
2019,2019/20,IT1,Serie A,6195,SSC Napoli,2019-IT1-6195,2019-IT1,210150000.0,210150000.0,42000000.0,168150000.0,210.15,42.0,168.15,1283611000.0,5839646000.0,0.1637178241694719,0.035986770430947355,24,23,1,13
2019,2019/20,IT1,Serie A,506,Juventus FC,2019-IT1-506,2019-IT1,196300000.0,196300000.0,189450000.0,6850000.0,196.3,189.45,6.85,1283611000.0,5839646000.0,0.1529279509134777,0.03361505132331652,11,11,0,14
2019,2019/20,IT1,Serie A,46,Inter Milan,2019-IT1-46,2019-IT1,177500000.0,177500000.0,49740000.0,127760000.0,177.5,49.74,127.76,1283611000.0,5839646000.0,0.1382817691652689,0.030395678094185846,33,30,3,31
2019,2019/20,IT1,Serie A,5,AC Milan,2019-IT1-5,2019-IT1,140700000.0,140700000.0,56000000.0,84700000.0,140.7,56.0,84.7,1283611000.0,5839646000.0,0.10961264744537091,0.024093926241419428,19,19,0,16
2019,2019/20,IT1,Serie A,12,Associazione Sportiva Roma,2019-IT1-12,2019-IT1,113900000.0,113900000.0,96680000.0,17220000.0,113.9,96.68,17.22,1283611000.0,5839646000.0,0.08873404793196693,0.019504606957339538,22,22,0,25
2019,2019/20,IT1,Serie A,1025,Bologna Football Club 1909,2019-IT1-1025,2019-IT1,58930000.0,58930000.0,21400000.0,37530000.0,58.93,21.4,37.53,1283611000.0,5839646000.0,0.04590954736286928,0.010091365127269701,20,18,2,11
2019,2019/20,IT1,Serie A,800,Atalanta BC,2019-IT1-800,2019-IT1,55400000.0,55400000.0,74600000.0,-19200000.0,55.4,74.6,-19.2,1283611000.0,5839646000.0,0.04315949302397689,0.009486876430523357,30,27,3,24
2019,2019/20,IT1,Serie A,6574,US Sassuolo,2019-IT1-6574,2019-IT1,52430000.0,52430000.0,41001000.0,11429000.0,52.43,41.001,11.429,1283611000.0,5839646000.0,0.04084570792864817,0.008978283957623458,28,27,1,25
2019,2019/20,IT1,Serie A,398,Società Sportiva Lazio S.p.A.,2019-IT1-398,2019-IT1,45115000.0,45115000.0,30800000.0,14315000.0,45.115,30.8,14.315,1283611000.0,5839646000.0,0.03514694093459779,0.007725639533629264,14,14,0,11
2019,2019/20,IT1,Serie A,430,ACF Fiorentina,2019-IT1-430,2019-IT1,44500000.0,44500000.0,9080000.0,35420000.0,44.5,9.08,35.42,1283611000.0,5839646000.0,0.03466782381889841,0.007620324930655043,24,23,1,22
2019,2019/20,IT1,Serie A,1038,UC Sampdoria,2019-IT1-1038,2019-IT1,41300000.0,41300000.0,61950000.0,-20650000.0,41.3,61.95,-20.65,1283611000.0,5839646000.0,0.03217485671282032,0.007072346508675355,15,14,1,12
2019,2019/20,IT1,Serie A,1390,Cagliari Calcio,2019-IT1-1390,2019-IT1,34400000.0,34400000.0,810000.0,33590000.0,34.4,0.81,33.59,1283611000.0,5839646000.0,0.02679939639033944,0.0058907680362816515,21,19,2,15
2019,2019/20,IT1,Serie A,252,Genoa CFC,2019-IT1-252,2019-IT1,33000000.0,33000000.0,52000000.0,-19000000.0,33.0,52.0,-19.0,1283611000.0,5839646000.0,0.025708723281430278,0.005651027476665537,36,34,2,33
2019,2019/20,IT1,Serie A,2722,SPAL,2019-IT1-2722,2019-IT1,22000000.0,22000000.0,32600000.0,-10600000.0,22.0,32.6,-10.6,1283611000.0,5839646000.0,0.017139148854286853,0.0037673516511103583,16,16,0,15
2019,2019/20,IT1,Serie A,276,Hellas Verona,2019-IT1-276,2019-IT1,16763000.0,16763000.0,39400000.0,-22637000.0,16.763,39.4,-22.637,1283611000.0,5839646000.0,0.01305925237474593,0.0028705507148892246,23,22,1,23
2019,2019/20,IT1,Serie A,416,Torino FC,2019-IT1-416,2019-IT1,12800000.0,12800000.0,22400000.0,-9600000.0,12.8,22.4,-9.6,1283611000.0,5839646000.0,0.009971868424312351,0.002191913687918754,15,11,4,14
2019,2019/20,IT1,Serie A,19,Brescia Calcio,2019-IT1-19,2019-IT1,11400000.0,11400000.0,0.0,11400000.0,11.4,0.0,11.4,1283611000.0,5839646000.0,0.008881195315403188,0.0019521731283026402,6,6,0,1
2019,2019/20,IT1,Serie A,410,Udinese Calcio,2019-IT1-410,2019-IT1,10350000.0,10350000.0,54200000.0,-43850000.0,10.35,54.2,-43.85,1283611000.0,5839646000.0,0.008063190483721314,0.0017723677085905549,17,15,2,17
2019,2019/20,IT1,Serie A,130,Parma Calcio 1913,2019-IT1-130,2019-IT1,5373000.0,5373000.0,8800000.0,-3427000.0,5.373,8.8,-3.427,1283611000.0,5839646000.0,0.004185847581549239,0.0009200900191552707,18,18,0,18
2019,2019/20,IT1,Serie A,1005,US Lecce,2019-IT1-1005,2019-IT1,1300000.0,1300000.0,0.0,1300000.0,1.3,0.0,1.3,1283611000.0,5839646000.0,0.001012767886844223,0.00022261623392924845,16,14,2,11
2020,2020/21,L1,Bundesliga,23826,RB Leipzig,2020-L1-23826,2020-L1,71000000.0,71000000.0,53000000.0,18000000.0,71.0,53.0,18.0,365900000.0,3472611000.0,0.1940420880021864,0.02044571073466046,11,10,1,9
2020,2020/21,L1,Bundesliga,27,Bayern Munich,2020-L1-27,2020-L1,66000000.0,66000000.0,22000000.0,44000000.0,66.0,22.0,44.0,365900000.0,3472611000.0,0.18037715222738454,0.019005871950529444,15,12,3,9
2020,2020/21,L1,Bundesliga,16,Borussia Dortmund,2020-L1-16,2020-L1,55150000.0,55150000.0,4500000.0,50650000.0,55.15,4.5,50.65,365900000.0,3472611000.0,0.1507242415960645,0.015881421788965133,10,8,2,6
2020,2020/21,L1,Bundesliga,15,Bayer 04 Leverkusen,2020-L1-15,2020-L1,41200000.0,41200000.0,111000000.0,-69800000.0,41.2,111.0,-69.8,365900000.0,3472611000.0,0.11259907078436732,0.011864271581239592,10,6,4,5
2020,2020/21,L1,Bundesliga,44,Hertha BSC,2020-L1-44,2020-L1,26000000.0,26000000.0,7000000.0,19000000.0,26.0,7.0,19.0,365900000.0,3472611000.0,0.07105766602896967,0.007487161677481296,11,8,3,4
2020,2020/21,L1,Bundesliga,82,VfL Wolfsburg,2020-L1-82,2020-L1,20000000.0,20000000.0,11000000.0,9000000.0,20.0,11.0,9.0,365900000.0,3472611000.0,0.05465974309920743,0.005759355136524074,9,7,2,7
2020,2020/21,L1,Bundesliga,79,VfB Stuttgart,2020-L1-79,2020-L1,14200000.0,14200000.0,4000000.0,10200000.0,14.2,4.0,10.2,365900000.0,3472611000.0,0.03880841760043728,0.004089142146932092,10,8,2,4
2020,2020/21,L1,Bundesliga,60,SC Freiburg,2020-L1-60,2020-L1,13700000.0,13700000.0,36300000.0,-22600000.0,13.7,36.3,-22.6,365900000.0,3472611000.0,0.03744192402295709,0.003945158268518991,10,9,1,10
2020,2020/21,L1,Bundesliga,86,SV Werder Bremen,2020-L1-86,2020-L1,11000000.0,11000000.0,11700000.0,-700000.0,11.0,11.7,-0.7,365900000.0,3472611000.0,0.03006285870456409,0.0031676453250882404,16,11,5,9
2020,2020/21,L1,Bundesliga,18,Borussia Mönchengladbach,2020-L1-18,2020-L1,10800000.0,10800000.0,0.0,10800000.0,10.8,0.0,10.8,365900000.0,3472611000.0,0.029516261273572014,0.0031100517737229997,11,9,2,6
2020,2020/21,L1,Bundesliga,3,1.FC Köln,2020-L1-3,2020-L1,10300000.0,10300000.0,15000000.0,-4700000.0,10.3,15.0,-4.7,365900000.0,3472611000.0,0.02814976769609183,0.002966067895309898,14,11,3,12
2020,2020/21,L1,Bundesliga,167,FC Augsburg,2020-L1-167,2020-L1,10300000.0,10300000.0,10000000.0,300000.0,10.3,10.0,0.3,365900000.0,3472611000.0,0.02814976769609183,0.002966067895309898,10,10,0,9
2020,2020/21,L1,Bundesliga,24,Eintracht Frankfurt,2020-L1-24,2020-L1,9000000.0,9000000.0,15700000.0,-6700000.0,9.0,15.7,-6.7,365900000.0,3472611000.0,0.024596884394643345,0.0025917098114358332,12,12,0,14
2020,2020/21,L1,Bundesliga,533,TSG 1899 Hoffenheim,2020-L1-533,2020-L1,3750000.0,3750000.0,17200000.0,-13450000.0,3.75,17.2,-13.45,365900000.0,3472611000.0,0.010248701831101393,0.0010798790880982639,11,6,5,9
2020,2020/21,L1,Bundesliga,39,1.FSV Mainz 05,2020-L1-39,2020-L1,2000000.0,2000000.0,10000000.0,-8000000.0,2.0,10.0,-8.0,365900000.0,3472611000.0,0.005465974309920744,0.0005759355136524074,12,9,3,13
2020,2020/21,L1,Bundesliga,89,1.FC Union Berlin,2020-L1-89,2020-L1,1500000.0,1500000.0,0.0,1500000.0,1.5,0.0,1.5,365900000.0,3472611000.0,0.004099480732440558,0.0004319516352393055,12,12,0,13
2020,2020/21,L1,Bundesliga,10,Arminia Bielefeld,2020-L1-10,2020-L1,0.0,0.0,0.0,0.0,0.0,0.0,0.0,365900000.0,3472611000.0,0.0,0.0,8,8,0,7
2020,2020/21,L1,Bundesliga,33,FC Schalke 04,2020-L1-33,2020-L1,0.0,0.0,0.0,0.0,0.0,0.0,0.0,365900000.0,3472611000.0,0.0,0.0,15,10,5,12
2020,2020/21,ES1,La Liga,131,FC Barcelona,2020-ES1-131,2020-ES1,111940000.0,111940000.0,150900000.0,-38960000.0,111.94,150.9,-38.96,408760000.0,3472611000.0,0.27385262745865546,0.03223511069912524,14,9,5,13
2020,2020/21,ES1,La Liga,13,Atlético de Madrid,2020-ES1-13,2020-ES1,90500000.0,90500000.0,58000000.0,32500000.0,90.5,58.0,32.5,408760000.0,3472611000.0,0.22140131128290438,0.026061081992771434,17,15,2,13
2020,2020/21,ES1,La Liga,368,Sevilla FC,2020-ES1-368,2020-ES1,72350000.0,72350000.0,19680000.0,52670000.0,72.35,19.68,52.67,408760000.0,3472611000.0,0.17699872785986887,0.020834467206375835,16,15,1,14
2020,2020/21,ES1,La Liga,1050,Villarreal CF,2020-ES1-1050,2020-ES1,36590000.0,36590000.0,10000000.0,26590000.0,36.59,10.0,26.59,408760000.0,3472611000.0,0.08951462961150798,0.010536740222270793,15,11,4,8
2020,2020/21,ES1,La Liga,16795,Granada CF,2020-ES1-16795,2020-ES1,23500000.0,23500000.0,0.0,23500000.0,23.5,0.0,23.5,408760000.0,3472611000.0,0.05749094823368236,0.006767242285415786,11,11,0,7
2020,2020/21,ES1,La Liga,3709,Getafe CF,2020-ES1-3709,2020-ES1,20800000.0,20800000.0,2550000.0,18250000.0,20.8,2.55,18.25,408760000.0,3472611000.0,0.05088560524513162,0.005989729341985037,13,12,1,14
2020,2020/21,ES1,La Liga,621,Athletic Bilbao,2020-ES1-621,2020-ES1,11130000.0,11130000.0,0.0,11130000.0,11.13,0.0,11.13,408760000.0,3472611000.0,0.027228691652803602,0.003205081133475647,8,4,4,5
2020,2020/21,ES1,La Liga,681,Real Sociedad,2020-ES1-681,2020-ES1,10000000.0,10000000.0,25000000.0,-15000000.0,10.0,25.0,-15.0,408760000.0,3472611000.0,0.02446423329092866,0.002879677568262037,5,3,2,5
2020,2020/21,ES1,La Liga,366,Real Valladolid CF,2020-ES1-366,2020-ES1,9150000.0,9150000.0,12000000.0,-2850000.0,9.15,12.0,-2.85,408760000.0,3472611000.0,0.022384773461199724,0.0026349049749597635,13,11,2,7
2020,2020/21,ES1,La Liga,3368,Levante UD,2020-ES1-3368,2020-ES1,6000000.0,6000000.0,5000000.0,1000000.0,6.0,5.0,1.0,408760000.0,3472611000.0,0.014678539974557198,0.001727806540957222,6,4,2,6
2020,2020/21,ES1,La Liga,2687,Cádiz CF,2020-ES1-2687,2020-ES1,5700000.0,5700000.0,0.0,5700000.0,5.7,0.0,5.7,408760000.0,3472611000.0,0.013944612975829338,0.001641416213909361,8,8,0,5
2020,2020/21,ES1,La Liga,331,CA Osasuna,2020-ES1-331,2020-ES1,5000000.0,5000000.0,3000000.0,2000000.0,5.0,3.0,2.0,408760000.0,3472611000.0,0.01223211664546433,0.0014398387841310185,9,9,0,8
2020,2020/21,ES1,La Liga,940,Celta de Vigo,2020-ES1-940,2020-ES1,3000000.0,3000000.0,2500000.0,500000.0,3.0,2.5,0.5,408760000.0,3472611000.0,0.007339269987278599,0.000863903270478611,6,6,0,5
2020,2020/21,ES1,La Liga,5358,SD Huesca,2020-ES1-5358,2020-ES1,2500000.0,2500000.0,0.0,2500000.0,2.5,0.0,2.5,408760000.0,3472611000.0,0.006116058322732165,0.0007199193920655093,7,6,1,9
2020,2020/21,ES1,La Liga,1531,Elche CF,2020-ES1-1531,2020-ES1,600000.0,600000.0,7300000.0,-6700000.0,0.6,7.3,-6.7,408760000.0,3472611000.0,0.0014678539974557197,0.0001727806540957222,12,10,2,11
2020,2020/21,ES1,La Liga,150,Real Betis Balompié,2020-ES1-150,2020-ES1,0.0,0.0,38500000.0,-38500000.0,0.0,38.5,-38.5,408760000.0,3472611000.0,0.0,0.0,8,5,3,6
2020,2020/21,ES1,La Liga,418,Real Madrid,2020-ES1-418,2020-ES1,0.0,0.0,98000000.0,-98000000.0,0.0,98.0,-98.0,408760000.0,3472611000.0,0.0,0.0,10,10,0,16
2020,2020/21,ES1,La Liga,1049,Valencia CF,2020-ES1-1049,2020-ES1,0.0,0.0,58850000.0,-58850000.0,0.0,58.85,-58.85,408760000.0,3472611000.0,0.0,0.0,8,5,3,10
2020,2020/21,ES1,La Liga,1108,Deportivo Alavés,2020-ES1-1108,2020-ES1,0.0,0.0,4400000.0,-4400000.0,0.0,4.4,-4.4,408760000.0,3472611000.0,0.0,0.0,11,9,2,12
2020,2020/21,ES1,La Liga,1533,SD Eibar,2020-ES1-1533,2020-ES1,0.0,0.0,0.0,0.0,0.0,0.0,0.0,408760000.0,3472611000.0,0.0,0.0,6,6,0,7
2020,2020/21,FR1,Ligue 1,273,Stade Rennais FC,2020-FR1-273,2020-FR1,67000000.0,67000000.0,53620000.0,13380000.0,67.0,53.62,13.38,410480000.0,3472611000.0,0.16322354316897292,0.019293839707355646,16,12,4,15
2020,2020/21,FR1,Ligue 1,583,Paris Saint-Germain,2020-FR1-583,2020-FR1,56000000.0,56000000.0,400000.0,55600000.0,56.0,0.4,55.6,410480000.0,3472611000.0,0.1364256480218281,0.016126194382267405,16,13,3,16
2020,2020/21,FR1,Ligue 1,162,AS Monaco,2020-FR1-162,2020-FR1,51200000.0,51200000.0,10400000.0,40800000.0,51.2,10.4,40.8,410480000.0,3472611000.0,0.12473202104852855,0.014743949149501629,22,19,3,18
2020,2020/21,FR1,Ligue 1,1082,LOSC Lille,2020-FR1-1082,2020-FR1,35000000.0,35000000.0,107900000.0,-72900000.0,35.0,107.9,-72.9,410480000.0,3472611000.0,0.08526603001364257,0.010078871488917129,14,12,2,11
2020,2020/21,FR1,Ligue 1,417,OGC Nice,2020-FR1-417,2020-FR1,29230000.0,29230000.0,17400000.0,11830000.0,29.23,17.4,11.83,410480000.0,3472611000.0,0.07120931592282206,0.008417297532029933,25,18,7,19
2020,2020/21,FR1,Ligue 1,1041,Olympique Lyon,2020-FR1-1041,2020-FR1,24850000.0,24850000.0,47100000.0,-22250000.0,24.85,47.1,-22.25,410480000.0,3472611000.0,0.060538881309686224,0.007155998757131162,13,11,2,16
2020,2020/21,FR1,Ligue 1,1158,FC Lorient,2020-FR1-1158,2020-FR1,24500000.0,24500000.0,6500000.0,18000000.0,24.5,6.5,18.0,410480000.0,3472611000.0,0.059686221009549796,0.00705521004224199,12,12,0,7
2020,2020/21,FR1,Ligue 1,826,RC Lens,2020-FR1-826,2020-FR1,18000000.0,18000000.0,0.0,18000000.0,18.0,0.0,18.0,410480000.0,3472611000.0,0.04385110114987332,0.0051834196228716664,11,10,1,7
2020,2020/21,FR1,Ligue 1,3911,Stade Brestois 29,2020-FR1-3911,2020-FR1,15600000.0,15600000.0,0.0,15600000.0,15.6,0.0,15.6,410480000.0,3472611000.0,0.03800428766322354,0.0044922970064887775,13,12,1,8
2020,2020/21,FR1,Ligue 1,969,Montpellier HSC,2020-FR1-969,2020-FR1,13100000.0,13100000.0,0.0,13100000.0,13.1,0.0,13.1,410480000.0,3472611000.0,0.03191385694796336,0.0037723776144232683,4,3,1,1
2020,2020/21,FR1,Ligue 1,1421,Stade Reims,2020-FR1-1421,2020-FR1,11200000.0,11200000.0,17000000.0,-5800000.0,11.2,17.0,-5.8,410480000.0,3472611000.0,0.027285129604365622,0.0032252388764534815,12,10,2,10
2020,2020/21,FR1,Ligue 1,347,FC Metz,2020-FR1-347,2020-FR1,11000000.0,11000000.0,10000000.0,1000000.0,11.0,10.0,1.0,410480000.0,3472611000.0,0.026797895147144805,0.0031676453250882404,12,8,4,11
2020,2020/21,FR1,Ligue 1,1420,Angers SCO,2020-FR1-1420,2020-FR1,11000000.0,11000000.0,10000000.0,1000000.0,11.0,10.0,1.0,410480000.0,3472611000.0,0.026797895147144805,0.0031676453250882404,8,7,1,7
2020,2020/21,FR1,Ligue 1,667,RC Strasbourg Alsace,2020-FR1-667,2020-FR1,10000000.0,10000000.0,500000.0,9500000.0,10.0,0.5,9.5,410480000.0,3472611000.0,0.024361722861040734,0.002879677568262037,4,4,0,3
2020,2020/21,FR1,Ligue 1,244,Olympique Marseille,2020-FR1-244,2020-FR1,8000000.0,8000000.0,33200000.0,-25200000.0,8.0,33.2,-25.2,410480000.0,3472611000.0,0.019489378288832588,0.0023037420546096294,10,10,0,9
2020,2020/21,FR1,Ligue 1,2969,Dijon FCO,2020-FR1-2969,2020-FR1,7400000.0,7400000.0,16000000.0,-8600000.0,7.4,16.0,-8.6,410480000.0,3472611000.0,0.018027674917170142,0.0021309614005139074,12,11,1,11
2020,2020/21,FR1,Ligue 1,1160,Nîmes Olympique,2020-FR1-1160,2020-FR1,6900000.0,6900000.0,0.0,6900000.0,6.9,0.0,6.9,410480000.0,3472611000.0,0.016809588774118107,0.0019869775221008053,5,5,0,3
2020,2020/21,FR1,Ligue 1,618,AS Saint-Étienne,2020-FR1-618,2020-FR1,5500000.0,5500000.0,41000000.0,-35500000.0,5.5,41.0,-35.5,410480000.0,3472611000.0,0.013398947573572403,0.0015838226625441202,16,11,5,13
2020,2020/21,FR1,Ligue 1,995,FC Nantes,2020-FR1-995,2020-FR1,5000000.0,5000000.0,2000000.0,3000000.0,5.0,2.0,3.0,410480000.0,3472611000.0,0.012180861430520367,0.0014398387841310185,7,7,0,8
2020,2020/21,FR1,Ligue 1,40,FC Girondins Bordeaux,2020-FR1-40,2020-FR1,0.0,0.0,13000000.0,-13000000.0,0.0,13.0,-13.0,410480000.0,3472611000.0,0.0,0.0,6,2,4,3
2020,2020/21,GB1,Premier League,631,Chelsea FC,2020-GB1-631,2020-GB1,267200000.0,267200000.0,49500000.0,217700000.0,267.2,49.5,217.7,1464309000.0,3472611000.0,0.18247514698058948,0.07694498462396163,22,22,0,19
2020,2020/21,GB1,Premier League,281,Manchester City,2020-GB1-281,2020-GB1,167400000.0,167400000.0,64000000.0,103400000.0,167.4,64.0,103.4,1464309000.0,3472611000.0,0.11432013325056392,0.0482058024927065,23,22,1,22
2020,2020/21,GB1,Premier League,148,Tottenham Hotspur,2020-GB1-148,2020-GB1,107500000.0,107500000.0,13300000.0,94200000.0,107.5,13.3,94.2,1464309000.0,3472611000.0,0.0734134666931638,0.030956533858816897,13,13,0,10
2020,2020/21,GB1,Premier League,405,Aston Villa,2020-GB1-405,2020-GB1,101350000.0,101350000.0,0.0,101350000.0,101.35,0.0,101.35,1464309000.0,3472611000.0,0.0692135334823456,0.029185532154335742,9,8,1,6
2020,2020/21,GB1,Premier League,985,Manchester United,2020-GB1-985,2020-GB1,89950000.0,89950000.0,16700000.0,73250000.0,89.95,16.7,73.25,1464309000.0,3472611000.0,0.06142829143302404,0.02590269972651702,17,14,3,15
2020,2020/21,GB1,Premier League,543,Wolverhampton Wanderers,2020-GB1-543,2020-GB1,84589000.0,84589000.0,79200000.0,5389000.0,84.589,79.2,5.389,1464309000.0,3472611000.0,0.05776717892193519,0.024358904582171742,22,21,1,19
2020,2020/21,GB1,Premier League,11,Arsenal FC,2020-GB1-11,2020-GB1,84000000.0,84000000.0,17400000.0,66600000.0,84.0,17.4,66.6,1464309000.0,3472611000.0,0.057364941416053576,0.02418929157340111,16,15,1,14
2020,2020/21,GB1,Premier League,31,Liverpool FC,2020-GB1-31,2020-GB1,82300000.0,82300000.0,15900000.0,66400000.0,82.3,15.9,66.4,1464309000.0,3472611000.0,0.05620398426834773,0.023699746386796564,14,12,2,13
2020,2020/21,GB1,Premier League,399,Leeds United,2020-GB1-399,2020-GB1,75800000.0,75800000.0,0.0,75800000.0,75.8,0.0,75.8,1464309000.0,3472611000.0,0.05176503046829597,0.02182795596742624,7,7,0,6
2020,2020/21,GB1,Premier League,29,Everton FC,2020-GB1-29,2020-GB1,74370000.0,74370000.0,4430000.0,69940000.0,74.37,4.43,69.94,1464309000.0,3472611000.0,0.05078846063228458,0.02141616207516477,15,13,2,12
2020,2020/21,GB1,Premier League,350,Sheffield United,2020-GB1-350,2020-GB1,62700000.0,62700000.0,0.0,62700000.0,62.7,0.0,62.7,1464309000.0,3472611000.0,0.042818831271268565,0.01805557835300297,11,11,0,7
2020,2020/21,GB1,Premier League,1003,Leicester City,2020-GB1-1003,2020-GB1,55900000.0,55900000.0,53770000.0,2130000.0,55.9,53.77,2.13,1464309000.0,3472611000.0,0.03817500268044518,0.016097397606584785,11,9,2,13
2020,2020/21,GB1,Premier League,379,West Ham United,2020-GB1-379,2020-GB1,46900000.0,46900000.0,42000000.0,4900000.0,46.9,42.0,4.9,1464309000.0,3472611000.0,0.03202875895729658,0.013505687795148952,10,8,2,8
2020,2020/21,GB1,Premier League,1237,Brighton & Hove Albion,2020-GB1-1237,2020-GB1,46200000.0,46200000.0,0.0,46200000.0,46.2,0.0,46.2,1464309000.0,3472611000.0,0.031550717778829465,0.01330411036537061,17,16,1,10
2020,2020/21,GB1,Premier League,762,Newcastle United,2020-GB1-762,2020-GB1,38750000.0,38750000.0,780000.0,37970000.0,38.75,0.78,37.97,1464309000.0,3472611000.0,0.026462993808000906,0.011158750577015392,9,9,0,6
2020,2020/21,GB1,Premier League,180,Southampton FC,2020-GB1-180,2020-GB1,25300000.0,25300000.0,23100000.0,2200000.0,25.3,23.1,2.2,1464309000.0,3472611000.0,0.017277774021739946,0.007285584247702953,12,10,2,13
2020,2020/21,GB1,Premier League,984,West Bromwich Albion,2020-GB1-984,2020-GB1,21750000.0,21750000.0,6500000.0,15250000.0,21.75,6.5,15.25,1464309000.0,3472611000.0,0.014853422330942445,0.00626329871096993,8,8,0,9
2020,2020/21,GB1,Premier League,873,Crystal Palace,2020-GB1-873,2020-GB1,18900000.0,18900000.0,20000000.0,-1100000.0,18.9,20.0,-1.1,1464309000.0,3472611000.0,0.012907111818612056,0.00544259060401525,8,7,1,2
2020,2020/21,GB1,Premier League,931,Fulham FC,2020-GB1-931,2020-GB1,13450000.0,13450000.0,0.0,13450000.0,13.45,0.0,13.45,1464309000.0,3472611000.0,0.00918521978626096,0.0038731663293124397,11,11,0,9
2020,2020/21,GB1,Premier League,1132,Burnley FC,2020-GB1-1132,2020-GB1,0.0,0.0,0.0,0.0,0.0,0.0,0.0,1464309000.0,3472611000.0,0.0,0.0,1,0,1,4
2020,2020/21,IT1,Serie A,46,Inter Milan,2020-IT1-46,2020-IT1,131250000.0,131250000.0,77900000.0,53350000.0,131.25,77.9,53.35,823162000.0,3472611000.0,0.15944613575456593,0.037795768083439235,27,26,1,19
2020,2020/21,IT1,Serie A,506,Juventus FC,2020-IT1-506,2020-IT1,98800000.0,98800000.0,85000000.0,13800000.0,98.8,85.0,13.8,823162000.0,3472611000.0,0.1200249768575323,0.028451214374428924,16,14,2,13
2020,2020/21,IT1,Serie A,6195,SSC Napoli,2020-IT1-6195,2020-IT1,78900000.0,78900000.0,86130000.0,-7230000.0,78.9,86.13,-7.23,823162000.0,3472611000.0,0.09584990560788763,0.02272065601358747,15,13,2,19
2020,2020/21,IT1,Serie A,130,Parma Calcio 1913,2020-IT1-130,2020-IT1,73130000.0,73130000.0,3700000.0,69430000.0,73.13,3.7,69.43,823162000.0,3472611000.0,0.08884034977319166,0.021059082056700276,24,21,3,11
2020,2020/21,IT1,Serie A,12,Associazione Sportiva Roma,2020-IT1-12,2020-IT1,69500000.0,69500000.0,41500000.0,28000000.0,69.5,41.5,28.0,823162000.0,3472611000.0,0.08443052521860825,0.020013759099421154,18,17,1,13
2020,2020/21,IT1,Serie A,430,ACF Fiorentina,2020-IT1-430,2020-IT1,59800000.0,59800000.0,44500000.0,15300000.0,59.8,44.5,15.3,823162000.0,3472611000.0,0.0726466965190327,0.01722047185820698,24,23,1,17
2020,2020/21,IT1,Serie A,800,Atalanta BC,2020-IT1-800,2020-IT1,51800000.0,51800000.0,84100000.0,-32300000.0,51.8,84.1,-32.3,823162000.0,3472611000.0,0.06292807491113535,0.01491672980359735,24,20,4,24
2020,2020/21,IT1,Serie A,416,Torino FC,2020-IT1-416,2020-IT1,43150000.0,43150000.0,22130000.0,21020000.0,43.15,22.13,21.02,823162000.0,3472611000.0,0.052419815297596345,0.012425808707050689,15,15,0,12
2020,2020/21,IT1,Serie A,252,Genoa CFC,2020-IT1-252,2020-IT1,37800000.0,37800000.0,43650000.0,-5850000.0,37.8,43.65,-5.85,823162000.0,3472611000.0,0.045920487097314985,0.0108851812080305,33,31,2,37
2020,2020/21,IT1,Serie A,398,Società Sportiva Lazio S.p.A.,2020-IT1-398,2020-IT1,33700000.0,33700000.0,6950000.0,26750000.0,33.7,6.95,26.75,823162000.0,3472611000.0,0.040939693523267595,0.009704513405043065,17,17,0,12
2020,2020/21,IT1,Serie A,1390,Cagliari Calcio,2020-IT1-1390,2020-IT1,29380000.0,29380000.0,47000000.0,-17620000.0,29.38,47.0,-17.62,823162000.0,3472611000.0,0.035691637855003025,0.008460492695553865,14,14,0,16
2020,2020/21,IT1,Serie A,6574,US Sassuolo,2020-IT1-6574,2020-IT1,29360000.0,29360000.0,51000000.0,-21640000.0,29.36,51.0,-21.64,823162000.0,3472611000.0,0.03566734130098328,0.008454733340417341,19,19,0,16
2020,2020/21,IT1,Serie A,5,AC Milan,2020-IT1-5,2020-IT1,24220000.0,24220000.0,51650000.0,-27430000.0,24.22,51.65,-27.43,823162000.0,3472611000.0,0.029423126917909232,0.0069745790703306535,18,16,2,18
2020,2020/21,IT1,Serie A,410,Udinese Calcio,2020-IT1-410,2020-IT1,22000000.0,22000000.0,29250000.0,-7250000.0,22.0,29.25,-7.25,823162000.0,3472611000.0,0.026726209421717717,0.006335290650176481,17,17,0,20
2020,2020/21,IT1,Serie A,1038,UC Sampdoria,2020-IT1-1038,2020-IT1,12750000.0,12750000.0,7500000.0,5250000.0,12.75,7.5,5.25,823162000.0,3472611000.0,0.015489053187586404,0.003671588899534097,15,14,1,11
2020,2020/21,IT1,Serie A,276,Hellas Verona,2020-IT1-276,2020-IT1,12150000.0,12150000.0,600000.0,11550000.0,12.15,0.6,11.55,823162000.0,3472611000.0,0.014760156566994103,0.003498808245438375,23,22,1,20
2020,2020/21,IT1,Serie A,4171,Benevento Calcio,2020-IT1-4171,2020-IT1,9000000.0,9000000.0,1000000.0,8000000.0,9.0,1.0,8.0,823162000.0,3472611000.0,0.010933449308884522,0.0025917098114358332,7,6,1,4
2020,2020/21,IT1,Serie A,3522,Spezia Calcio,2020-IT1-3522,2020-IT1,3700000.0,3700000.0,1500000.0,2200000.0,3.7,1.5,2.2,823162000.0,3472611000.0,0.004494862493652526,0.0010654807002569537,12,12,0,11
2020,2020/21,IT1,Serie A,1025,Bologna Football Club 1909,2020-IT1-1025,2020-IT1,1972000.0,1972000.0,5000000.0,-3028000.0,1.972,5.0,-3.028,823162000.0,3472611000.0,0.002395640226346697,0.0005678724164612736,10,10,0,12
2020,2020/21,IT1,Serie A,4083,FC Crotone,2020-IT1-4083,2020-IT1,800000.0,800000.0,0.0,800000.0,0.8,0.0,0.8,823162000.0,3472611000.0,0.0009718621607897352,0.00023037420546096295,10,10,0,9
2021,2021/22,L1,Bundesliga,23826,RB Leipzig,2021-L1-23826,2021-L1,126220000.0,126220000.0,111500000.0,14720000.0,126.22,111.5,14.72,498050000.0,3731770000.0,0.25342837064551754,0.033823091991199886,20,18,2,14
2021,2021/22,L1,Bundesliga,82,VfL Wolfsburg,2021-L1-82,2021-L1,76780000.0,76780000.0,20350000.0,56430000.0,76.78,20.35,56.43,498050000.0,3731770000.0,0.15416122879228994,0.02057468707878567,22,17,5,14
2021,2021/22,L1,Bundesliga,27,Bayern Munich,2021-L1-27,2021-L1,57500000.0,57500000.0,0.0,57500000.0,57.5,0.0,57.5,498050000.0,3731770000.0,0.11545025599839373,0.015408237913912165,13,9,4,9
2021,2021/22,L1,Bundesliga,15,Bayer 04 Leverkusen,2021-L1-15,2021-L1,55350000.0,55350000.0,43100000.0,12250000.0,55.35,43.1,12.25,498050000.0,3731770000.0,0.11113342033932336,0.014832103800609363,11,11,0,10
2021,2021/22,L1,Bundesliga,16,Borussia Dortmund,2021-L1-16,2021-L1,45000000.0,45000000.0,109000000.0,-64000000.0,45.0,109.0,-64.0,498050000.0,3731770000.0,0.09035237425961248,0.012058620976105173,5,4,1,8
2021,2021/22,L1,Bundesliga,44,Hertha BSC,2021-L1-44,2021-L1,26900000.0,26900000.0,57000000.0,-30100000.0,26.9,57.0,-30.1,498050000.0,3731770000.0,0.05401064150185724,0.007208375650160648,20,18,2,12
2021,2021/22,L1,Bundesliga,167,FC Augsburg,2021-L1-167,2021-L1,23560000.0,23560000.0,15100000.0,8460000.0,23.56,15.1,8.46,498050000.0,3731770000.0,0.04730448750125489,0.00631335800437862,9,8,1,9
2021,2021/22,L1,Bundesliga,89,1.FC Union Berlin,2021-L1-89,2021-L1,18100000.0,18100000.0,13250000.0,4850000.0,18.1,13.25,4.85,498050000.0,3731770000.0,0.03634173275775524,0.004850245325944525,20,20,0,11
2021,2021/22,L1,Bundesliga,18,Borussia Mönchengladbach,2021-L1-18,2021-L1,17000000.0,17000000.0,11350000.0,5650000.0,17.0,11.35,5.65,498050000.0,3731770000.0,0.034133119164742494,0.0045554790354175095,7,7,0,5
2021,2021/22,L1,Bundesliga,79,VfB Stuttgart,2021-L1-79,2021-L1,16850000.0,16850000.0,43120000.0,-26270000.0,16.85,43.12,-26.27,498050000.0,3731770000.0,0.03383194458387712,0.004515283632163826,15,12,3,11
2021,2021/22,L1,Bundesliga,60,SC Freiburg,2021-L1-60,2021-L1,9500000.0,9500000.0,14500000.0,-5000000.0,9.5,14.5,-5.0,498050000.0,3731770000.0,0.019074390121473748,0.0025457088727333143,8,3,5,7
2021,2021/22,L1,Bundesliga,24,Eintracht Frankfurt,2021-L1-24,2021-L1,9190000.0,9190000.0,28000000.0,-18810000.0,9.19,28.0,-18.81,498050000.0,3731770000.0,0.018451962654351974,0.0024626383726757007,15,14,1,11
2021,2021/22,L1,Bundesliga,10,Arminia Bielefeld,2021-L1-10,2021-L1,8550000.0,8550000.0,350000.0,8200000.0,8.55,0.35,8.2,498050000.0,3731770000.0,0.017166951109326374,0.0022911379854599827,14,14,0,6
2021,2021/22,L1,Bundesliga,39,1.FSV Mainz 05,2021-L1-39,2021-L1,7000000.0,7000000.0,17800000.0,-10800000.0,7.0,17.8,-10.8,498050000.0,3731770000.0,0.014054813773717497,0.0018757854851719157,14,12,2,13
2021,2021/22,L1,Bundesliga,65,SpVgg Greuther Fürth,2021-L1-65,2021-L1,550000.0,550000.0,4500000.0,-3950000.0,0.55,4.5,-3.95,498050000.0,3731770000.0,0.001104306796506375,0.00014738314526350767,11,9,2,8
2021,2021/22,L1,Bundesliga,3,1.FC Köln,2021-L1-3,2021-L1,0.0,0.0,24400000.0,-24400000.0,0.0,24.4,-24.4,498050000.0,3731770000.0,0.0,0.0,12,10,2,12
2021,2021/22,L1,Bundesliga,80,VfL Bochum,2021-L1-80,2021-L1,0.0,0.0,0.0,0.0,0.0,0.0,0.0,498050000.0,3731770000.0,0.0,0.0,9,9,0,5
2021,2021/22,L1,Bundesliga,533,TSG 1899 Hoffenheim,2021-L1-533,2021-L1,0.0,0.0,0.0,0.0,0.0,0.0,0.0,498050000.0,3731770000.0,0.0,0.0,13,10,3,9
2021,2021/22,ES1,La Liga,13,Atlético de Madrid,2021-ES1-13,2021-ES1,75700000.0,75700000.0,17750000.0,57950000.0,75.7,17.75,57.95,368250000.0,3731770000.0,0.20556687033265444,0.020285280175359147,21,19,2,16
2021,2021/22,ES1,La Liga,131,FC Barcelona,2021-ES1-131,2021-ES1,69000000.0,69000000.0,78850000.0,-9850000.0,69.0,78.85,-9.85,368250000.0,3731770000.0,0.18737270875763748,0.0184898854966946,18,13,5,18
2021,2021/22,ES1,La Liga,1050,Villarreal CF,2021-ES1-1050,2021-ES1,54500000.0,54500000.0,10500000.0,44000000.0,54.5,10.5,44.0,368250000.0,3731770000.0,0.14799728445349628,0.014604329848838487,14,12,2,14
2021,2021/22,ES1,La Liga,368,Sevilla FC,2021-ES1-368,2021-ES1,41500000.0,41500000.0,28500000.0,13000000.0,41.5,28.5,13.0,368250000.0,3731770000.0,0.11269517990495587,0.011120728233519214,14,14,0,13
2021,2021/22,ES1,La Liga,418,Real Madrid,2021-ES1-418,2021-ES1,31000000.0,31000000.0,75000000.0,-44000000.0,31.0,75.0,-44.0,368250000.0,3731770000.0,0.08418194161575017,0.008307050005761341,8,7,1,7
2021,2021/22,ES1,La Liga,16795,Granada CF,2021-ES1-16795,2021-ES1,19040000.0,19040000.0,2500000.0,16540000.0,19.04,2.5,16.54,368250000.0,3731770000.0,0.051704005431093006,0.005102136519667611,18,15,3,10
2021,2021/22,ES1,La Liga,1049,Valencia CF,2021-ES1-1049,2021-ES1,15650000.0,15650000.0,2700000.0,12950000.0,15.65,2.7,12.95,368250000.0,3731770000.0,0.042498302783435166,0.004193720406134354,14,12,2,14
2021,2021/22,ES1,La Liga,3709,Getafe CF,2021-ES1-3709,2021-ES1,11160000.0,11160000.0,21000000.0,-9840000.0,11.16,21.0,-9.84,368250000.0,3731770000.0,0.03030549898167006,0.0029905380020740827,21,19,2,16
2021,2021/22,ES1,La Liga,237,RCD Mallorca,2021-ES1-237,2021-ES1,9000000.0,9000000.0,8000000.0,1000000.0,9.0,8.0,1.0,368250000.0,3731770000.0,0.024439918533604887,0.0024117241952210347,16,16,0,13
2021,2021/22,ES1,La Liga,940,Celta de Vigo,2021-ES1-940,2021-ES1,9000000.0,9000000.0,0.0,9000000.0,9.0,0.0,9.0,368250000.0,3731770000.0,0.024439918533604887,0.0024117241952210347,11,9,2,8
2021,2021/22,ES1,La Liga,1531,Elche CF,2021-ES1-1531,2021-ES1,8200000.0,8200000.0,200000.0,8000000.0,8.2,0.2,8.0,368250000.0,3731770000.0,0.022267481330617785,0.002197348711201387,16,14,2,10
2021,2021/22,ES1,La Liga,331,CA Osasuna,2021-ES1-331,2021-ES1,8000000.0,8000000.0,0.0,8000000.0,8.0,0.0,8.0,368250000.0,3731770000.0,0.02172437202987101,0.002143754840196475,8,6,2,5
2021,2021/22,ES1,La Liga,367,Rayo Vallecano,2021-ES1-367,2021-ES1,4300000.0,4300000.0,2200000.0,2100000.0,4.3,2.2,2.1,368250000.0,3731770000.0,0.011676849966055669,0.0011522682266056053,19,17,2,13
2021,2021/22,ES1,La Liga,2687,Cádiz CF,2021-ES1-2687,2021-ES1,4100000.0,4100000.0,0.0,4100000.0,4.1,0.0,4.1,368250000.0,3731770000.0,0.011133740665308893,0.0010986743556006934,15,13,2,7
2021,2021/22,ES1,La Liga,150,Real Betis Balompié,2021-ES1-150,2021-ES1,3250000.0,3250000.0,14000000.0,-10750000.0,3.25,14.0,-10.75,368250000.0,3731770000.0,0.008825526137135099,0.000870900403829818,9,8,1,6
2021,2021/22,ES1,La Liga,714,RCD Espanyol Barcelona,2021-ES1-714,2021-ES1,3200000.0,3200000.0,0.0,3200000.0,3.2,0.0,3.2,368250000.0,3731770000.0,0.008689748811948405,0.0008575019360785901,10,9,1,7
2021,2021/22,ES1,La Liga,1108,Deportivo Alavés,2021-ES1-1108,2021-ES1,1150000.0,1150000.0,0.0,1150000.0,1.15,0.0,1.15,368250000.0,3731770000.0,0.0031228784792939578,0.0003081647582782433,18,17,1,14
2021,2021/22,ES1,La Liga,681,Real Sociedad,2021-ES1-681,2021-ES1,500000.0,500000.0,0.0,500000.0,0.5,0.0,0.5,368250000.0,3731770000.0,0.0013577732518669382,0.0001339846775122797,8,7,1,7
2021,2021/22,ES1,La Liga,621,Athletic Bilbao,2021-ES1-621,2021-ES1,0.0,0.0,0.0,0.0,0.0,0.0,0.0,368250000.0,3731770000.0,0.0,0.0,6,4,2,6
2021,2021/22,ES1,La Liga,3368,Levante UD,2021-ES1-3368,2021-ES1,0.0,0.0,0.0,0.0,0.0,0.0,0.0,368250000.0,3731770000.0,0.0,0.0,4,3,1,4
2021,2021/22,FR1,Ligue 1,583,Paris Saint-Germain,2021-FR1-583,2021-FR1,84000000.0,84000000.0,7000000.0,77000000.0,84.0,7.0,77.0,463730000.0,3731770000.0,0.18113988743449852,0.02250942582206299,22,15,7,11
2021,2021/22,FR1,Ligue 1,273,Stade Rennais FC,2021-FR1-273,2021-FR1,81740000.0,81740000.0,49900000.0,31840000.0,81.74,49.9,31.84,463730000.0,3731770000.0,0.17626636189161796,0.021903815079707484,16,9,7,13
2021,2021/22,FR1,Ligue 1,417,OGC Nice,2021-FR1-417,2021-FR1,63000000.0,63000000.0,18400000.0,44600000.0,63.0,18.4,44.6,463730000.0,3731770000.0,0.1358549155758739,0.01688206936654724,17,16,1,18
2021,2021/22,FR1,Ligue 1,244,Olympique Marseille,2021-FR1-244,2021-FR1,49900000.0,49900000.0,4000000.0,45900000.0,49.9,4.0,45.9,463730000.0,3731770000.0,0.10760571884501757,0.013371670815725514,19,18,1,15
2021,2021/22,FR1,Ligue 1,162,AS Monaco,2021-FR1-162,2021-FR1,46300000.0,46300000.0,34150000.0,12150000.0,46.3,34.15,12.15,463730000.0,3731770000.0,0.09984258081211049,0.0124069811376371,12,12,0,18
2021,2021/22,FR1,Ligue 1,1082,LOSC Lille,2021-FR1-1082,2021-FR1,26570000.0,26570000.0,78700000.0,-52130000.0,26.57,78.7,-52.13,463730000.0,3731770000.0,0.05729627153731697,0.007119945763002543,7,7,0,15
2021,2021/22,FR1,Ligue 1,826,RC Lens,2021-FR1-826,2021-FR1,23100000.0,23100000.0,17000000.0,6100000.0,23.1,17.0,6.1,463730000.0,3731770000.0,0.049813469044487094,0.0061900921010673215,13,12,1,4
2021,2021/22,FR1,Ligue 1,1041,Olympique Lyon,2021-FR1-1041,2021-FR1,21000000.0,21000000.0,95600000.0,-74600000.0,21.0,95.6,-74.6,463730000.0,3731770000.0,0.04528497185862463,0.0056273564555157475,16,11,5,13
2021,2021/22,FR1,Ligue 1,1095,ESTAC Troyes,2021-FR1-1095,2021-FR1,16500000.0,16500000.0,0.0,16500000.0,16.5,0.0,16.5,463730000.0,3731770000.0,0.03558104931749078,0.0044214943579052295,15,14,1,9
2021,2021/22,FR1,Ligue 1,1421,Stade Reims,2021-FR1-1421,2021-FR1,16000000.0,16000000.0,14050000.0,1950000.0,16.0,14.05,1.95,463730000.0,3731770000.0,0.034502835701809245,0.00428750968039295,21,14,7,14
2021,2021/22,FR1,Ligue 1,1158,FC Lorient,2021-FR1-1158,2021-FR1,10500000.0,10500000.0,10000000.0,500000.0,10.5,10.0,0.5,463730000.0,3731770000.0,0.022642485929312315,0.0028136782277578738,15,12,3,8
2021,2021/22,FR1,Ligue 1,995,FC Nantes,2021-FR1-995,2021-FR1,7500000.0,7500000.0,15800000.0,-8300000.0,7.5,15.8,-8.3,463730000.0,3731770000.0,0.016173204235223084,0.0020097701626841952,7,4,3,11
2021,2021/22,FR1,Ligue 1,3911,Stade Brestois 29,2021-FR1-3911,2021-FR1,5250000.0,5250000.0,28200000.0,-22950000.0,5.25,28.2,-22.95,463730000.0,3731770000.0,0.011321242964656157,0.0014068391138789369,9,9,0,7
2021,2021/22,FR1,Ligue 1,667,RC Strasbourg Alsace,2021-FR1-667,2021-FR1,4500000.0,4500000.0,16000000.0,-11500000.0,4.5,16.0,-11.5,463730000.0,3731770000.0,0.00970392254113385,0.0012058620976105174,17,11,6,13
2021,2021/22,FR1,Ligue 1,40,FC Girondins Bordeaux,2021-FR1-40,2021-FR1,4000000.0,4000000.0,16100000.0,-12100000.0,4.0,16.1,-12.1,463730000.0,3731770000.0,0.008625708925452311,0.0010718774200982376,12,12,0,16
2021,2021/22,FR1,Ligue 1,347,FC Metz,2021-FR1-347,2021-FR1,2500000.0,2500000.0,23500000.0,-21000000.0,2.5,23.5,-21.0,463730000.0,3731770000.0,0.005391068078407694,0.0006699233875613984,17,14,3,14
2021,2021/22,FR1,Ligue 1,1420,Angers SCO,2021-FR1-1420,2021-FR1,1370000.0,1370000.0,18100000.0,-16730000.0,1.37,18.1,-16.73,463730000.0,3731770000.0,0.0029543053069674163,0.0003671180163836464,5,4,1,5
2021,2021/22,FR1,Ligue 1,618,AS Saint-Étienne,2021-FR1-618,2021-FR1,0.0,0.0,0.0,0.0,0.0,0.0,0.0,463730000.0,3731770000.0,0.0,0.0,6,5,1,6
2021,2021/22,FR1,Ligue 1,969,Montpellier HSC,2021-FR1-969,2021-FR1,0.0,0.0,25000000.0,-25000000.0,0.0,25.0,-25.0,463730000.0,3731770000.0,0.0,0.0,8,5,3,5
2021,2021/22,FR1,Ligue 1,3524,Clermont Foot 63,2021-FR1-3524,2021-FR1,0.0,0.0,0.0,0.0,0.0,0.0,0.0,463730000.0,3731770000.0,0.0,0.0,10,8,2,6
2021,2021/22,GB1,Premier League,11,Arsenal FC,2021-GB1-11,2021-GB1,167400000.0,167400000.0,29400000.0,138000000.0,167.4,29.4,138.0,1603250000.0,3731770000.0,0.10441291127397474,0.044858070031111245,18,17,1,16
2021,2021/22,GB1,Premier League,985,Manchester United,2021-GB1-985,2021-GB1,142000000.0,142000000.0,29100000.0,112900000.0,142.0,29.1,112.9,1603250000.0,3731770000.0,0.08857009200062373,0.03805164841348743,16,15,1,12
2021,2021/22,GB1,Premier League,281,Manchester City,2021-GB1-281,2021-GB1,138900000.0,138900000.0,93800000.0,45100000.0,138.9,93.8,45.1,1603250000.0,3731770000.0,0.0866365195696242,0.0372209434129113,21,20,1,21
2021,2021/22,GB1,Premier League,762,Newcastle United,2021-GB1-762,2021-GB1,130500000.0,130500000.0,0.0,130500000.0,130.5,0.0,130.5,1603250000.0,3731770000.0,0.08139716201465773,0.034970000830705,10,10,0,7
2021,2021/22,GB1,Premier League,405,Aston Villa,2021-GB1-405,2021-GB1,129800000.0,129800000.0,127000000.0,2800000.0,129.8,127.0,2.8,1603250000.0,3731770000.0,0.08096054888507719,0.03478242228218781,20,16,4,14
2021,2021/22,GB1,Premier League,631,Chelsea FC,2021-GB1-631,2021-GB1,113000000.0,113000000.0,153440000.0,-40440000.0,113.0,153.44,-40.44,1603250000.0,3731770000.0,0.07048183377514423,0.030280537117775213,11,10,1,17
2021,2021/22,GB1,Premier League,31,Liverpool FC,2021-GB1-31,2021-GB1,89000000.0,89000000.0,28550000.0,60450000.0,89.0,28.55,60.45,1603250000.0,3731770000.0,0.05551224076095431,0.023849272597185785,10,9,1,10
2021,2021/22,GB1,Premier League,148,Tottenham Hotspur,2021-GB1-148,2021-GB1,85900000.0,85900000.0,32700000.0,53200000.0,85.9,32.7,53.2,1603250000.0,3731770000.0,0.05357866832995478,0.02301856759660965,14,13,1,17
2021,2021/22,GB1,Premier League,873,Crystal Palace,2021-GB1-873,2021-GB1,85620000.0,85620000.0,0.0,85620000.0,85.62,0.0,85.62,1603250000.0,3731770000.0,0.053404023078122566,0.022943536177202774,10,10,0,8
2021,2021/22,GB1,Premier League,379,West Ham United,2021-GB1-379,2021-GB1,67300000.0,67300000.0,4000000.0,63300000.0,67.3,4.0,63.3,1603250000.0,3731770000.0,0.041977233743957586,0.018034337593152847,8,8,0,8
2021,2021/22,GB1,Premier League,180,Southampton FC,2021-GB1-180,2021-GB1,63400000.0,63400000.0,60350000.0,3050000.0,63.4,60.35,3.05,1603250000.0,3731770000.0,0.039544674879151726,0.016989257108557067,7,7,0,10
2021,2021/22,GB1,Premier League,399,Leeds United,2021-GB1-399,2021-GB1,59300000.0,59300000.0,0.0,59300000.0,59.3,0.0,59.3,1603250000.0,3731770000.0,0.036987369405894276,0.01589058275295637,12,9,3,6
2021,2021/22,GB1,Premier League,1237,Brighton & Hove Albion,2021-GB1-1237,2021-GB1,52580000.0,52580000.0,77500000.0,-24920000.0,52.58,77.5,-24.92,1603250000.0,3731770000.0,0.032795883361921095,0.014089828687191332,18,18,0,19
2021,2021/22,GB1,Premier League,1132,Burnley FC,2021-GB1-1132,2021-GB1,49400000.0,49400000.0,30000000.0,19400000.0,49.4,30.0,19.4,1603250000.0,3731770000.0,0.030812412287540933,0.013237686138213235,6,6,0,4
2021,2021/22,GB1,Premier League,1123,Norwich City,2021-GB1-1123,2021-GB1,48750000.0,48750000.0,38400000.0,10350000.0,48.75,38.4,10.35,1603250000.0,3731770000.0,0.030406985810073287,0.01306350605744727,15,14,1,11
2021,2021/22,GB1,Premier League,29,Everton FC,2021-GB1-29,2021-GB1,39500000.0,39500000.0,39000000.0,500000.0,39.5,39.0,0.5,1603250000.0,3731770000.0,0.024637455169187587,0.010584789523470096,14,13,1,13
2021,2021/22,GB1,Premier League,1003,Leicester City,2021-GB1-1003,2021-GB1,37600000.0,37600000.0,3000000.0,34600000.0,37.6,3.0,34.6,1603250000.0,3731770000.0,0.02345236238889755,0.010075647748923434,7,6,1,6
2021,2021/22,GB1,Premier League,1148,Brentford FC,2021-GB1-1148,2021-GB1,37200000.0,37200000.0,0.0,37200000.0,37.2,0.0,37.2,1603250000.0,3731770000.0,0.023202869171994385,0.009968460006913609,14,12,2,11
2021,2021/22,GB1,Premier League,1010,Watford FC,2021-GB1-1010,2021-GB1,34500000.0,34500000.0,11100000.0,23400000.0,34.5,11.1,23.4,1603250000.0,3731770000.0,0.02151878995789802,0.0092449427483473,22,21,1,18
2021,2021/22,GB1,Premier League,543,Wolverhampton Wanderers,2021-GB1-543,2021-GB1,31600000.0,31600000.0,31800000.0,-200000.0,31.6,31.8,-0.2,1603250000.0,3731770000.0,0.01970996413535007,0.008467831618776078,23,22,1,21
2021,2021/22,IT1,Serie A,506,Juventus FC,2021-IT1-506,2021-IT1,136550000.0,136550000.0,53000000.0,83550000.0,136.55,53.0,83.55,798490000.0,3731770000.0,0.17101028190709966,0.036591215428603587,20,19,1,14
2021,2021/22,IT1,Serie A,12,Associazione Sportiva Roma,2021-IT1-12,2021-IT1,130730000.0,130730000.0,10600000.0,120130000.0,130.73,10.6,120.13,798490000.0,3731770000.0,0.1637215243772621,0.03503163378236065,25,21,4,22
2021,2021/22,IT1,Serie A,5,AC Milan,2021-IT1-5,2021-IT1,90080000.0,90080000.0,3500000.0,86580000.0,90.08,3.5,86.58,798490000.0,3731770000.0,0.11281293441370586,0.024138679500612308,21,20,1,13
2021,2021/22,IT1,Serie A,800,Atalanta BC,2021-IT1-800,2021-IT1,71600000.0,71600000.0,42965000.0,28635000.0,71.6,42.965,28.635,798490000.0,3731770000.0,0.08966925071071648,0.01918660581975845,32,31,1,27
2021,2021/22,IT1,Serie A,430,ACF Fiorentina,2021-IT1-430,2021-IT1,66420000.0,66420000.0,114650000.0,-48230000.0,66.42,114.65,-48.23,798490000.0,3731770000.0,0.0831820060363937,0.017798524560731235,19,18,1,19
2021,2021/22,IT1,Serie A,276,Hellas Verona,2021-IT1-276,2021-IT1,38800000.0,38800000.0,36400000.0,2400000.0,38.8,36.4,2.4,798490000.0,3731770000.0,0.04859171686558379,0.010397210974952904,27,25,2,20
2021,2021/22,IT1,Serie A,46,Inter Milan,2021-IT1-46,2021-IT1,36550000.0,36550000.0,208150000.0,-171600000.0,36.55,208.15,-171.6,798490000.0,3731770000.0,0.045773898232914625,0.009794279926147646,21,20,1,27
2021,2021/22,IT1,Serie A,252,Genoa CFC,2021-IT1-252,2021-IT1,36500000.0,36500000.0,20780000.0,15720000.0,36.5,20.78,15.72,798490000.0,3731770000.0,0.04571128004107754,0.009780881458396418,39,38,1,26
2021,2021/22,IT1,Serie A,1025,Bologna Football Club 1909,2021-IT1-1025,2021-IT1,32305000.0,32305000.0,26500000.0,5805000.0,32.305,26.5,5.805,798490000.0,3731770000.0,0.040457613745945475,0.008656750014068392,13,12,1,11
2021,2021/22,IT1,Serie A,6574,US Sassuolo,2021-IT1-6574,2021-IT1,30000000.0,30000000.0,21900000.0,8100000.0,30.0,21.9,8.1,798490000.0,3731770000.0,0.037570915102255506,0.008039080650736781,22,22,0,20
2021,2021/22,IT1,Serie A,3522,Spezia Calcio,2021-IT1-3522,2021-IT1,22240000.0,22240000.0,5000000.0,17240000.0,22.24,5.0,17.24,798490000.0,3731770000.0,0.02785257172913875,0.005959638455746201,25,23,2,14
2021,2021/22,IT1,Serie A,6195,SSC Napoli,2021-IT1-6195,2021-IT1,22100000.0,22100000.0,2500000.0,19600000.0,22.1,2.5,19.6,798490000.0,3731770000.0,0.027677240791994892,0.0059221227460427624,13,13,0,13
2021,2021/22,IT1,Serie A,607,Venezia FC,2021-IT1-607,2021-IT1,16390000.0,16390000.0,0.0,16390000.0,16.39,0.0,16.39,798490000.0,3731770000.0,0.020526243284198924,0.0043920177288525285,19,19,0,11
2021,2021/22,IT1,Serie A,398,Società Sportiva Lazio S.p.A.,2021-IT1-398,2021-IT1,13300000.0,13300000.0,0.0,13300000.0,13.3,0.0,13.3,798490000.0,3731770000.0,0.01665643902866661,0.00356399242182664,16,15,1,12
2021,2021/22,IT1,Serie A,1390,Cagliari Calcio,2021-IT1-1390,2021-IT1,12825000.0,12825000.0,1700000.0,11125000.0,12.825,1.7,11.125,798490000.0,3731770000.0,0.01606156620621423,0.003436706978189974,19,18,1,12
2021,2021/22,IT1,Serie A,380,US Salernitana 1919,2021-IT1-380,2021-IT1,10600000.0,10600000.0,0.0,10600000.0,10.6,0.0,10.6,798490000.0,3731770000.0,0.013275056669463613,0.0028404751632603296,21,21,0,16
2021,2021/22,IT1,Serie A,416,Torino FC,2021-IT1-416,2021-IT1,10400000.0,10400000.0,16750000.0,-6350000.0,10.4,16.75,-6.35,798490000.0,3731770000.0,0.013024583902115243,0.0027868812922554175,16,15,1,21
2021,2021/22,IT1,Serie A,410,Udinese Calcio,2021-IT1-410,2021-IT1,9400000.0,9400000.0,73300000.0,-63900000.0,9.4,73.3,-63.9,798490000.0,3731770000.0,0.011772220065373392,0.0025189119372308584,17,17,0,17
2021,2021/22,IT1,Serie A,749,FC Empoli,2021-IT1-749,2021-IT1,9200000.0,9200000.0,17600000.0,-8400000.0,9.2,17.6,-8.4,798490000.0,3731770000.0,0.011521747298025022,0.0024653180662259464,23,18,5,18
2021,2021/22,IT1,Serie A,1038,UC Sampdoria,2021-IT1-1038,2021-IT1,2500000.0,2500000.0,7560000.0,-5060000.0,2.5,7.56,-5.06,798490000.0,3731770000.0,0.0031309095918546255,0.0006699233875613984,12,12,0,16
2022,2022/23,L1,Bundesliga,27,Bayern Munich,2022-L1-27,2022-L1,146500000.0,146500000.0,121900000.0,24600000.0,146.5,121.9,24.6,546165000.0,5838962000.0,0.2682339586022539,0.02509007594158003,16,14,2,16
2022,2022/23,L1,Bundesliga,16,Borussia Dortmund,2022-L1-16,2022-L1,99500000.0,99500000.0,81500000.0,18000000.0,99.5,81.5,18.0,546165000.0,5838962000.0,0.18217937802678677,0.017040700042233535,13,11,2,8
2022,2022/23,L1,Bundesliga,23826,RB Leipzig,2022-L1-23826,2022-L1,58000000.0,58000000.0,80620000.0,-22620000.0,58.0,80.62,-22.62,546165000.0,5838962000.0,0.1061950143271722,0.009933272386427588,13,11,2,15
2022,2022/23,L1,Bundesliga,82,VfL Wolfsburg,2022-L1-82,2022-L1,36250000.0,36250000.0,21200000.0,15050000.0,36.25,21.2,15.05,546165000.0,5838962000.0,0.06637188395448262,0.006208295241517242,15,15,0,14
2022,2022/23,L1,Bundesliga,24,Eintracht Frankfurt,2022-L1-24,2022-L1,28500000.0,28500000.0,20590000.0,7910000.0,28.5,20.59,7.91,546165000.0,5838962000.0,0.05218203290214496,0.004881004534710107,21,19,2,16
2022,2022/23,L1,Bundesliga,89,1.FC Union Berlin,2022-L1-89,2022-L1,24150000.0,24150000.0,28950000.0,-4800000.0,24.15,28.95,-4.8,546165000.0,5838962000.0,0.04421740682760704,0.004136009105728039,17,16,1,17
2022,2022/23,L1,Bundesliga,18,Borussia Mönchengladbach,2022-L1-18,2022-L1,24000000.0,24000000.0,23000000.0,1000000.0,24.0,23.0,1.0,546165000.0,5838962000.0,0.0439427645491747,0.004110319608176933,10,8,2,9
2022,2022/23,L1,Bundesliga,39,1.FSV Mainz 05,2022-L1-39,2022-L1,21800000.0,21800000.0,27850000.0,-6050000.0,21.8,27.85,-6.05,546165000.0,5838962000.0,0.03991467779883368,0.003733540310760714,16,13,3,13
2022,2022/23,L1,Bundesliga,533,TSG 1899 Hoffenheim,2022-L1-533,2022-L1,19800000.0,19800000.0,72700000.0,-52900000.0,19.8,72.7,-52.9,546165000.0,5838962000.0,0.036252780753069126,0.0033910136767459696,18,16,2,17
2022,2022/23,L1,Bundesliga,60,SC Freiburg,2022-L1-60,2022-L1,17950000.0,17950000.0,22300000.0,-4350000.0,17.95,22.3,-4.35,546165000.0,5838962000.0,0.03286552598573691,0.003074176540282331,9,8,1,8
2022,2022/23,L1,Bundesliga,79,VfB Stuttgart,2022-L1-79,2022-L1,15350000.0,15350000.0,52600000.0,-37250000.0,15.35,52.6,-37.25,546165000.0,5838962000.0,0.028105059826242985,0.002628891916063163,17,13,4,15
2022,2022/23,L1,Bundesliga,15,Bayer 04 Leverkusen,2022-L1-15,2022-L1,15100000.0,15100000.0,7000000.0,8100000.0,15.1,7.0,8.1,546165000.0,5838962000.0,0.027647322695522416,0.0025860760868113204,9,8,1,8
2022,2022/23,L1,Bundesliga,167,FC Augsburg,2022-L1-167,2022-L1,13250000.0,13250000.0,4950000.0,8300000.0,13.25,4.95,8.3,546165000.0,5838962000.0,0.024260067928190198,0.002269238950347682,21,19,2,13
2022,2022/23,L1,Bundesliga,44,Hertha BSC,2022-L1-44,2022-L1,7350000.0,7350000.0,22350000.0,-15000000.0,7.35,22.35,-15.0,546165000.0,5838962000.0,0.013457471643184752,0.0012587853800041858,15,14,1,23
2022,2022/23,L1,Bundesliga,33,FC Schalke 04,2022-L1-33,2022-L1,7280000.0,7280000.0,25050000.0,-17770000.0,7.28,25.05,-17.77,546165000.0,5838962000.0,0.013329305246582991,0.0012467969478136697,28,27,1,27
2022,2022/23,L1,Bundesliga,3,1.FC Köln,2022-L1-3,2022-L1,6750000.0,6750000.0,8220000.0,-1470000.0,6.75,8.22,-1.47,546165000.0,5838962000.0,0.012358902529455384,0.0011560273897997624,14,12,2,11
2022,2022/23,L1,Bundesliga,86,SV Werder Bremen,2022-L1-86,2022-L1,4000000.0,4000000.0,2950000.0,1050000.0,4.0,2.95,1.05,546165000.0,5838962000.0,0.0073237940915291165,0.0006850532680294888,14,13,1,10
2022,2022/23,L1,Bundesliga,80,VfL Bochum,2022-L1-80,2022-L1,635000.0,635000.0,17000000.0,-16365000.0,0.635,17.0,-16.365,546165000.0,5838962000.0,0.0011626523120302473,0.00010875220629968135,18,16,2,13
2022,2022/23,ES1,La Liga,131,FC Barcelona,2022-ES1-131,2022-ES1,159000000.0,159000000.0,36000000.0,123000000.0,159.0,36.0,123.0,581720000.0,5838962000.0,0.2733273739943615,0.02723086740417218,17,15,2,17
2022,2022/23,ES1,La Liga,418,Real Madrid,2022-ES1-418,2022-ES1,80000000.0,80000000.0,99150000.0,-19150000.0,80.0,99.15,-19.15,581720000.0,5838962000.0,0.1375232070411882,0.013701065360589777,9,6,3,11
2022,2022/23,ES1,La Liga,681,Real Sociedad,2022-ES1-681,2022-ES1,53500000.0,53500000.0,88000000.0,-34500000.0,53.5,88.0,-34.5,581720000.0,5838962000.0,0.09196864470879461,0.009162587459894412,15,9,6,12
2022,2022/23,ES1,La Liga,3302,UD Almería,2022-ES1-3302,2022-ES1,37080000.0,37080000.0,22200000.0,14880000.0,37.08,22.2,14.88,581720000.0,5838962000.0,0.06374200646359073,0.006350443794633362,21,21,0,11
2022,2022/23,ES1,La Liga,368,Sevilla FC,2022-ES1-368,2022-ES1,30400000.0,30400000.0,87000000.0,-56600000.0,30.4,87.0,-56.6,581720000.0,5838962000.0,0.05225881867565152,0.0052064048370241145,27,23,4,25
2022,2022/23,ES1,La Liga,13,Atlético de Madrid,2022-ES1-13,2022-ES1,29500000.0,29500000.0,12050000.0,17450000.0,29.5,12.05,17.45,581720000.0,5838962000.0,0.05071168259643815,0.00505226785171748,23,20,3,22
2022,2022/23,ES1,La Liga,150,Real Betis Balompié,2022-ES1-150,2022-ES1,27400000.0,27400000.0,14750000.0,12650000.0,27.4,14.75,12.65,581720000.0,5838962000.0,0.04710169841160696,0.004692614886001999,10,9,1,9
2022,2022/23,ES1,La Liga,940,Celta de Vigo,2022-ES1-940,2022-ES1,23730000.0,23730000.0,17000000.0,6730000.0,23.73,17.0,6.73,581720000.0,5838962000.0,0.04079282128859245,0.004064078512584942,19,16,3,12
2022,2022/23,ES1,La Liga,12321,Girona FC,2022-ES1-12321,2022-ES1,21500000.0,21500000.0,0.0,21500000.0,21.5,0.0,21.5,581720000.0,5838962000.0,0.036959361892319326,0.003682161315658502,27,22,5,15
2022,2022/23,ES1,La Liga,714,RCD Espanyol Barcelona,2022-ES1-714,2022-ES1,20000000.0,20000000.0,16000000.0,4000000.0,20.0,16.0,4.0,581720000.0,5838962000.0,0.03438080176029705,0.0034252663401474442,21,17,4,15
2022,2022/23,ES1,La Liga,3709,Getafe CF,2022-ES1-3709,2022-ES1,15750000.0,15750000.0,20500000.0,-4750000.0,15.75,20.5,-4.75,581720000.0,5838962000.0,0.027074881386233925,0.002697397242866112,17,15,2,14
2022,2022/23,ES1,La Liga,367,Rayo Vallecano,2022-ES1-367,2022-ES1,14300000.0,14300000.0,0.0,14300000.0,14.3,0.0,14.3,581720000.0,5838962000.0,0.02458227325861239,0.0024490654332054223,12,12,0,9
2022,2022/23,ES1,La Liga,237,RCD Mallorca,2022-ES1-237,2022-ES1,13020000.0,13020000.0,5300000.0,7720000.0,13.02,5.3,7.72,581720000.0,5838962000.0,0.02238190194595338,0.002229848387435986,14,12,2,13
2022,2022/23,ES1,La Liga,1531,Elche CF,2022-ES1-1531,2022-ES1,12960000.0,12960000.0,9400000.0,3560000.0,12.96,9.4,3.56,581720000.0,5838962000.0,0.022278759540672488,0.0022195725884155437,13,12,1,12
2022,2022/23,ES1,La Liga,1049,Valencia CF,2022-ES1-1049,2022-ES1,12000000.0,12000000.0,54600000.0,-42600000.0,12.0,54.6,-42.6,581720000.0,5838962000.0,0.02062848105617823,0.0020551598040884664,13,11,2,12
2022,2022/23,ES1,La Liga,366,Real Valladolid CF,2022-ES1-366,2022-ES1,11800000.0,11800000.0,1000000.0,10800000.0,11.8,1.0,10.8,581720000.0,5838962000.0,0.02028467303857526,0.002020907140686992,16,13,3,11
2022,2022/23,ES1,La Liga,2687,Cádiz CF,2022-ES1-2687,2022-ES1,11500000.0,11500000.0,1000000.0,10500000.0,11.5,1.0,10.5,581720000.0,5838962000.0,0.019768961012170804,0.0019695281455847802,18,16,2,13
2022,2022/23,ES1,La Liga,1050,Villarreal CF,2022-ES1-1050,2022-ES1,6480000.0,6480000.0,27600000.0,-21120000.0,6.48,27.6,-21.12,581720000.0,5838962000.0,0.011139379770336244,0.0011097862942077718,14,12,2,13
2022,2022/23,ES1,La Liga,331,CA Osasuna,2022-ES1-331,2022-ES1,1800000.0,1800000.0,250000.0,1550000.0,1.8,0.25,1.55,581720000.0,5838962000.0,0.0030942721584267343,0.00030827397061326995,10,8,2,8
2022,2022/23,ES1,La Liga,621,Athletic Bilbao,2022-ES1-621,2022-ES1,0.0,0.0,0.0,0.0,0.0,0.0,0.0,581720000.0,5838962000.0,0.0,0.0,12,8,4,9
2022,2022/23,FR1,Ligue 1,583,Paris Saint-Germain,2022-FR1-583,2022-FR1,147000000.0,147000000.0,52300000.0,94700000.0,147.0,52.3,94.7,692490000.0,5838962000.0,0.21227743360914958,0.025175707600083714,22,17,5,26
2022,2022/23,FR1,Ligue 1,244,Olympique Marseille,2022-FR1-244,2022-FR1,119550000.0,119550000.0,36730000.0,82820000.0,119.55,36.73,82.82,692490000.0,5838962000.0,0.17263787202703287,0.020474529548231347,30,29,1,26
2022,2022/23,FR1,Ligue 1,273,Stade Rennais FC,2022-FR1-273,2022-FR1,82500000.0,82500000.0,95000000.0,-12500000.0,82.5,95.0,-12.5,692490000.0,5838962000.0,0.11913529437248191,0.014129223653108206,21,16,5,17
2022,2022/23,FR1,Ligue 1,417,OGC Nice,2022-FR1-417,2022-FR1,80500000.0,80500000.0,49550000.0,30950000.0,80.5,49.55,30.95,692490000.0,5838962000.0,0.11624716602405812,0.013786697019093462,28,23,5,23
2022,2022/23,FR1,Ligue 1,826,RC Lens,2022-FR1-826,2022-FR1,43590000.0,43590000.0,50460000.0,-6870000.0,43.59,50.46,-6.87,692490000.0,5838962000.0,0.0629467573538968,0.007465367988351354,13,11,2,11
2022,2022/23,FR1,Ligue 1,162,AS Monaco,2022-FR1-162,2022-FR1,42500000.0,42500000.0,156200000.0,-113700000.0,42.5,156.2,-113.7,692490000.0,5838962000.0,0.06137272740400583,0.007278690972813319,18,14,4,21
2022,2022/23,FR1,Ligue 1,1041,Olympique Lyon,2022-FR1-1041,2022-FR1,32450000.0,32450000.0,75450000.0,-43000000.0,32.45,75.45,-43.0,692490000.0,5838962000.0,0.04685988245317622,0.005557494636889228,23,21,2,17
2022,2022/23,FR1,Ligue 1,1082,LOSC Lille,2022-FR1-1082,2022-FR1,25500000.0,25500000.0,106270000.0,-80770000.0,25.5,106.27,-80.77,692490000.0,5838962000.0,0.0368236364424035,0.0043672145836879915,15,13,2,10
2022,2022/23,FR1,Ligue 1,1158,FC Lorient,2022-FR1-1158,2022-FR1,23700000.0,23700000.0,36250000.0,-12550000.0,23.7,36.25,-12.55,692490000.0,5838962000.0,0.03422432092882208,0.004058940613074721,25,20,5,21
2022,2022/23,FR1,Ligue 1,1421,Stade Reims,2022-FR1-1421,2022-FR1,19900000.0,19900000.0,27050000.0,-7150000.0,19.9,27.05,-7.15,692490000.0,5838962000.0,0.028736877066816848,0.003408140008446707,27,23,4,25
2022,2022/23,FR1,Ligue 1,1095,ESTAC Troyes,2022-FR1-1095,2022-FR1,18800000.0,18800000.0,10000000.0,8800000.0,18.8,10.0,8.8,692490000.0,5838962000.0,0.027148406475183757,0.0032197503597385974,20,17,3,15
2022,2022/23,FR1,Ligue 1,415,FC Toulouse,2022-FR1-415,2022-FR1,14400000.0,14400000.0,11000000.0,3400000.0,14.4,11.0,3.4,692490000.0,5838962000.0,0.020794524108651388,0.0024661917649061596,17,15,2,11
2022,2022/23,FR1,Ligue 1,995,FC Nantes,2022-FR1-995,2022-FR1,12200000.0,12200000.0,0.0,12200000.0,12.2,0.0,12.2,692490000.0,5838962000.0,0.017617582925385206,0.002089412467489941,12,11,1,8
2022,2022/23,FR1,Ligue 1,969,Montpellier HSC,2022-FR1-969,2022-FR1,9000000.0,9000000.0,10000000.0,-1000000.0,9.0,10.0,-1.0,692490000.0,5838962000.0,0.012996577567907118,0.0015413698530663499,14,12,2,10
2022,2022/23,FR1,Ligue 1,667,RC Strasbourg Alsace,2022-FR1-667,2022-FR1,7000000.0,7000000.0,9900000.0,-2900000.0,7.0,9.9,-2.9,692490000.0,5838962000.0,0.010108449219483314,0.0011988432190516054,18,14,4,12
2022,2022/23,FR1,Ligue 1,3911,Stade Brestois 29,2022-FR1-3911,2022-FR1,5350000.0,5350000.0,2100000.0,3250000.0,5.35,2.1,3.25,692490000.0,5838962000.0,0.007725743332033676,0.0009162587459894413,18,16,2,14
2022,2022/23,FR1,Ligue 1,1420,Angers SCO,2022-FR1-1420,2022-FR1,4000000.0,4000000.0,39000000.0,-35000000.0,4.0,39.0,-35.0,692490000.0,5838962000.0,0.005776256696847608,0.0006850532680294888,13,8,5,10
2022,2022/23,FR1,Ligue 1,3524,Clermont Foot 63,2022-FR1-3524,2022-FR1,2300000.0,2300000.0,19000000.0,-16700000.0,2.3,19.0,-16.7,692490000.0,5838962000.0,0.0033213476006873745,0.00039390562911695607,13,9,4,9
2022,2022/23,FR1,Ligue 1,290,AJ Auxerre,2022-FR1-290,2022-FR1,2250000.0,2250000.0,0.0,2250000.0,2.25,0.0,2.25,692490000.0,5838962000.0,0.0032491443919767794,0.00038534246326658747,18,15,3,11
2022,2022/23,FR1,Ligue 1,1147,AC Ajaccio,2022-FR1-1147,2022-FR1,0.0,0.0,0.0,0.0,0.0,0.0,0.0,692490000.0,5838962000.0,0.0,0.0,3,1,2,5
2022,2022/23,GB1,Premier League,631,Chelsea FC,2022-GB1-631,2022-GB1,616250000.0,616250000.0,59000000.0,557250000.0,616.25,59.0,557.25,3131747000.0,5838962000.0,0.19677515457027658,0.10554101910579312,31,28,3,23
2022,2022/23,GB1,Premier League,985,Manchester United,2022-GB1-985,2022-GB1,238020000.0,238020000.0,21650000.0,216370000.0,238.02,21.65,216.37,3131747000.0,5838962000.0,0.07600230797698537,0.04076409471409473,23,17,6,21
2022,2022/23,GB1,Premier League,379,West Ham United,2022-GB1-379,2022-GB1,196600000.0,196600000.0,21550000.0,175050000.0,196.6,21.55,175.05,3131747000.0,5838962000.0,0.06277646310509757,0.033670368123649375,14,12,2,9
2022,2022/23,GB1,Premier League,762,Newcastle United,2022-GB1-762,2022-GB1,189100000.0,189100000.0,6500000.0,182600000.0,189.1,6.5,182.6,3131747000.0,5838962000.0,0.06038163363771084,0.03238589324609408,15,12,3,10
2022,2022/23,GB1,Premier League,703,Nottingham Forest,2022-GB1-703,2022-GB1,188850000.0,188850000.0,5000000.0,183850000.0,188.85,5.0,183.85,3131747000.0,5838962000.0,0.060301805988797946,0.03234307741684224,42,41,1,23
2022,2022/23,GB1,Premier League,11,Arsenal FC,2022-GB1-11,2022-GB1,186400000.0,186400000.0,23800000.0,162600000.0,186.4,23.8,162.6,3131747000.0,5838962000.0,0.05951949502945161,0.03192348229017418,23,21,2,18
2022,2022/23,GB1,Premier League,543,Wolverhampton Wanderers,2022-GB1-543,2022-GB1,177507000.0,177507000.0,64870000.0,112637000.0,177.507,64.87,112.637,3131747000.0,5838962000.0,0.05667986590232225,0.03040043761202762,30,27,3,26
2022,2022/23,GB1,Premier League,148,Tottenham Hotspur,2022-GB1-148,2022-GB1,173700000.0,173700000.0,38250000.0,135450000.0,173.7,38.25,135.45,3131747000.0,5838962000.0,0.05546425046467674,0.02974843816418055,19,19,0,16
2022,2022/23,GB1,Premier League,399,Leeds United,2022-GB1-399,2022-GB1,156840000.0,156840000.0,109200000.0,47640000.0,156.84,109.2,47.64,3131747000.0,5838962000.0,0.05008067382199137,0.026860938639436255,15,15,0,13
2022,2022/23,GB1,Premier League,281,Manchester City,2022-GB1-281,2022-GB1,155000000.0,155000000.0,160170000.0,-5170000.0,155.0,160.17,-5.17,3131747000.0,5838962000.0,0.04949314232599249,0.026545814136142692,18,16,2,20
2022,2022/23,GB1,Premier League,180,Southampton FC,2022-GB1-180,2022-GB1,154210000.0,154210000.0,5500000.0,148710000.0,154.21,5.5,148.71,3131747000.0,5838962000.0,0.049240886955427755,0.026410516115706866,22,22,0,12
2022,2022/23,GB1,Premier League,31,Liverpool FC,2022-GB1-31,2022-GB1,136400000.0,136400000.0,80100000.0,56300000.0,136.4,80.1,56.3,3131747000.0,5838962000.0,0.04355396524687339,0.02336031643980557,10,8,2,13
2022,2022/23,GB1,Premier League,405,Aston Villa,2022-GB1-405,2022-GB1,112500000.0,112500000.0,54000000.0,58500000.0,112.5,54.0,58.5,3131747000.0,5838962000.0,0.035922442010801,0.01926712316332937,19,18,1,17
2022,2022/23,GB1,Premier League,989,AFC Bournemouth,2022-GB1-989,2022-GB1,92650000.0,92650000.0,0.0,92650000.0,92.65,0.0,92.65,3131747000.0,5838962000.0,0.029584126687117445,0.015867546320733034,18,18,0,10
2022,2022/23,GB1,Premier League,29,Everton FC,2022-GB1-29,2022-GB1,83070000.0,83070000.0,103600000.0,-20530000.0,83.07,103.6,-20.53,3131747000.0,5838962000.0,0.026525131180775458,0.014226843743802408,20,18,2,19
2022,2022/23,GB1,Premier League,931,Fulham FC,2022-GB1-931,2022-GB1,76100000.0,76100000.0,25400000.0,50700000.0,76.1,25.4,50.7,3131747000.0,5838962000.0,0.024299536329084055,0.013033138424261025,17,17,0,11
2022,2022/23,GB1,Premier League,1237,Brighton & Hove Albion,2022-GB1-1237,2022-GB1,55700000.0,55700000.0,135800000.0,-80100000.0,55.7,135.8,-80.1,3131747000.0,5838962000.0,0.01778560017779214,0.009539366757310631,14,12,2,13
2022,2022/23,GB1,Premier League,1148,Brentford FC,2022-GB1-1148,2022-GB1,48250000.0,48250000.0,0.0,48250000.0,48.25,0.0,48.25,3131747000.0,5838962000.0,0.015406736240187985,0.008263455045605708,21,18,3,16
2022,2022/23,GB1,Premier League,1003,Leicester City,2022-GB1-1003,2022-GB1,48000000.0,48000000.0,81400000.0,-33400000.0,48.0,81.4,-33.4,3131747000.0,5838962000.0,0.015326908591275093,0.008220639216353865,8,8,0,7
2022,2022/23,GB1,Premier League,873,Crystal Palace,2022-GB1-873,2022-GB1,46600000.0,46600000.0,0.0,46600000.0,46.6,0.0,46.6,3131747000.0,5838962000.0,0.014879873757362903,0.007980870572543545,13,12,1,8
2022,2022/23,IT1,Serie A,506,Juventus FC,2022-IT1-506,2022-IT1,126100000.0,126100000.0,96200000.0,29900000.0,126.1,96.2,29.9,886840000.0,5838962000.0,0.14219024852284515,0.021596304274629635,27,23,4,21
2022,2022/23,IT1,Serie A,800,Atalanta BC,2022-IT1-800,2022-IT1,112900000.0,112900000.0,128300000.0,-15400000.0,112.9,128.3,-15.4,886840000.0,5838962000.0,0.1273059401921429,0.01933562849013232,30,26,4,32
2022,2022/23,IT1,Serie A,410,Udinese Calcio,2022-IT1-410,2022-IT1,71460000.0,71460000.0,61900000.0,9560000.0,71.46,61.9,9.56,886840000.0,5838962000.0,0.08057823282666546,0.012238476633346818,21,18,3,15
2022,2022/23,IT1,Serie A,6195,SSC Napoli,2022-IT1-6195,2022-IT1,70300000.0,70300000.0,76600000.0,-6300000.0,70.3,76.6,-6.3,886840000.0,5838962000.0,0.0792702178521492,0.012039811185618267,22,20,2,20
2022,2022/23,IT1,Serie A,5,AC Milan,2022-IT1-5,2022-IT1,59960000.0,59960000.0,10200000.0,49760000.0,59.96,10.2,49.76,886840000.0,5838962000.0,0.0676108429930991,0.010268948487762037,15,14,1,16
2022,2022/23,IT1,Serie A,46,Inter Milan,2022-IT1-46,2022-IT1,54700000.0,54700000.0,23860000.0,30840000.0,54.7,23.86,30.84,886840000.0,5838962000.0,0.06167967164313743,0.00936810344030326,38,32,6,31
2022,2022/23,IT1,Serie A,6574,US Sassuolo,2022-IT1-6574,2022-IT1,48780000.0,48780000.0,73340000.0,-24560000.0,48.78,73.34,-24.56,886840000.0,5838962000.0,0.055004284876640656,0.008354224603619616,26,24,2,24
2022,2022/23,IT1,Serie A,1025,Bologna Football Club 1909,2022-IT1-1025,2022-IT1,48200000.0,48200000.0,42750000.0,5450000.0,48.2,42.75,5.45,886840000.0,5838962000.0,0.05435027738938253,0.00825489187975534,24,20,4,17
2022,2022/23,IT1,Serie A,276,Hellas Verona,2022-IT1-276,2022-IT1,45710000.0,45710000.0,28310000.0,17400000.0,45.71,28.31,17.4,886840000.0,5838962000.0,0.05154255559063642,0.007828446220406984,40,38,2,33
2022,2022/23,IT1,Serie A,380,US Salernitana 1919,2022-IT1-380,2022-IT1,41790000.0,41790000.0,22900000.0,18890000.0,41.79,22.9,18.89,886840000.0,5838962000.0,0.04712236705606423,0.007157094017738085,31,29,2,18
2022,2022/23,IT1,Serie A,398,Società Sportiva Lazio S.p.A.,2022-IT1-398,2022-IT1,41650000.0,41650000.0,41520000.0,130000.0,41.65,41.52,0.13,886840000.0,5838962000.0,0.04696450317982951,0.007133117153357052,21,20,1,20
2022,2022/23,IT1,Serie A,430,ACF Fiorentina,2022-IT1-430,2022-IT1,35660000.0,35660000.0,55480000.0,-19820000.0,35.66,55.48,-19.82,886840000.0,5838962000.0,0.04021018447521537,0.006107249884482893,18,17,1,16
2022,2022/23,IT1,Serie A,2919,AC Monza,2022-IT1-2919,2022-IT1,34020000.0,34020000.0,0.0,34020000.0,34.02,0.0,34.02,886840000.0,5838962000.0,0.03836092192503721,0.0058263780445908025,25,25,0,16
2022,2022/23,IT1,Serie A,416,Torino FC,2022-IT1-416,2022-IT1,31300000.0,31300000.0,61100000.0,-29800000.0,31.3,61.1,-29.8,886840000.0,5838962000.0,0.035293852329619776,0.00536054182233075,22,20,2,18
2022,2022/23,IT1,Serie A,2239,US Cremonese,2022-IT1-2239,2022-IT1,19900000.0,19900000.0,0.0,19900000.0,19.9,0.0,19.9,886840000.0,5838962000.0,0.02243922240764963,0.003408140008446707,15,15,0,10
2022,2022/23,IT1,Serie A,749,FC Empoli,2022-IT1-749,2022-IT1,13350000.0,13350000.0,27200000.0,-13850000.0,13.35,27.2,-13.85,886840000.0,5838962000.0,0.015053448198096613,0.0022863652820484187,31,28,3,24
2022,2022/23,IT1,Serie A,3522,Spezia Calcio,2022-IT1-3522,2022-IT1,13330000.0,13330000.0,32930000.0,-19600000.0,13.33,32.93,-19.6,886840000.0,5838962000.0,0.015030896215777367,0.0022829400157082713,21,20,1,20
2022,2022/23,IT1,Serie A,12,Associazione Sportiva Roma,2022-IT1-12,2022-IT1,7400000.0,7400000.0,69430000.0,-62030000.0,7.4,69.43,-62.03,886840000.0,5838962000.0,0.00834423345812097,0.0012673485458545542,19,17,2,20
2022,2022/23,IT1,Serie A,1005,US Lecce,2022-IT1-1005,2022-IT1,5330000.0,5330000.0,1800000.0,3530000.0,5.33,1.8,3.53,886840000.0,5838962000.0,0.006010103288079022,0.0009128334796492939,30,24,6,19
2022,2022/23,IT1,Serie A,1038,UC Sampdoria,2022-IT1-1038,2022-IT1,5000000.0,5000000.0,32800000.0,-27800000.0,5.0,32.8,-27.8,886840000.0,5838962000.0,0.005637995579811465,0.0008563165850368611,26,24,2,25
2023,2023/24,L1,Bundesliga,23826,RB Leipzig,2023-L1-23826,2023-L1,187150000.0,187150000.0,241500000.0,-54350000.0,187.15,241.5,-54.35,853130000.0,6531720000.0,0.21936867769273147,0.02865248357247402,18,18,0,19
2023,2023/24,L1,Bundesliga,27,Bayern Munich,2023-L1-27,2023-L1,180000000.0,180000000.0,173920000.0,6080000.0,180.0,173.92,6.08,853130000.0,6531720000.0,0.21098777443062605,0.027557825503848908,17,14,3,17
2023,2023/24,L1,Bundesliga,24,Eintracht Frankfurt,2023-L1-24,2023-L1,83300000.0,83300000.0,149500000.0,-66200000.0,83.3,149.5,-66.2,853130000.0,6531720000.0,0.09764045338928416,0.012753149247058967,35,31,4,25
2023,2023/24,L1,Bundesliga,15,Bayer 04 Leverkusen,2023-L1-15,2023-L1,82900000.0,82900000.0,68500000.0,14400000.0,82.9,68.5,14.4,853130000.0,6531720000.0,0.09717159166832721,0.012691909634828193,13,12,1,13
2023,2023/24,L1,Bundesliga,82,VfL Wolfsburg,2023-L1-82,2023-L1,74800000.0,74800000.0,72100000.0,2700000.0,74.8,72.1,2.7,853130000.0,6531720000.0,0.08767714181894905,0.011451807487154991,20,18,2,18
2023,2023/24,L1,Bundesliga,16,Borussia Dortmund,2023-L1-16,2023-L1,66250000.0,66250000.0,136000000.0,-69750000.0,66.25,136.0,-69.75,853130000.0,6531720000.0,0.07765522253349431,0.010142810775722167,10,9,1,12
2023,2023/24,L1,Bundesliga,533,TSG 1899 Hoffenheim,2023-L1-533,2023-L1,43300000.0,43300000.0,36000000.0,7300000.0,43.3,36.0,7.3,853130000.0,6531720000.0,0.05075428129358949,0.0066291880239814326,17,14,3,14
2023,2023/24,L1,Bundesliga,89,1.FC Union Berlin,2023-L1-89,2023-L1,38250000.0,38250000.0,6150000.0,32100000.0,38.25,6.15,32.1,853130000.0,6531720000.0,0.04483490206650804,0.005856037919567893,26,22,4,21
2023,2023/24,L1,Bundesliga,18,Borussia Mönchengladbach,2023-L1-18,2023-L1,28780000.0,28780000.0,25000000.0,3780000.0,28.78,25.0,3.78,853130000.0,6531720000.0,0.03373460082285232,0.004406190100004287,11,10,1,9
2023,2023/24,L1,Bundesliga,79,VfB Stuttgart,2023-L1-79,2023-L1,20450000.0,20450000.0,49700000.0,-29250000.0,20.45,49.7,-29.25,853130000.0,6531720000.0,0.023970555483923905,0.00313087517529839,21,20,1,21
2023,2023/24,L1,Bundesliga,39,1.FSV Mainz 05,2023-L1-39,2023-L1,10000000.0,10000000.0,24550000.0,-14550000.0,10.0,24.55,-14.55,853130000.0,6531720000.0,0.01172154302392367,0.0015309903057693839,12,9,3,14
2023,2023/24,L1,Bundesliga,167,FC Augsburg,2023-L1-167,2023-L1,9650000.0,9650000.0,28100000.0,-18450000.0,9.65,28.1,-18.45,853130000.0,6531720000.0,0.01131128901808634,0.0014774056450674554,20,18,2,19
2023,2023/24,L1,Bundesliga,86,SV Werder Bremen,2023-L1-86,2023-L1,8750000.0,8750000.0,29300000.0,-20550000.0,8.75,29.3,-20.55,853130000.0,6531720000.0,0.01025635014593321,0.001339616517548211,15,14,1,15
2023,2023/24,L1,Bundesliga,60,SC Freiburg,2023-L1-60,2023-L1,8500000.0,8500000.0,42100000.0,-33600000.0,8.5,42.1,-33.6,853130000.0,6531720000.0,0.009963311570335118,0.0013013417599039762,9,7,2,7
2023,2023/24,L1,Bundesliga,105,SV Darmstadt 98,2023-L1-105,2023-L1,3800000.0,3800000.0,2250000.0,1550000.0,3.8,2.25,1.55,853130000.0,6531720000.0,0.0044541863490909946,0.0005817763161923659,12,12,0,12
2023,2023/24,L1,Bundesliga,3,1.FC Köln,2023-L1-3,2023-L1,2500000.0,2500000.0,3100000.0,-600000.0,2.5,3.1,-0.6,853130000.0,6531720000.0,0.0029303857559809174,0.00038274757644234596,16,11,5,13
2023,2023/24,L1,Bundesliga,80,VfL Bochum,2023-L1-80,2023-L1,2450000.0,2450000.0,0.0,2450000.0,2.45,0.0,2.45,853130000.0,6531720000.0,0.002871778040861299,0.00037509262491349903,18,15,3,13
2023,2023/24,L1,Bundesliga,2036,1. Fußballclub Heidenheim 1846,2023-L1-2036,2023-L1,2300000.0,2300000.0,0.0,2300000.0,2.3,0.0,2.3,853130000.0,6531720000.0,0.002695954895502444,0.0003521277703269583,9,6,3,2
2023,2023/24,ES1,La Liga,418,Real Madrid,2023-ES1-418,2023-ES1,160000000.0,160000000.0,7000000.0,153000000.0,160.0,7.0,153.0,569540000.0,6531720000.0,0.2809284685886856,0.02449584489231014,10,9,1,10
2023,2023/24,ES1,La Liga,13,Atlético de Madrid,2023-ES1-13,2023-ES1,56500000.0,56500000.0,101100000.0,-44600000.0,56.5,101.1,-44.6,569540000.0,6531720000.0,0.09920286547037961,0.00865009522759702,22,20,2,19
2023,2023/24,ES1,La Liga,3302,UD Almería,2023-ES1-3302,2023-ES1,54250000.0,54250000.0,49800000.0,4450000.0,54.25,49.8,4.45,569540000.0,6531720000.0,0.09525230888085122,0.008305622408798908,23,21,2,22
2023,2023/24,ES1,La Liga,131,FC Barcelona,2023-ES1-131,2023-ES1,33400000.0,33400000.0,131200000.0,-97800000.0,33.4,131.2,-97.8,569540000.0,6531720000.0,0.05864381781788812,0.005113507621269742,21,14,7,17
2023,2023/24,ES1,La Liga,150,Real Betis Balompié,2023-ES1-150,2023-ES1,33200000.0,33200000.0,68500000.0,-35300000.0,33.2,68.5,-35.3,569540000.0,6531720000.0,0.05829265723215226,0.005082887815154354,21,17,4,17
2023,2023/24,ES1,La Liga,368,Sevilla FC,2023-ES1-368,2023-ES1,32000000.0,32000000.0,24600000.0,7400000.0,32.0,24.6,7.4,569540000.0,6531720000.0,0.05618569371773712,0.004899168978462028,18,17,1,18
2023,2023/24,ES1,La Liga,940,Celta de Vigo,2023-ES1-940,2023-ES1,31200000.0,31200000.0,46200000.0,-15000000.0,31.2,46.2,-15.0,569540000.0,6531720000.0,0.05478105137479369,0.004776689754000477,16,15,1,14
2023,2023/24,ES1,La Liga,237,RCD Mallorca,2023-ES1-237,2023-ES1,24300000.0,24300000.0,22000000.0,2300000.0,24.3,22.0,2.3,569540000.0,6531720000.0,0.042666011166906624,0.003720306443019603,16,15,1,10
2023,2023/24,ES1,La Liga,367,Rayo Vallecano,2023-ES1-367,2023-ES1,22300000.0,22300000.0,5700000.0,16600000.0,22.3,5.7,16.6,569540000.0,6531720000.0,0.03915440530954806,0.003414108381865726,12,12,0,10
2023,2023/24,ES1,La Liga,12321,Girona FC,2023-ES1-12321,2023-ES1,22250000.0,22250000.0,17900000.0,4350000.0,22.25,17.9,4.35,569540000.0,6531720000.0,0.03906661516311409,0.0034064534303368792,18,18,0,16
2023,2023/24,ES1,La Liga,16795,Granada CF,2023-ES1-16795,2023-ES1,19190000.0,19190000.0,6450000.0,12740000.0,19.19,6.45,12.74,569540000.0,6531720000.0,0.03369385820135548,0.0029379703967714475,26,25,1,19
2023,2023/24,ES1,La Liga,681,Real Sociedad,2023-ES1-681,2023-ES1,19000000.0,19000000.0,17800000.0,1200000.0,19.0,17.8,1.2,569540000.0,6531720000.0,0.03336025564490642,0.0029088815809618293,16,13,3,14
2023,2023/24,ES1,La Liga,1050,Villarreal CF,2023-ES1-1050,2023-ES1,12500000.0,12500000.0,110000000.0,-97500000.0,12.5,110.0,-97.5,569540000.0,6531720000.0,0.021947536608491063,0.0019137378822117299,16,15,1,14
2023,2023/24,ES1,La Liga,3709,Getafe CF,2023-ES1-3709,2023-ES1,11000000.0,11000000.0,4540000.0,6460000.0,11.0,4.54,6.46,569540000.0,6531720000.0,0.019313832215472136,0.0016840893363463223,18,17,1,22
2023,2023/24,ES1,La Liga,1108,Deportivo Alavés,2023-ES1-1108,2023-ES1,10400000.0,10400000.0,2500000.0,7900000.0,10.4,2.5,7.9,569540000.0,6531720000.0,0.018260350458264563,0.0015922299180001593,17,16,1,13
2023,2023/24,ES1,La Liga,1049,Valencia CF,2023-ES1-1049,2023-ES1,10250000.0,10250000.0,28500000.0,-18250000.0,10.25,28.5,-18.25,569540000.0,6531720000.0,0.01799698001896267,0.0015692650634136186,16,10,6,15
2023,2023/24,ES1,La Liga,331,CA Osasuna,2023-ES1-331,2023-ES1,7000000.0,7000000.0,4900000.0,2100000.0,7.0,4.9,2.1,569540000.0,6531720000.0,0.012290620500754995,0.0010716932140385686,10,7,3,8
2023,2023/24,ES1,La Liga,2687,Cádiz CF,2023-ES1-2687,2023-ES1,6000000.0,6000000.0,10000000.0,-4000000.0,6.0,10.0,-4.0,569540000.0,6531720000.0,0.01053481757207571,0.0009185941834616303,15,15,0,19
2023,2023/24,ES1,La Liga,472,UD Las Palmas,2023-ES1-472,2023-ES1,4800000.0,4800000.0,0.0,4800000.0,4.8,0.0,4.8,569540000.0,6531720000.0,0.008427854057660568,0.0007348753467693042,12,11,1,9
2023,2023/24,ES1,La Liga,621,Athletic Bilbao,2023-ES1-621,2023-ES1,0.0,0.0,0.0,0.0,0.0,0.0,0.0,569540000.0,6531720000.0,0.0,0.0,9,7,2,7
2023,2023/24,FR1,Ligue 1,583,Paris Saint-Germain,2023-FR1-583,2023-FR1,454500000.0,454500000.0,137150000.0,317350000.0,454.5,137.15,317.35,1154680000.0,6531720000.0,0.3936155471645824,0.0695835093972185,30,27,3,22
2023,2023/24,FR1,Ligue 1,244,Olympique Marseille,2023-FR1-244,2023-FR1,99600000.0,99600000.0,72100000.0,27500000.0,99.6,72.1,27.5,1154680000.0,6531720000.0,0.08625766446114941,0.015248663445463063,26,23,3,21
2023,2023/24,FR1,Ligue 1,273,Stade Rennais FC,2023-FR1-273,2023-FR1,84400000.0,84400000.0,146500000.0,-62100000.0,84.4,146.5,-62.1,1154680000.0,6531720000.0,0.07309384418193786,0.0129215581806936,18,13,5,20
2023,2023/24,FR1,Ligue 1,162,AS Monaco,2023-FR1-162,2023-FR1,84100000.0,84100000.0,62000000.0,22100000.0,84.1,62.0,22.1,1154680000.0,6531720000.0,0.07283403193958499,0.012875628471520519,14,11,3,14
2023,2023/24,FR1,Ligue 1,826,RC Lens,2023-FR1-826,2023-FR1,64250000.0,64250000.0,69040000.0,-4790000.0,64.25,69.04,-4.79,1154680000.0,6531720000.0,0.055643121903904115,0.009836612714568291,16,15,1,12
2023,2023/24,FR1,Ligue 1,667,RC Strasbourg Alsace,2023-FR1-667,2023-FR1,60700000.0,60700000.0,43000000.0,17700000.0,60.7,43.0,17.7,1154680000.0,6531720000.0,0.05256867703606194,0.00929311115602016,15,13,2,13
2023,2023/24,FR1,Ligue 1,1041,Olympique Lyon,2023-FR1-1041,2023-FR1,59180000.0,59180000.0,104710000.0,-45530000.0,59.18,104.71,-45.53,1154680000.0,6531720000.0,0.05125229500814078,0.009060400629543214,27,23,4,28
2023,2023/24,FR1,Ligue 1,1421,Stade Reims,2023-FR1-1421,2023-FR1,53850000.0,53850000.0,74550000.0,-20700000.0,53.85,74.55,-20.7,1154680000.0,6531720000.0,0.04663629750233831,0.008244382796568132,21,17,4,25
2023,2023/24,FR1,Ligue 1,417,OGC Nice,2023-FR1-417,2023-FR1,52500000.0,52500000.0,17350000.0,35150000.0,52.5,17.35,35.15,1154680000.0,6531720000.0,0.04546714241175044,0.008037699105289266,19,17,2,22
2023,2023/24,FR1,Ligue 1,1082,LOSC Lille,2023-FR1-1082,2023-FR1,39450000.0,39450000.0,44600000.0,-5150000.0,39.45,44.6,-5.15,1154680000.0,6531720000.0,0.03416530986940105,0.00603975675626022,16,14,2,11
2023,2023/24,FR1,Ligue 1,1158,FC Lorient,2023-FR1-1158,2023-FR1,27900000.0,27900000.0,58200000.0,-30300000.0,27.9,58.2,-30.3,1154680000.0,6531720000.0,0.024162538538815947,0.004271462953096581,25,24,1,21
2023,2023/24,FR1,Ligue 1,995,FC Nantes,2023-FR1-995,2023-FR1,27550000.0,27550000.0,37800000.0,-10250000.0,27.55,37.8,-10.25,1154680000.0,6531720000.0,0.023859424256070946,0.004217878292394652,23,19,4,18
2023,2023/24,FR1,Ligue 1,415,FC Toulouse,2023-FR1-415,2023-FR1,18250000.0,18250000.0,10700000.0,7550000.0,18.25,10.7,7.55,1154680000.0,6531720000.0,0.015805244743132295,0.0027940573080291256,22,18,4,16
2023,2023/24,FR1,Ligue 1,969,Montpellier HSC,2023-FR1-969,2023-FR1,9150000.0,9150000.0,37750000.0,-28600000.0,9.15,37.75,-28.6,1154680000.0,6531720000.0,0.00792427339176222,0.0014008561297789862,12,10,2,11
2023,2023/24,FR1,Ligue 1,3524,Clermont Foot 63,2023-FR1-3524,2023-FR1,6600000.0,6600000.0,16300000.0,-9700000.0,6.6,16.3,-9.7,1154680000.0,6531720000.0,0.0057158693317629124,0.0010104536018077934,12,10,2,8
2023,2023/24,FR1,Ligue 1,347,FC Metz,2023-FR1-347,2023-FR1,6300000.0,6300000.0,29500000.0,-23200000.0,6.3,29.5,-23.2,1154680000.0,6531720000.0,0.005456057089410053,0.0009645238926347118,22,15,7,15
2023,2023/24,FR1,Ligue 1,3911,Stade Brestois 29,2023-FR1-3911,2023-FR1,3500000.0,3500000.0,8600000.0,-5100000.0,3.5,8.6,-5.1,1154680000.0,6531720000.0,0.0030311428274500296,0.0005358466070192843,16,14,2,16
2023,2023/24,FR1,Ligue 1,738,Le Havre AC,2023-FR1-738,2023-FR1,2900000.0,2900000.0,0.0,2900000.0,2.9,0.0,2.9,1154680000.0,6531720000.0,0.0025115183427443103,0.0004439871886731213,16,13,3,12
2023,2023/24,GB1,Premier League,631,Chelsea FC,2023-GB1-631,2023-GB1,464100000.0,464100000.0,264600000.0,199500000.0,464.1,264.6,199.5,2909390000.0,6531720000.0,0.15951797455824074,0.0710532600907571,32,27,5,30
2023,2023/24,GB1,Premier League,148,Tottenham Hotspur,2023-GB1-148,2023-GB1,275100000.0,275100000.0,116100000.0,159000000.0,275.1,116.1,159.0,2909390000.0,6531720000.0,0.09455590347117437,0.04211754331171575,25,24,1,18
2023,2023/24,GB1,Premier League,281,Manchester City,2023-GB1-281,2023-GB1,259600000.0,259600000.0,131800000.0,127800000.0,259.6,131.8,127.8,2909390000.0,6531720000.0,0.08922832621271126,0.0397445083377732,20,16,4,21
2023,2023/24,GB1,Premier League,11,Arsenal FC,2023-GB1-11,2023-GB1,231600000.0,231600000.0,66350000.0,165250000.0,231.6,66.35,165.25,2909390000.0,6531720000.0,0.07960431568129402,0.03545773548161893,10,10,0,17
2023,2023/24,GB1,Premier League,985,Manchester United,2023-GB1-985,2023-GB1,202700000.0,202700000.0,60770000.0,141930000.0,202.7,60.77,141.93,2909390000.0,6531720000.0,0.06967096195422408,0.03103317349794541,19,16,3,21
2023,2023/24,GB1,Premier League,31,Liverpool FC,2023-GB1-31,2023-GB1,172000000.0,172000000.0,60700000.0,111300000.0,172.0,60.7,111.3,2909390000.0,6531720000.0,0.05911892183584875,0.0263330332592334,16,13,3,14
2023,2023/24,GB1,Premier League,762,Newcastle United,2023-GB1-762,2023-GB1,150000000.0,150000000.0,44600000.0,105400000.0,150.0,44.6,105.4,2909390000.0,6531720000.0,0.051557199275449495,0.022964854586540757,15,13,2,14
2023,2023/24,GB1,Premier League,379,West Ham United,2023-GB1-379,2023-GB1,137550000.0,137550000.0,166360000.0,-28810000.0,137.55,166.36,-28.81,2909390000.0,6531720000.0,0.04727795173558719,0.021058771655857875,12,11,1,12
2023,2023/24,GB1,Premier League,989,AFC Bournemouth,2023-GB1-989,2023-GB1,129890000.0,129890000.0,0.0,129890000.0,129.89,0.0,129.89,2909390000.0,6531720000.0,0.0446450974259209,0.019886033081638527,22,22,0,17
2023,2023/24,GB1,Premier League,703,Nottingham Forest,2023-GB1-703,2023-GB1,129480000.0,129480000.0,70200000.0,59280000.0,129.48,70.2,59.28,2909390000.0,6531720000.0,0.044504174414568005,0.01982326247910198,37,37,0,38
2023,2023/24,GB1,Premier League,1132,Burnley FC,2023-GB1-1132,2023-GB1,111050000.0,111050000.0,0.0,111050000.0,111.05,0.0,111.05,2909390000.0,6531720000.0,0.038169513196924444,0.01700164734556901,31,31,0,21
2023,2023/24,GB1,Premier League,1237,Brighton & Hove Albion,2023-GB1-1237,2023-GB1,106850000.0,106850000.0,185650000.0,-78800000.0,106.85,185.65,-78.8,2909390000.0,6531720000.0,0.03672591161721186,0.016358631417145865,26,21,5,19
2023,2023/24,GB1,Premier League,405,Aston Villa,2023-GB1-405,2023-GB1,106500000.0,106500000.0,32550000.0,73950000.0,106.5,32.55,73.95,2909390000.0,6531720000.0,0.03660561148556914,0.01630504675644394,18,15,3,15
2023,2023/24,GB1,Premier League,543,Wolverhampton Wanderers,2023-GB1-543,2023-GB1,94000000.0,94000000.0,166300000.0,-72300000.0,94.0,166.3,-72.3,2909390000.0,6531720000.0,0.03230917821261502,0.014391308874232208,28,26,2,30
2023,2023/24,GB1,Premier League,1148,Brentford FC,2023-GB1-1148,2023-GB1,72350000.0,72350000.0,6750000.0,65600000.0,72.35,6.75,65.6,2909390000.0,6531720000.0,0.024867755783858473,0.011076714862241493,16,14,2,14
2023,2023/24,GB1,Premier League,931,Fulham FC,2023-GB1-931,2023-GB1,68470000.0,68470000.0,52600000.0,15870000.0,68.47,52.6,15.87,2909390000.0,6531720000.0,0.023534142895933512,0.01048269062360297,13,12,1,9
2023,2023/24,GB1,Premier League,873,Crystal Palace,2023-GB1-873,2023-GB1,67800000.0,67800000.0,0.0,67800000.0,67.8,0.0,67.8,2909390000.0,6531720000.0,0.023303854072503172,0.010380114273116423,9,8,1,6
2023,2023/24,GB1,Premier League,350,Sheffield United,2023-GB1-350,2023-GB1,66950000.0,66950000.0,30900000.0,36050000.0,66.95,30.9,36.05,2909390000.0,6531720000.0,0.02301169660994229,0.010249980097126025,19,16,3,12
2023,2023/24,GB1,Premier League,29,Everton FC,2023-GB1-29,2023-GB1,37500000.0,37500000.0,75800000.0,-38300000.0,37.5,75.8,-38.3,2909390000.0,6531720000.0,0.012889299818862374,0.005741213646635189,9,8,1,14
2023,2023/24,GB1,Premier League,1031,Luton Town,2023-GB1-1031,2023-GB1,25900000.0,25900000.0,0.0,25900000.0,25.9,0.0,25.9,2909390000.0,6531720000.0,0.008902209741560946,0.003965264891942704,28,25,3,15
2023,2023/24,IT1,Serie A,5,AC Milan,2023-IT1-5,2023-IT1,131180000.0,131180000.0,68650000.0,62530000.0,131.18,68.65,62.53,1044980000.0,6531720000.0,0.12553350303355088,0.020083530831082778,29,27,2,21
2023,2023/24,IT1,Serie A,6195,SSC Napoli,2023-IT1-6195,2023-IT1,117000000.0,117000000.0,101200000.0,15800000.0,117.0,101.2,15.8,1044980000.0,6531720000.0,0.11196386533713563,0.01791258657750179,19,19,0,18
2023,2023/24,IT1,Serie A,1025,Bologna Football Club 1909,2023-IT1-1025,2023-IT1,95490000.0,95490000.0,25500000.0,69990000.0,95.49,25.5,69.99,1044980000.0,6531720000.0,0.09137973932515454,0.014619426429791846,24,23,1,22
2023,2023/24,IT1,Serie A,506,Juventus FC,2023-IT1-506,2023-IT1,91300000.0,91300000.0,63580000.0,27720000.0,91.3,63.58,27.72,1044980000.0,6531720000.0,0.0873700932075255,0.013977941491674474,19,16,3,22
2023,2023/24,IT1,Serie A,800,Atalanta BC,2023-IT1-800,2023-IT1,75860000.0,75860000.0,162100000.0,-86240000.0,75.86,162.1,-86.24,1044980000.0,6531720000.0,0.07259469080747957,0.011614092459566546,20,20,0,24
2023,2023/24,IT1,Serie A,46,Inter Milan,2023-IT1-46,2023-IT1,73500000.0,73500000.0,125190000.0,-51690000.0,73.5,125.19,-51.69,1044980000.0,6531720000.0,0.070336274378457,0.011252778747404971,32,31,1,36
2023,2023/24,IT1,Serie A,6574,US Sassuolo,2023-IT1-6574,2023-IT1,62300000.0,62300000.0,103320000.0,-41020000.0,62.3,103.32,-41.02,1044980000.0,6531720000.0,0.059618365901739745,0.009538069604943262,34,31,3,31
2023,2023/24,IT1,Serie A,430,ACF Fiorentina,2023-IT1-430,2023-IT1,49100000.0,49100000.0,57580000.0,-8480000.0,49.1,57.58,-8.48,1044980000.0,6531720000.0,0.046986545197037266,0.007517162401327675,24,19,5,25
2023,2023/24,IT1,Serie A,252,Genoa CFC,2023-IT1-252,2023-IT1,45500000.0,45500000.0,36610000.0,8890000.0,45.5,36.61,8.89,1044980000.0,6531720000.0,0.04354150318666386,0.0069660058912506964,38,37,1,31
2023,2023/24,IT1,Serie A,2919,AC Monza,2023-IT1-2919,2023-IT1,44800000.0,44800000.0,0.0,44800000.0,44.8,0.0,44.8,1044980000.0,6531720000.0,0.04287163390686903,0.00685883656984684,27,25,2,20
2023,2023/24,IT1,Serie A,416,Torino FC,2023-IT1-416,2023-IT1,44750000.0,44750000.0,18550000.0,26200000.0,44.75,18.55,26.2,1044980000.0,6531720000.0,0.0428237861011694,0.006851181618317993,25,23,2,23
2023,2023/24,IT1,Serie A,398,Società Sportiva Lazio S.p.A.,2023-IT1-398,2023-IT1,44080000.0,44080000.0,46500000.0,-2420000.0,44.08,46.5,-2.42,1044980000.0,6531720000.0,0.042182625504794354,0.006748605267831444,20,19,1,15
2023,2023/24,IT1,Serie A,410,Udinese Calcio,2023-IT1-410,2023-IT1,35450000.0,35450000.0,33310000.0,2140000.0,35.45,33.31,2.14,1044980000.0,6531720000.0,0.03392409424103811,0.005427360633952466,29,25,4,22
2023,2023/24,IT1,Serie A,380,US Salernitana 1919,2023-IT1-380,2023-IT1,28050000.0,28050000.0,3000000.0,25050000.0,28.05,3.0,25.05,1044980000.0,6531720000.0,0.026842618997492775,0.004294427807683122,34,31,3,22
2023,2023/24,IT1,Serie A,1005,US Lecce,2023-IT1-1005,2023-IT1,27270000.0,27270000.0,24850000.0,2420000.0,27.27,24.85,2.42,1044980000.0,6531720000.0,0.026096193228578538,0.00417501056383311,26,23,3,19
2023,2023/24,IT1,Serie A,1390,Cagliari Calcio,2023-IT1-1390,2023-IT1,25340000.0,25340000.0,18580000.0,6760000.0,25.34,18.58,6.76,1044980000.0,6531720000.0,0.024249267928572796,0.0038795294348196187,22,21,1,19
2023,2023/24,IT1,Serie A,12,Associazione Sportiva Roma,2023-IT1-12,2023-IT1,17150000.0,17150000.0,78230000.0,-61080000.0,17.15,78.23,-61.08,1044980000.0,6531720000.0,0.0164117973549733,0.0026256483743944932,16,16,0,24
2023,2023/24,IT1,Serie A,276,Hellas Verona,2023-IT1-276,2023-IT1,13700000.0,13700000.0,101360000.0,-87660000.0,13.7,101.36,-87.66,1044980000.0,6531720000.0,0.013110298761698789,0.002097456718904056,33,32,1,36
2023,2023/24,IT1,Serie A,8970,Frosinone Calcio,2023-IT1-8970,2023-IT1,11760000.0,11760000.0,6500000.0,5260000.0,11.76,6.5,5.26,1044980000.0,6531720000.0,0.011253803900553121,0.0018004445995847954,35,31,4,25
2023,2023/24,IT1,Serie A,749,FC Empoli,2023-IT1-749,2023-IT1,11400000.0,11400000.0,62700000.0,-51300000.0,11.4,62.7,-51.3,1044980000.0,6531720000.0,0.01090929969951578,0.0017453289485770977,30,30,0,26
2024,2024/25,L1,Bundesliga,27,Bayern Munich,2024-L1-27,2024-L1,149000000.0,149000000.0,72000000.0,77000000.0,149.0,72.0,77.0,795275000.0,6387285000.0,0.18735657476973375,0.02332759537111621,20,17,3,16
2024,2024/25,L1,Bundesliga,23826,RB Leipzig,2024-L1-23826,2024-L1,116500000.0,116500000.0,67900000.0,48600000.0,116.5,67.9,48.6,795275000.0,6387285000.0,0.14649020778975827,0.01823936148144321,20,18,2,14
2024,2024/25,L1,Bundesliga,79,VfB Stuttgart,2024-L1-79,2024-L1,92400000.0,92400000.0,77920000.0,14480000.0,92.4,77.92,14.48,795275000.0,6387285000.0,0.11618622489076105,0.014466240350947233,25,23,2,21
2024,2024/25,L1,Bundesliga,24,Eintracht Frankfurt,2024-L1-24,2024-L1,91850000.0,91850000.0,125150000.0,-33300000.0,91.85,125.15,-33.3,795275000.0,6387285000.0,0.11549464021879224,0.014380131777429691,20,20,0,23
2024,2024/25,L1,Bundesliga,16,Borussia Dortmund,2024-L1-16,2024-L1,81000000.0,81000000.0,58600000.0,22400000.0,81.0,58.6,22.4,795275000.0,6387285000.0,0.10185156078086197,0.012681444463492704,18,13,5,16
2024,2024/25,L1,Bundesliga,533,TSG 1899 Hoffenheim,2024-L1-533,2024-L1,79500000.0,79500000.0,31200000.0,48300000.0,79.5,31.2,48.3,795275000.0,6387285000.0,0.09996542076640155,0.01244660289935395,26,21,5,19
2024,2024/25,L1,Bundesliga,15,Bayer 04 Leverkusen,2024-L1-15,2024-L1,53000000.0,53000000.0,26150000.0,26850000.0,53.0,26.15,26.85,795275000.0,6387285000.0,0.0666436138442677,0.008297735266235968,13,10,3,14
2024,2024/25,L1,Bundesliga,82,VfL Wolfsburg,2024-L1-82,2024-L1,40750000.0,40750000.0,23500000.0,17250000.0,40.75,23.5,17.25,795275000.0,6387285000.0,0.051240137059507716,0.006379862492436145,19,17,2,20
2024,2024/25,L1,Bundesliga,60,SC Freiburg,2024-L1-60,2024-L1,18800000.0,18800000.0,11500000.0,7300000.0,18.8,11.5,7.3,795275000.0,6387285000.0,0.02363962151457043,0.0029433476038723807,8,6,2,6
2024,2024/25,L1,Bundesliga,89,1.FC Union Berlin,2024-L1-89,2024-L1,16800000.0,16800000.0,25350000.0,-8550000.0,16.8,25.35,-8.55,795275000.0,6387285000.0,0.021124768161956554,0.0026302255183540423,17,16,1,18
2024,2024/25,L1,Bundesliga,167,FC Augsburg,2024-L1-167,2024-L1,14900000.0,14900000.0,42650000.0,-27750000.0,14.9,42.65,-27.75,795275000.0,6387285000.0,0.018735657476973373,0.002332759537111621,23,21,2,21
2024,2024/25,L1,Bundesliga,39,1.FSV Mainz 05,2024-L1-39,2024-L1,9150000.0,9150000.0,32000000.0,-22850000.0,9.15,32.0,-22.85,795275000.0,6387285000.0,0.01150545408820848,0.0014325335412463981,14,14,0,13
2024,2024/25,L1,Bundesliga,2036,1. Fußballclub Heidenheim 1846,2024-L1-2036,2024-L1,8050000.0,8050000.0,15500000.0,-7450000.0,8.05,15.5,-7.45,795275000.0,6387285000.0,0.01012228474427085,0.001260316394211312,13,12,1,12
2024,2024/25,L1,Bundesliga,18,Borussia Mönchengladbach,2024-L1-18,2024-L1,8000000.0,8000000.0,18000000.0,-10000000.0,8.0,18.0,-10.0,795275000.0,6387285000.0,0.010059413410455503,0.0012524883420733535,8,6,2,6
2024,2024/25,L1,Bundesliga,269,Holstein Kiel,2024-L1-269,2024-L1,7200000.0,7200000.0,1000000.0,6200000.0,7.2,1.0,6.2,795275000.0,6387285000.0,0.009053472069409953,0.0011272395078660183,9,8,1,5
2024,2024/25,L1,Bundesliga,86,SV Werder Bremen,2024-L1-86,2024-L1,6825000.0,6825000.0,5000000.0,1825000.0,6.825,5.0,1.825,795275000.0,6387285000.0,0.00858193706579485,0.0010685291168313297,10,10,0,11
2024,2024/25,L1,Bundesliga,35,FC St. Pauli,2024-L1-35,2024-L1,1150000.0,1150000.0,1500000.0,-350000.0,1.15,1.5,-0.35,795275000.0,6387285000.0,0.0014460406777529785,0.00018004519917304458,9,7,2,5
2024,2024/25,L1,Bundesliga,80,VfL Bochum,2024-L1-80,2024-L1,400000.0,400000.0,4800000.0,-4400000.0,0.4,4.8,-4.4,795275000.0,6387285000.0,0.0005029706705227752,6.262441710366767e-05,18,17,1,18
2024,2024/25,ES1,La Liga,13,Atlético de Madrid,2024-ES1-13,2024-ES1,183500000.0,183500000.0,111725000.0,71775000.0,183.5,111.725,71.775,605915000.0,6387285000.0,0.3028477591741416,0.028728951346307548,11,11,0,21
2024,2024/25,ES1,La Liga,1050,Villarreal CF,2024-ES1-1050,2024-ES1,68000000.0,68000000.0,74500000.0,-6500000.0,68.0,74.5,-6.5,605915000.0,6387285000.0,0.11222696252774729,0.010646150907623506,25,18,7,23
2024,2024/25,ES1,La Liga,131,FC Barcelona,2024-ES1-131,2024-ES1,66500000.0,66500000.0,60800000.0,5700000.0,66.5,60.8,5.7,605915000.0,6387285000.0,0.1097513677661058,0.010411309343484752,13,7,6,14
2024,2024/25,ES1,La Liga,12321,Girona FC,2024-ES1-12321,2024-ES1,49500000.0,49500000.0,70400000.0,-20900000.0,49.5,70.4,-20.9,605915000.0,6387285000.0,0.08169462713416899,0.007749771616578875,20,17,3,20
2024,2024/25,ES1,La Liga,418,Real Madrid,2024-ES1-418,2024-ES1,49000000.0,49000000.0,16000000.0,33000000.0,49.0,16.0,33.0,605915000.0,6387285000.0,0.08086942888028849,0.00767149109519929,9,6,3,8
2024,2024/25,ES1,La Liga,681,Real Sociedad,2024-ES1-681,2024-ES1,45200000.0,45200000.0,69850000.0,-24650000.0,45.2,69.85,-24.65,605915000.0,6387285000.0,0.07459792215079673,0.0070765591327144476,15,10,5,13
2024,2024/25,ES1,La Liga,150,Real Betis Balompié,2024-ES1-150,2024-ES1,40050000.0,40050000.0,55700000.0,-15650000.0,40.05,55.7,-15.65,605915000.0,6387285000.0,0.06609838013582764,0.006270269762504726,21,17,4,21
2024,2024/25,ES1,La Liga,368,Sevilla FC,2024-ES1-368,2024-ES1,20000000.0,20000000.0,32250000.0,-12250000.0,20.0,32.25,-12.25,605915000.0,6387285000.0,0.03300793015521979,0.003131220855183384,15,13,2,22
2024,2024/25,ES1,La Liga,621,Athletic Bilbao,2024-ES1-621,2024-ES1,18000000.0,18000000.0,8900000.0,9100000.0,18.0,8.9,9.1,605915000.0,6387285000.0,0.029707137139697814,0.0028180987696650455,16,10,6,14
2024,2024/25,ES1,La Liga,366,Real Valladolid CF,2024-ES1-366,2024-ES1,16675000.0,16675000.0,18600000.0,-1925000.0,16.675,18.6,-1.925,605915000.0,6387285000.0,0.0275203617669145,0.0026106553880091464,21,20,1,19
2024,2024/25,ES1,La Liga,940,Celta de Vigo,2024-ES1-940,2024-ES1,11200000.0,11200000.0,17500000.0,-6300000.0,11.2,17.5,-6.3,605915000.0,6387285000.0,0.018484440886923085,0.001753483678902695,21,14,7,19
2024,2024/25,ES1,La Liga,1108,Deportivo Alavés,2024-ES1-1108,2024-ES1,10000000.0,10000000.0,16700000.0,-6700000.0,10.0,16.7,-6.7,605915000.0,6387285000.0,0.016503965077609897,0.001565610427591692,24,18,6,19
2024,2024/25,ES1,La Liga,3709,Getafe CF,2024-ES1-3709,2024-ES1,9200000.0,9200000.0,30800000.0,-21600000.0,9.2,30.8,-21.6,605915000.0,6387285000.0,0.015183647871401104,0.0014403615933843567,16,13,3,15
2024,2024/25,ES1,La Liga,331,CA Osasuna,2024-ES1-331,2024-ES1,7800000.0,7800000.0,200000.0,7600000.0,7.8,0.2,7.6,605915000.0,6387285000.0,0.012873092760535719,0.0012211761335215196,4,4,0,4
2024,2024/25,ES1,La Liga,472,UD Las Palmas,2024-ES1-472,2024-ES1,4000000.0,4000000.0,8230000.0,-4230000.0,4.0,8.23,-4.23,605915000.0,6387285000.0,0.006601586031043959,0.0006262441710366768,15,15,0,17
2024,2024/25,ES1,La Liga,1244,CD Leganés,2024-ES1-1244,2024-ES1,3715000.0,3715000.0,4000000.0,-285000.0,3.715,4.0,-0.285,605915000.0,6387285000.0,0.006131223026332076,0.0005816242738503135,14,14,0,8
2024,2024/25,ES1,La Liga,237,RCD Mallorca,2024-ES1-237,2024-ES1,2350000.0,2350000.0,14000000.0,-11650000.0,2.35,14.0,-11.65,605915000.0,6387285000.0,0.0038784317932383256,0.0003679184504840476,11,10,1,12
2024,2024/25,ES1,La Liga,1049,Valencia CF,2024-ES1-1049,2024-ES1,1225000.0,1225000.0,30000000.0,-28775000.0,1.225,30.0,-28.775,605915000.0,6387285000.0,0.002021735722007212,0.00019178727737998225,14,14,0,12
2024,2024/25,ES1,La Liga,367,Rayo Vallecano,2024-ES1-367,2024-ES1,0.0,0.0,0.0,0.0,0.0,0.0,0.0,605915000.0,6387285000.0,0.0,0.0,5,5,0,7
2024,2024/25,ES1,La Liga,714,RCD Espanyol Barcelona,2024-ES1-714,2024-ES1,0.0,0.0,1550000.0,-1550000.0,0.0,1.55,-1.55,605915000.0,6387285000.0,0.0,0.0,13,11,2,13
2024,2024/25,FR1,Ligue 1,583,Paris Saint-Germain,2024-FR1-583,2024-FR1,255920000.0,255920000.0,141500000.0,114420000.0,255.92,141.5,114.42,941630000.0,6387285000.0,0.2717840340685832,0.04006710206292658,18,16,2,23
2024,2024/25,FR1,Ligue 1,273,Stade Rennais FC,2024-FR1-273,2024-FR1,151220000.0,151220000.0,176000000.0,-24780000.0,151.22,176.0,-24.78,941630000.0,6387285000.0,0.16059386383186602,0.023675160886041564,39,33,6,28
2024,2024/25,FR1,Ligue 1,1041,Olympique Lyon,2024-FR1-1041,2024-FR1,144290000.0,144290000.0,62750000.0,81540000.0,144.29,62.75,81.54,941630000.0,6387285000.0,0.15323428522880536,0.022590192859720522,24,24,0,22
2024,2024/25,FR1,Ligue 1,244,Olympique Marseille,2024-FR1-244,2024-FR1,106000000.0,106000000.0,100600000.0,5400000.0,106.0,100.6,5.4,941630000.0,6387285000.0,0.11257075496745006,0.016595470532471936,26,23,3,25
2024,2024/25,FR1,Ligue 1,162,AS Monaco,2024-FR1-162,2024-FR1,87750000.0,87750000.0,38600000.0,49150000.0,87.75,38.6,49.15,941630000.0,6387285000.0,0.09318946932446927,0.013738231502117096,12,12,0,10
2024,2024/25,FR1,Ligue 1,667,RC Strasbourg Alsace,2024-FR1-667,2024-FR1,61900000.0,61900000.0,0.0,61900000.0,61.9,0.0,61.9,941630000.0,6387285000.0,0.0657370729479732,0.009691128546792573,31,26,5,26
2024,2024/25,FR1,Ligue 1,1082,LOSC Lille,2024-FR1-1082,2024-FR1,24500000.0,24500000.0,62000000.0,-37500000.0,24.5,62.0,-37.5,941630000.0,6387285000.0,0.026018712233042703,0.003835745547599645,22,17,5,17
2024,2024/25,FR1,Ligue 1,618,AS Saint-Étienne,2024-FR1-618,2024-FR1,23100000.0,23100000.0,15000000.0,8100000.0,23.1,15.0,8.1,941630000.0,6387285000.0,0.024531928676868833,0.0036165600877368083,15,11,4,9
2024,2024/25,FR1,Ligue 1,417,OGC Nice,2024-FR1-417,2024-FR1,20700000.0,20700000.0,24000000.0,-3300000.0,20.7,24.0,-3.3,941630000.0,6387285000.0,0.021983156866285058,0.0032408135851148025,17,15,2,14
2024,2024/25,FR1,Ligue 1,826,RC Lens,2024-FR1-826,2024-FR1,20300000.0,20300000.0,94940000.0,-74640000.0,20.3,94.94,-74.64,941630000.0,6387285000.0,0.021558361564521098,0.0031781891680111346,26,22,4,23
2024,2024/25,FR1,Ligue 1,1421,Stade Reims,2024-FR1-1421,2024-FR1,13850000.0,13850000.0,53000000.0,-39150000.0,13.85,53.0,-39.15,941630000.0,6387285000.0,0.0147085373235772,0.0021683704422144935,17,12,5,19
2024,2024/25,FR1,Ligue 1,3911,Stade Brestois 29,2024-FR1-3911,2024-FR1,10200000.0,10200000.0,1800000.0,8400000.0,10.2,1.8,8.4,941630000.0,6387285000.0,0.010832280194981043,0.0015969226361435258,16,14,2,13
2024,2024/25,FR1,Ligue 1,995,FC Nantes,2024-FR1-995,2024-FR1,10000000.0,10000000.0,7500000.0,2500000.0,10.0,7.5,2.5,941630000.0,6387285000.0,0.010619882544099062,0.001565610427591692,16,12,4,15
2024,2024/25,FR1,Ligue 1,415,FC Toulouse,2024-FR1-415,2024-FR1,7500000.0,7500000.0,55500000.0,-48000000.0,7.5,55.5,-48.0,941630000.0,6387285000.0,0.007964911908074296,0.001174207820693769,15,11,4,19
2024,2024/25,FR1,Ligue 1,290,AJ Auxerre,2024-FR1-290,2024-FR1,4400000.0,4400000.0,4900000.0,-500000.0,4.4,4.9,-0.5,941630000.0,6387285000.0,0.004672748319403588,0.0006888685881403444,13,11,2,9
2024,2024/25,FR1,Ligue 1,738,Le Havre AC,2024-FR1-738,2024-FR1,0.0,0.0,9750000.0,-9750000.0,0.0,9.75,-9.75,941630000.0,6387285000.0,0.0,0.0,19,14,5,17
2024,2024/25,FR1,Ligue 1,969,Montpellier HSC,2024-FR1-969,2024-FR1,0.0,0.0,27000000.0,-27000000.0,0.0,27.0,-27.0,941630000.0,6387285000.0,0.0,0.0,7,5,2,10
2024,2024/25,FR1,Ligue 1,1420,Angers SCO,2024-FR1-1420,2024-FR1,0.0,0.0,474000.0,-474000.0,0.0,0.474,-0.474,941630000.0,6387285000.0,0.0,0.0,8,7,1,2
2024,2024/25,GB1,Premier League,631,Chelsea FC,2024-GB1-631,2024-GB1,276000000.0,276000000.0,218200000.0,57800000.0,276.0,218.2,57.8,2798510000.0,6387285000.0,0.09862391058098774,0.0432108478015307,34,30,4,31
2024,2024/25,GB1,Premier League,1237,Brighton & Hove Albion,2024-GB1-1237,2024-GB1,254950000.0,254950000.0,50740000.0,204210000.0,254.95,50.74,204.21,2798510000.0,6387285000.0,0.09110205073414067,0.03991523785145019,27,26,1,24
2024,2024/25,GB1,Premier League,985,Manchester United,2024-GB1-985,2024-GB1,246300000.0,246300000.0,111300000.0,135000000.0,246.3,111.3,135.0,2798510000.0,6387285000.0,0.08801112020325101,0.03856098483158337,13,11,2,16
2024,2024/25,GB1,Premier League,281,Manchester City,2024-GB1-281,2024-GB1,243000000.0,243000000.0,136700000.0,106300000.0,243.0,136.7,106.3,2798510000.0,6387285000.0,0.08683192127239138,0.038044333390478115,17,16,1,13
2024,2024/25,GB1,Premier League,405,Aston Villa,2024-GB1-405,2024-GB1,208200000.0,208200000.0,257170000.0,-48970000.0,208.2,257.17,-48.97,2798510000.0,6387285000.0,0.0743967325469625,0.03259600910245902,25,24,1,25
2024,2024/25,GB1,Premier League,148,Tottenham Hotspur,2024-GB1-148,2024-GB1,175350000.0,175350000.0,56300000.0,119050000.0,175.35,56.3,119.05,2798510000.0,6387285000.0,0.06265834318976884,0.027452978847820317,17,15,2,20
2024,2024/25,GB1,Premier League,677,Ipswich Town,2024-GB1-677,2024-GB1,148690000.0,148690000.0,710000.0,147980000.0,148.69,0.71,147.98,2798510000.0,6387285000.0,0.053131845160460385,0.023279061447860867,19,19,0,12
2024,2024/25,GB1,Premier League,379,West Ham United,2024-GB1-379,2024-GB1,144400000.0,144400000.0,46150000.0,98250000.0,144.4,46.15,98.25,2798510000.0,6387285000.0,0.05159888655034286,0.022607414574424032,15,14,1,15
2024,2024/25,GB1,Premier League,989,AFC Bournemouth,2024-GB1-989,2024-GB1,133770000.0,133770000.0,66090000.0,67680000.0,133.77,66.09,67.68,2798510000.0,6387285000.0,0.047800436660937425,0.020943170689894063,24,23,1,20
2024,2024/25,GB1,Premier League,180,Southampton FC,2024-GB1-180,2024-GB1,123050000.0,123050000.0,41590000.0,81460000.0,123.05,41.59,81.46,2798510000.0,6387285000.0,0.043969826800690365,0.01926483631151577,28,26,2,20
2024,2024/25,GB1,Premier League,543,Wolverhampton Wanderers,2024-GB1-543,2024-GB1,113900000.0,113900000.0,116200000.0,-2300000.0,113.9,116.2,-2.3,2798510000.0,6387285000.0,0.040700229765125016,0.01783230277026937,19,19,0,18
2024,2024/25,GB1,Premier League,11,Arsenal FC,2024-GB1-11,2024-GB1,107600000.0,107600000.0,82900000.0,24700000.0,107.6,82.9,24.7,2798510000.0,6387285000.0,0.03844903180621116,0.016845968200886605,14,12,2,14
2024,2024/25,GB1,Premier League,703,Nottingham Forest,2024-GB1-703,2024-GB1,105500000.0,105500000.0,86700000.0,18800000.0,105.5,86.7,18.8,2798510000.0,6387285000.0,0.037698632486573215,0.01651719001109235,25,23,2,28
2024,2024/25,GB1,Premier League,873,Crystal Palace,2024-GB1-873,2024-GB1,91900000.0,91900000.0,100300000.0,-8400000.0,91.9,100.3,-8.4,2798510000.0,6387285000.0,0.0328389035593941,0.01438795982956765,20,18,2,18
2024,2024/25,GB1,Premier League,931,Fulham FC,2024-GB1-931,2024-GB1,91550000.0,91550000.0,68800000.0,22750000.0,91.55,68.8,22.75,2798510000.0,6387285000.0,0.03271383700612111,0.01433316346460194,11,7,4,11
2024,2024/25,GB1,Premier League,1003,Leicester City,2024-GB1-1003,2024-GB1,90050000.0,90050000.0,47250000.0,42800000.0,90.05,47.25,42.8,2798510000.0,6387285000.0,0.032177837492094005,0.014098321900463185,14,14,0,10
2024,2024/25,GB1,Premier League,1148,Brentford FC,2024-GB1-1148,2024-GB1,85900000.0,85900000.0,74500000.0,11400000.0,85.9,74.5,11.4,2798510000.0,6387285000.0,0.03069490550328568,0.013448593573012634,16,14,2,18
2024,2024/25,GB1,Premier League,762,Newcastle United,2024-GB1-762,2024-GB1,68200000.0,68200000.0,85750000.0,-17550000.0,68.2,85.75,-17.55,2798510000.0,6387285000.0,0.02437011123776581,0.010677463116175338,9,9,0,13
2024,2024/25,GB1,Premier League,29,Everton FC,2024-GB1-29,2024-GB1,48200000.0,48200000.0,83650000.0,-35450000.0,48.2,83.65,-35.45,2798510000.0,6387285000.0,0.017223451050737713,0.007546242260991955,12,11,1,14
2024,2024/25,GB1,Premier League,31,Liverpool FC,2024-GB1-31,2024-GB1,42000000.0,42000000.0,47000000.0,-5000000.0,42.0,47.0,-5.0,2798510000.0,6387285000.0,0.015007986392759003,0.0065755637958851065,11,8,3,12
2024,2024/25,IT1,Serie A,506,Juventus FC,2024-IT1-506,2024-IT1,164300000.0,164300000.0,117400000.0,46900000.0,164.3,117.4,46.9,1245955000.0,6387285000.0,0.13186672070821176,0.025722979325331498,25,22,3,28
2024,2024/25,IT1,Serie A,6195,SSC Napoli,2024-IT1-6195,2024-IT1,152950000.0,152950000.0,87370000.0,65580000.0,152.95,87.37,65.58,1245955000.0,6387285000.0,0.1227572424365246,0.023946011490014928,29,26,3,21
2024,2024/25,IT1,Serie A,12,Associazione Sportiva Roma,2024-IT1-12,2024-IT1,141750000.0,141750000.0,25150000.0,116600000.0,141.75,25.15,116.6,1245955000.0,6387285000.0,0.1137681537455205,0.022192527811112233,31,24,7,20
2024,2024/25,IT1,Serie A,5,AC Milan,2024-IT1-5,2024-IT1,133150000.0,133150000.0,39510000.0,93640000.0,133.15,39.51,93.64,1245955000.0,6387285000.0,0.10686581778635665,0.02084610284338338,26,24,2,31
2024,2024/25,IT1,Serie A,800,Atalanta BC,2024-IT1-800,2024-IT1,105400000.0,105400000.0,114350000.0,-8950000.0,105.4,114.35,-8.95,1245955000.0,6387285000.0,0.08459374535998491,0.016501533906816433,22,21,1,24
2024,2024/25,IT1,Serie A,1047,Como 1907,2024-IT1-1047,2024-IT1,98670000.0,98670000.0,2855000.0,95815000.0,98.67,2.855,95.815,1245955000.0,6387285000.0,0.07919226617333691,0.015447878089047224,45,43,2,28
2024,2024/25,IT1,Serie A,46,Inter Milan,2024-IT1-46,2024-IT1,77950000.0,77950000.0,13900000.0,64050000.0,77.95,13.9,64.05,1245955000.0,6387285000.0,0.06256245209497935,0.012203933283077239,27,24,3,25
2024,2024/25,IT1,Serie A,398,Società Sportiva Lazio S.p.A.,2024-IT1-398,2024-IT1,55470000.0,55470000.0,23100000.0,32370000.0,55.47,23.1,32.37,1245955000.0,6387285000.0,0.04452006693660686,0.008684441041851116,20,19,1,22
2024,2024/25,IT1,Serie A,1025,Bologna Football Club 1909,2024-IT1-1025,2024-IT1,54830000.0,54830000.0,100900000.0,-46070000.0,54.83,100.9,-46.07,1245955000.0,6387285000.0,0.04400640472569234,0.008584241974485247,23,23,0,18
2024,2024/25,IT1,Serie A,430,ACF Fiorentina,2024-IT1-430,2024-IT1,51200000.0,51200000.0,22600000.0,28600000.0,51.2,22.6,28.6,1245955000.0,6387285000.0,0.04109297687316155,0.008015925389269462,34,31,3,34
2024,2024/25,IT1,Serie A,130,Parma Calcio 1913,2024-IT1-130,2024-IT1,46220000.0,46220000.0,5600000.0,40620000.0,46.22,5.6,40.62,1245955000.0,6387285000.0,0.03709604279448295,0.0072362513963288005,16,16,0,13
2024,2024/25,IT1,Serie A,416,Torino FC,2024-IT1-416,2024-IT1,40130000.0,40130000.0,65150000.0,-25020000.0,40.13,65.15,-25.02,1245955000.0,6387285000.0,0.03220822581874947,0.006282794645925459,25,20,5,18
2024,2024/25,IT1,Serie A,252,Genoa CFC,2024-IT1-252,2024-IT1,32650000.0,32650000.0,43150000.0,-10500000.0,32.65,43.15,-10.5,1245955000.0,6387285000.0,0.02620479872868603,0.005111718046086874,33,28,5,30
2024,2024/25,IT1,Serie A,410,Udinese Calcio,2024-IT1-410,2024-IT1,23950000.0,23950000.0,20500000.0,3450000.0,23.95,20.5,3.45,1245955000.0,6387285000.0,0.01922220304906678,0.003749636974082102,24,21,3,19
2024,2024/25,IT1,Serie A,276,Hellas Verona,2024-IT1-276,2024-IT1,18200000.0,18200000.0,44380000.0,-26180000.0,18.2,44.38,-26.18,1245955000.0,6387285000.0,0.014607269122881645,0.002849410978216879,40,36,4,29
2024,2024/25,IT1,Serie A,1005,US Lecce,2024-IT1-1005,2024-IT1,12700000.0,12700000.0,61280000.0,-48580000.0,12.7,61.28,-48.58,1245955000.0,6387285000.0,0.010192984497834994,0.001988325243041449,25,22,3,20
2024,2024/25,IT1,Serie A,2919,AC Monza,2024-IT1-2919,2024-IT1,12675000.0,12675000.0,42950000.0,-30275000.0,12.675,42.95,-30.275,1245955000.0,6387285000.0,0.010172919567721145,0.0019844112169724697,22,19,3,22
2024,2024/25,IT1,Serie A,607,Venezia FC,2024-IT1-607,2024-IT1,12500000.0,12500000.0,10500000.0,2000000.0,12.5,10.5,2.0,1245955000.0,6387285000.0,0.010032465056924207,0.001957013034489615,20,19,1,18
2024,2024/25,IT1,Serie A,1390,Cagliari Calcio,2024-IT1-1390,2024-IT1,11260000.0,11260000.0,18790000.0,-7530000.0,11.26,18.79,-7.53,1245955000.0,6387285000.0,0.009037244523277326,0.001762877341468245,16,15,1,20
2024,2024/25,IT1,Serie A,749,FC Empoli,2024-IT1-749,2024-IT1,0.0,0.0,10600000.0,-10600000.0,0.0,10.6,-10.6,1245955000.0,6387285000.0,0.0,0.0,21,16,5,23
2025,2025/26,L1,Bundesliga,15,Bayer 04 Leverkusen,2025-L1-15,2025-L1,198350000.0,198350000.0,228800000.0,-30450000.0,198.35,228.8,-30.45,923650000.0,7722020000.0,0.2147458452877172,0.02568628415880819,32,29,3,21
2025,2025/26,L1,Bundesliga,23826,RB Leipzig,2025-L1-23826,2025-L1,158500000.0,158500000.0,189000000.0,-30500000.0,158.5,189.0,-30.5,923650000.0,7722020000.0,0.17160179721756078,0.02052571736410939,25,21,4,22
2025,2025/26,L1,Bundesliga,16,Borussia Dortmund,2025-L1-16,2025-L1,99700000.0,99700000.0,74500000.0,25200000.0,99.7,74.5,25.2,923650000.0,7722020000.0,0.10794131976397986,0.01291112947130414,12,11,1,13
2025,2025/26,L1,Bundesliga,24,Eintracht Frankfurt,2025-L1-24,2025-L1,73300000.0,73300000.0,126200000.0,-52900000.0,73.3,126.2,-52.9,923650000.0,7722020000.0,0.07935906458073946,0.009492334907187497,19,17,2,15
2025,2025/26,L1,Bundesliga,27,Bayern Munich,2025-L1-27,2025-L1,72300000.0,72300000.0,88700000.0,-16400000.0,72.3,88.7,-16.4,923650000.0,7722020000.0,0.0782764033995561,0.009362835113092171,19,17,2,22
2025,2025/26,L1,Bundesliga,82,VfL Wolfsburg,2025-L1-82,2025-L1,62150000.0,62150000.0,36000000.0,26150000.0,62.15,36.0,26.15,923650000.0,7722020000.0,0.06728739241054511,0.008048412203024597,23,20,3,19
2025,2025/26,L1,Bundesliga,79,VfB Stuttgart,2025-L1-79,2025-L1,56500000.0,56500000.0,115550000.0,-59050000.0,56.5,115.55,-59.05,923650000.0,7722020000.0,0.0611703567368592,0.007316738366385998,15,13,2,15
2025,2025/26,L1,Bundesliga,60,SC Freiburg,2025-L1-60,2025-L1,32700000.0,32700000.0,28700000.0,4000000.0,32.7,28.7,4.0,923650000.0,7722020000.0,0.035403020624695504,0.004234643266917206,10,10,0,9
2025,2025/26,L1,Bundesliga,533,TSG 1899 Hoffenheim,2025-L1-533,2025-L1,28350000.0,28350000.0,25050000.0,3300000.0,28.35,25.05,3.3,923650000.0,7722020000.0,0.030693444486547934,0.0036713191626025314,28,24,4,26
2025,2025/26,L1,Bundesliga,167,FC Augsburg,2025-L1-167,2025-L1,26450000.0,26450000.0,18500000.0,7950000.0,26.45,18.5,7.95,923650000.0,7722020000.0,0.02863638824229957,0.0034252695538214096,24,22,2,22
2025,2025/26,L1,Bundesliga,3,1.FC Köln,2025-L1-3,2025-L1,23700000.0,23700000.0,12000000.0,11700000.0,23.7,12.0,11.7,923650000.0,7722020000.0,0.025659069994045363,0.003069145120059259,21,18,3,16
2025,2025/26,L1,Bundesliga,39,1.FSV Mainz 05,2025-L1-39,2025-L1,18150000.0,18150000.0,23600000.0,-5450000.0,18.15,23.6,-5.45,923650000.0,7722020000.0,0.019650300438477777,0.002350421262830192,18,15,3,13
2025,2025/26,L1,Bundesliga,89,1.FC Union Berlin,2025-L1-89,2025-L1,18000000.0,18000000.0,18300000.0,-300000.0,18.0,18.3,-0.3,923650000.0,7722020000.0,0.019487901261300275,0.002330996293715893,14,12,2,13
2025,2025/26,L1,Bundesliga,18,Borussia Mönchengladbach,2025-L1-18,2025-L1,16500000.0,16500000.0,27200000.0,-10700000.0,16.5,27.2,-10.7,923650000.0,7722020000.0,0.017863909489525254,0.002136746602572902,18,16,2,19
2025,2025/26,L1,Bundesliga,35,FC St. Pauli,2025-L1-35,2025-L1,14100000.0,14100000.0,10050000.0,4050000.0,14.1,10.05,4.05,923650000.0,7722020000.0,0.015265522654685216,0.0018259470967441163,16,14,2,12
2025,2025/26,L1,Bundesliga,41,Hamburger SV,2025-L1-41,2025-L1,13400000.0,13400000.0,6820000.0,6580000.0,13.4,6.82,6.58,923650000.0,7722020000.0,0.014507659827856872,0.001735297240877387,20,19,1,19
2025,2025/26,L1,Bundesliga,86,SV Werder Bremen,2025-L1-86,2025-L1,10000000.0,10000000.0,8000000.0,2000000.0,10.0,8.0,2.0,923650000.0,7722020000.0,0.010826611811833487,0.0012949979409532738,15,10,5,17
2025,2025/26,L1,Bundesliga,2036,1. Fußballclub Heidenheim 1846,2025-L1-2036,2025-L1,1500000.0,1500000.0,9000000.0,-7500000.0,1.5,9.0,-7.5,923650000.0,7722020000.0,0.001623991771775023,0.00019424969114299108,13,9,4,13
2025,2025/26,ES1,La Liga,13,Atlético de Madrid,2025-ES1-13,2025-ES1,229000000.0,229000000.0,145500000.0,83500000.0,229.0,145.5,83.5,754270000.0,7722020000.0,0.3036048099486921,0.02965545284782997,18,18,0,18
2025,2025/26,ES1,La Liga,418,Real Madrid,2025-ES1-418,2025-ES1,167500000.0,167500000.0,2000000.0,165500000.0,167.5,2.0,165.5,754270000.0,7722020000.0,0.22206902037731846,0.021691215510967338,8,6,2,6
2025,2025/26,ES1,La Liga,1050,Villarreal CF,2025-ES1-1050,2025-ES1,104500000.0,104500000.0,107500000.0,-3000000.0,104.5,107.5,-3.0,754270000.0,7722020000.0,0.13854455301152108,0.013532728482961711,19,18,1,18
2025,2025/26,ES1,La Liga,150,Real Betis Balompié,2025-ES1-150,2025-ES1,58000000.0,58000000.0,57125000.0,875000.0,58.0,57.125,0.875,754270000.0,7722020000.0,0.0768955413843849,0.007510988057528988,16,12,4,12
2025,2025/26,ES1,La Liga,131,FC Barcelona,2025-ES1-131,2025-ES1,27500000.0,27500000.0,31200000.0,-3700000.0,27.5,31.2,-3.7,754270000.0,7722020000.0,0.036459092897768705,0.003561244337621503,9,8,1,13
2025,2025/26,ES1,La Liga,12321,Girona FC,2025-ES1-12321,2025-ES1,27150000.0,27150000.0,33500000.0,-6350000.0,27.15,33.5,-6.35,754270000.0,7722020000.0,0.03599506807906983,0.0035159194096881386,26,21,5,21
2025,2025/26,ES1,La Liga,621,Athletic Bilbao,2025-ES1-621,2025-ES1,22000000.0,22000000.0,0.0,22000000.0,22.0,0.0,22.0,754270000.0,7722020000.0,0.02916727431821496,0.0028489954700972025,9,7,2,5
2025,2025/26,ES1,La Liga,681,Real Sociedad,2025-ES1-681,2025-ES1,21000000.0,21000000.0,85000000.0,-64000000.0,21.0,85.0,-64.0,754270000.0,7722020000.0,0.027841489121932465,0.0027194956760018753,9,8,1,12
2025,2025/26,ES1,La Liga,1049,Valencia CF,2025-ES1-1049,2025-ES1,14600000.0,14600000.0,25900000.0,-11300000.0,14.6,25.9,-11.3,754270000.0,7722020000.0,0.019356463865724476,0.0018906969937917799,14,12,2,12
2025,2025/26,ES1,La Liga,940,Celta de Vigo,2025-ES1-940,2025-ES1,14000000.0,14000000.0,56700000.0,-42700000.0,14.0,56.7,-42.7,754270000.0,7722020000.0,0.018560992747954978,0.0018129971173345835,18,14,4,12
2025,2025/26,ES1,La Liga,714,RCD Espanyol Barcelona,2025-ES1-714,2025-ES1,13200000.0,13200000.0,25000000.0,-11800000.0,13.2,25.0,-11.8,754270000.0,7722020000.0,0.017500364590928977,0.0017093972820583214,16,15,1,12
2025,2025/26,ES1,La Liga,1108,Deportivo Alavés,2025-ES1-1108,2025-ES1,11120000.0,11120000.0,24000000.0,-12880000.0,11.12,24.0,-12.88,754270000.0,7722020000.0,0.014742731382661382,0.0014400377103400406,23,20,3,17
2025,2025/26,ES1,La Liga,331,CA Osasuna,2025-ES1-331,2025-ES1,10500000.0,10500000.0,12000000.0,-1500000.0,10.5,12.0,-1.5,754270000.0,7722020000.0,0.013920744560966232,0.0013597478380009376,8,6,2,6
2025,2025/26,ES1,La Liga,1531,Elche CF,2025-ES1-1531,2025-ES1,8600000.0,8600000.0,31500000.0,-22900000.0,8.6,31.5,-22.9,754270000.0,7722020000.0,0.011401752688029485,0.0011136982292198156,20,20,0,17
2025,2025/26,ES1,La Liga,237,RCD Mallorca,2025-ES1-237,2025-ES1,8500000.0,8500000.0,9600000.0,-1100000.0,8.5,9.6,-1.1,754270000.0,7722020000.0,0.011269174168401236,0.0011007482498102828,14,12,2,13
2025,2025/26,ES1,La Liga,367,Rayo Vallecano,2025-ES1-367,2025-ES1,7100000.0,7100000.0,0.0,7100000.0,7.1,0.0,7.1,754270000.0,7722020000.0,0.009413074893605738,0.0009194485380768244,13,12,1,9
2025,2025/26,ES1,La Liga,3368,Levante UD,2025-ES1-3368,2025-ES1,4200000.0,4200000.0,5500000.0,-1300000.0,4.2,5.5,-1.3,754270000.0,7722020000.0,0.005568297824386493,0.000543899135200375,17,15,2,12
2025,2025/26,ES1,La Liga,2497,Real Oviedo,2025-ES1-2497,2025-ES1,4000000.0,4000000.0,0.0,4000000.0,4.0,0.0,4.0,754270000.0,7722020000.0,0.005303140785129994,0.0005179991763813095,19,18,1,15
2025,2025/26,ES1,La Liga,3709,Getafe CF,2025-ES1-3709,2025-ES1,1800000.0,1800000.0,12600000.0,-10800000.0,1.8,12.6,-10.8,754270000.0,7722020000.0,0.002386413353308497,0.0002330996293715893,22,20,2,19
2025,2025/26,ES1,La Liga,368,Sevilla FC,2025-ES1-368,2025-ES1,0.0,0.0,55000000.0,-55000000.0,0.0,55.0,-55.0,754270000.0,7722020000.0,0.0,0.0,16,12,4,10
2025,2025/26,FR1,Ligue 1,667,RC Strasbourg Alsace,2025-FR1-667,2025-FR1,118500000.0,118500000.0,92200000.0,26300000.0,118.5,92.2,26.3,722010000.0,7722020000.0,0.16412515062118252,0.015345725600296296,38,36,2,36
2025,2025/26,FR1,Ligue 1,583,Paris Saint-Germain,2025-FR1-583,2025-FR1,111200000.0,111200000.0,64000000.0,47200000.0,111.2,64.0,47.2,722010000.0,7722020000.0,0.15401448733397044,0.014400377103400405,14,11,3,15
2025,2025/26,FR1,Ligue 1,244,Olympique Marseille,2025-FR1-244,2025-FR1,98950000.0,98950000.0,127500000.0,-28550000.0,98.95,127.5,-28.55,722010000.0,7722020000.0,0.1370479633246077,0.012814004625732645,27,26,1,33
2025,2025/26,FR1,Ligue 1,273,Stade Rennais FC,2025-FR1-273,2025-FR1,84500000.0,84500000.0,135900000.0,-51400000.0,84.5,135.9,-51.4,722010000.0,7722020000.0,0.1170343901054002,0.010942732601055164,24,21,3,33
2025,2025/26,FR1,Ligue 1,10004,Paris FC,2025-FR1-10004,2025-FR1,72300000.0,72300000.0,0.0,72300000.0,72.3,0.0,72.3,722010000.0,7722020000.0,0.10013711721444302,0.009362835113092171,14,14,0,5
2025,2025/26,FR1,Ligue 1,826,RC Lens,2025-FR1-826,2025-FR1,54450000.0,54450000.0,98500000.0,-44050000.0,54.45,98.5,-44.05,722010000.0,7722020000.0,0.07541446794365729,0.007051263788490576,39,29,10,30
2025,2025/26,FR1,Ligue 1,1082,LOSC Lille,2025-FR1-1082,2025-FR1,48000000.0,48000000.0,109600000.0,-61600000.0,48.0,109.6,-61.6,722010000.0,7722020000.0,0.06648107366933977,0.006215990116575715,21,19,2,18
2025,2025/26,FR1,Ligue 1,1041,Olympique Lyon,2025-FR1-1041,2025-FR1,47780000.0,47780000.0,110942000.0,-63162000.0,47.78,110.942,-63.162,722010000.0,7722020000.0,0.06617636874835528,0.006187500161874742,28,21,7,26
2025,2025/26,FR1,Ligue 1,417,OGC Nice,2025-FR1-417,2025-FR1,33680000.0,33680000.0,104000000.0,-70320000.0,33.68,104.0,-70.32,722010000.0,7722020000.0,0.04664755335798673,0.004361553065130626,23,17,6,19
2025,2025/26,FR1,Ligue 1,415,FC Toulouse,2025-FR1-415,2025-FR1,13150000.0,13150000.0,42500000.0,-29350000.0,13.15,42.5,-29.35,722010000.0,7722020000.0,0.01821304414066287,0.0017029222923535552,20,13,7,16
2025,2025/26,FR1,Ligue 1,162,AS Monaco,2025-FR1-162,2025-FR1,13000000.0,13000000.0,149570000.0,-136570000.0,13.0,149.57,-136.57,722010000.0,7722020000.0,0.018005290785446184,0.001683497323239256,14,9,5,15
2025,2025/26,FR1,Ligue 1,995,FC Nantes,2025-FR1-995,2025-FR1,6600000.0,6600000.0,39500000.0,-32900000.0,6.6,39.5,-32.9,722010000.0,7722020000.0,0.009141147629534217,0.0008546986410291607,25,21,4,22
2025,2025/26,FR1,Ligue 1,3911,Stade Brestois 29,2025-FR1-3911,2025-FR1,6100000.0,6100000.0,26300000.0,-20200000.0,6.1,26.3,-20.2,722010000.0,7722020000.0,0.008448636445478594,0.000789948743981497,13,10,3,13
2025,2025/26,FR1,Ligue 1,290,AJ Auxerre,2025-FR1-290,2025-FR1,5850000.0,5850000.0,20500000.0,-14650000.0,5.85,20.5,-14.65,722010000.0,7722020000.0,0.008102380853450783,0.0007575737954576652,15,13,2,12
2025,2025/26,FR1,Ligue 1,347,FC Metz,2025-FR1-347,2025-FR1,5750000.0,5750000.0,26600000.0,-20850000.0,5.75,26.6,-20.85,722010000.0,7722020000.0,0.007963878616639658,0.0007446238160481325,24,14,10,18
2025,2025/26,FR1,Ligue 1,1158,FC Lorient,2025-FR1-1158,2025-FR1,2200000.0,2200000.0,2800000.0,-600000.0,2.2,2.8,-0.6,722010000.0,7722020000.0,0.003047049209844739,0.00028489954700972026,9,9,0,9
2025,2025/26,FR1,Ligue 1,738,Le Havre AC,2025-FR1-738,2025-FR1,0.0,0.0,1000000.0,-1000000.0,0.0,1.0,-1.0,722010000.0,7722020000.0,0.0,0.0,22,16,6,18
2025,2025/26,FR1,Ligue 1,1420,Angers SCO,2025-FR1-1420,2025-FR1,0.0,0.0,16250000.0,-16250000.0,0.0,16.25,-16.25,722010000.0,7722020000.0,0.0,0.0,13,7,6,11
2025,2025/26,GB1,Premier League,31,Liverpool FC,2025-GB1-31,2025-GB1,481350000.0,481350000.0,216000000.0,265350000.0,481.35,216.0,265.35,3996220000.0,7722020000.0,0.12045132650354586,0.06233472588778584,14,11,3,11
2025,2025/26,GB1,Premier League,631,Chelsea FC,2025-GB1-631,2025-GB1,336850000.0,336850000.0,318450000.0,18400000.0,336.85,318.45,18.4,3996220000.0,7722020000.0,0.08429215608750269,0.04362200564101103,24,23,1,29
2025,2025/26,GB1,Premier League,281,Manchester City,2025-GB1-281,2025-GB1,301800000.0,301800000.0,106280000.0,195520000.0,301.8,106.28,195.52,3996220000.0,7722020000.0,0.07552136769246938,0.03908303785796981,20,19,1,20
2025,2025/26,GB1,Premier League,11,Arsenal FC,2025-GB1-11,2025-GB1,294600000.0,294600000.0,10380000.0,284220000.0,294.6,10.38,284.22,3996220000.0,7722020000.0,0.07371966508350392,0.03815063934048345,15,14,1,15
2025,2025/26,GB1,Premier League,762,Newcastle United,2025-GB1-762,2025-GB1,274250000.0,274250000.0,176000000.0,98250000.0,274.25,176.0,98.25,3996220000.0,7722020000.0,0.06862735284844178,0.03551531853064353,13,11,2,14
2025,2025/26,GB1,Premier League,148,Tottenham Hotspur,2025-GB1-148,2025-GB1,260600000.0,260600000.0,81500000.0,179100000.0,260.6,81.5,179.1,3996220000.0,7722020000.0,0.06521162498561141,0.03374764634124232,21,21,0,18
2025,2025/26,GB1,Premier League,985,Manchester United,2025-GB1-985,2025-GB1,250700000.0,250700000.0,68200000.0,182500000.0,250.7,68.2,182.5,3996220000.0,7722020000.0,0.06273428389828388,0.032465598379698576,18,15,3,14
2025,2025/26,GB1,Premier League,703,Nottingham Forest,2025-GB1-703,2025-GB1,236980000.0,236980000.0,126400000.0,110580000.0,236.98,126.4,110.58,3996220000.0,7722020000.0,0.05930103948231078,0.030688861204710684,24,23,1,24
2025,2025/26,GB1,Premier League,289,Sunderland AFC,2025-GB1-289,2025-GB1,213440000.0,213440000.0,45000000.0,168440000.0,213.44,45.0,168.44,3996220000.0,7722020000.0,0.05341047289688756,0.027640436051706678,26,25,1,13
2025,2025/26,GB1,Premier League,379,West Ham United,2025-GB1-379,2025-GB1,198100000.0,198100000.0,145000000.0,53100000.0,198.1,145.0,53.1,3996220000.0,7722020000.0,0.04957184539389723,0.025653909210284355,25,20,5,23
2025,2025/26,GB1,Premier League,989,AFC Bournemouth,2025-GB1-989,2025-GB1,177100000.0,177100000.0,307450000.0,-130350000.0,177.1,307.45,-130.35,3996220000.0,7722020000.0,0.04431687945108127,0.02293441353428248,21,20,1,22
2025,2025/26,GB1,Premier League,873,Crystal Palace,2025-GB1-873,2025-GB1,145000000.0,145000000.0,97150000.0,47850000.0,145.0,97.15,47.85,3996220000.0,7722020000.0,0.03628428865277687,0.018777470143822472,17,15,2,18
2025,2025/26,GB1,Premier League,1132,Burnley FC,2025-GB1-1132,2025-GB1,129500000.0,129500000.0,34200000.0,95300000.0,129.5,34.2,95.3,3996220000.0,7722020000.0,0.03240562331403176,0.0167702233353449,24,23,1,19
2025,2025/26,GB1,Premier League,29,Everton FC,2025-GB1-29,2025-GB1,127750000.0,127750000.0,12600000.0,115150000.0,127.75,12.6,115.15,3996220000.0,7722020000.0,0.03196770948546376,0.016543598695678074,13,11,2,14
2025,2025/26,GB1,Premier League,543,Wolverhampton Wanderers,2025-GB1-543,2025-GB1,125600000.0,125600000.0,230200000.0,-104600000.0,125.6,230.2,-104.6,3996220000.0,7722020000.0,0.031429701067508795,0.01626517413837312,19,18,1,25
2025,2025/26,GB1,Premier League,399,Leeds United,2025-GB1-399,2025-GB1,113700000.0,113700000.0,6000000.0,107700000.0,113.7,6.0,107.7,3996220000.0,7722020000.0,0.028451887033246418,0.014724126588638723,17,17,0,10
2025,2025/26,GB1,Premier League,1148,Brentford FC,2025-GB1-1148,2025-GB1,108700000.0,108700000.0,158760000.0,-50060000.0,108.7,158.76,-50.06,3996220000.0,7722020000.0,0.027200704665909285,0.014076627618162087,18,15,3,16
2025,2025/26,GB1,Premier League,1237,Brighton & Hove Albion,2025-GB1-1237,2025-GB1,80000000.0,80000000.0,136850000.0,-56850000.0,80.0,136.85,-56.85,3996220000.0,7722020000.0,0.020018917877394137,0.01035998352762619,27,25,2,29
2025,2025/26,GB1,Premier League,931,Fulham FC,2025-GB1-931,2025-GB1,71700000.0,71700000.0,19300000.0,52400000.0,71.7,19.3,52.4,3996220000.0,7722020000.0,0.017941955147614496,0.009285135236634974,9,9,0,11
2025,2025/26,GB1,Premier League,405,Aston Villa,2025-GB1-405,2025-GB1,68500000.0,68500000.0,45150000.0,23350000.0,68.5,45.15,23.35,3996220000.0,7722020000.0,0.01714119843251873,0.008870735895529926,21,20,1,18
2025,2025/26,IT1,Serie A,5,AC Milan,2025-IT1-5,2025-IT1,157000000.0,157000000.0,168500000.0,-11500000.0,157.0,168.5,-11.5,1325870000.0,7722020000.0,0.11841281573608273,0.0203314676729664,25,23,2,25
2025,2025/26,IT1,Serie A,800,Atalanta BC,2025-IT1-800,2025-IT1,144700000.0,144700000.0,133050000.0,11650000.0,144.7,133.05,11.65,1325870000.0,7722020000.0,0.10913588813382911,0.018738620205593873,19,18,1,18
2025,2025/26,IT1,Serie A,506,Juventus FC,2025-IT1-506,2025-IT1,133400000.0,133400000.0,80100000.0,53300000.0,133.4,80.1,53.3,1325870000.0,7722020000.0,0.10061318228785628,0.017275272532316675,19,19,0,19
2025,2025/26,IT1,Serie A,1047,Como 1907,2025-IT1-1047,2025-IT1,123440000.0,123440000.0,10500000.0,112940000.0,123.44,10.5,112.94,1325870000.0,7722020000.0,0.09310113359529969,0.015985454583127213,36,36,0,33
2025,2025/26,IT1,Serie A,6195,SSC Napoli,2025-IT1-6195,2025-IT1,112000000.0,112000000.0,120400000.0,-8400000.0,112.0,120.4,-8.4,1325870000.0,7722020000.0,0.08447283670344755,0.014503976938676668,32,32,0,31
2025,2025/26,IT1,Serie A,430,ACF Fiorentina,2025-IT1-430,2025-IT1,89885000.0,89885000.0,61860000.0,28025000.0,89.885,61.86,28.025,1325870000.0,7722020000.0,0.06779322256329806,0.011640088992258503,34,31,3,29
2025,2025/26,IT1,Serie A,46,Inter Milan,2025-IT1-46,2025-IT1,88400000.0,88400000.0,44250000.0,44150000.0,88.4,44.25,44.15,1325870000.0,7722020000.0,0.0666732032552211,0.01144778179802694,14,14,0,19
2025,2025/26,IT1,Serie A,12,Associazione Sportiva Roma,2025-IT1-12,2025-IT1,77100000.0,77100000.0,59250000.0,17850000.0,77.1,59.25,17.85,1325870000.0,7722020000.0,0.05815049740924827,0.009984434124749742,22,22,0,24
2025,2025/26,IT1,Serie A,398,Società Sportiva Lazio S.p.A.,2025-IT1-398,2025-IT1,69860000.0,69860000.0,81900000.0,-12040000.0,69.86,81.9,-12.04,1325870000.0,7722020000.0,0.05268993189377541,0.009046855615499571,18,18,0,17
2025,2025/26,IT1,Serie A,1025,Bologna Football Club 1909,2025-IT1-1025,2025-IT1,56500000.0,56500000.0,84700000.0,-28200000.0,56.5,84.7,-28.2,1325870000.0,7722020000.0,0.04261352922986417,0.007316738366385998,26,25,1,25
2025,2025/26,IT1,Serie A,130,Parma Calcio 1913,2025-IT1-130,2025-IT1,47320000.0,47320000.0,84550000.0,-37230000.0,47.32,84.55,-37.23,1325870000.0,7722020000.0,0.03568977350720659,0.006127930256590892,18,17,1,25
2025,2025/26,IT1,Serie A,1390,Cagliari Calcio,2025-IT1-1390,2025-IT1,39800000.0,39800000.0,42900000.0,-3100000.0,39.8,42.9,-3.1,1325870000.0,7722020000.0,0.030018025899975112,0.00515409180499403,31,26,5,28
2025,2025/26,IT1,Serie A,410,Udinese Calcio,2025-IT1-410,2025-IT1,35700000.0,35700000.0,84850000.0,-49150000.0,35.7,84.85,-49.15,1325870000.0,7722020000.0,0.026925716699223907,0.004623142649203188,30,29,1,29
2025,2025/26,IT1,Serie A,6574,US Sassuolo,2025-IT1-6574,2025-IT1,34600000.0,34600000.0,4550000.0,30050000.0,34.6,4.55,30.05,1325870000.0,7722020000.0,0.026096072767315046,0.004480692875698328,20,20,0,17
2025,2025/26,IT1,Serie A,276,Hellas Verona,2025-IT1-276,2025-IT1,26450000.0,26450000.0,27000000.0,-550000.0,26.45,27.0,-0.55,1325870000.0,7722020000.0,0.019949165453626676,0.0034252695538214096,36,33,3,29
2025,2025/26,IT1,Serie A,4172,Pisa Sporting Club,2025-IT1-4172,2025-IT1,26400000.0,26400000.0,0.0,26400000.0,26.4,0.0,26.4,1325870000.0,7722020000.0,0.019911454365812636,0.003418794564116643,18,17,1,14
2025,2025/26,IT1,Serie A,1005,US Lecce,2025-IT1-1005,2025-IT1,20055000.0,20055000.0,29200000.0,-9145000.0,20.055,29.2,-9.145,1325870000.0,7722020000.0,0.015125917322211076,0.0025971183705817908,19,19,0,19
2025,2025/26,IT1,Serie A,2239,US Cremonese,2025-IT1-2239,2025-IT1,19700000.0,19700000.0,1600000.0,18100000.0,19.7,1.6,18.1,1325870000.0,7722020000.0,0.0148581685987314,0.0025511459436779495,22,22,0,16
2025,2025/26,IT1,Serie A,416,Torino FC,2025-IT1-416,2025-IT1,15860000.0,15860000.0,26600000.0,-10740000.0,15.86,26.6,-10.74,1325870000.0,7722020000.0,0.011961957054613198,0.0020538667343518923,21,20,1,22
2025,2025/26,IT1,Serie A,252,Genoa CFC,2025-IT1-252,2025-IT1,7700000.0,7700000.0,56000000.0,-48300000.0,7.7,56.0,-48.3,1325870000.0,7722020000.0,0.005807507523362019,0.0009971484145340208,21,20,1,27
